CODIGO_RUC,nombre_empresa_1a,n_obras_asociadas_1a,n_registros_1a,es_consorcio,flag_sancionadas_tce,flag_inhabilitadas_pj,flag_sancionadas_rnp,flag_inhabilitadas_rnp,flag_impedidas_rnp,nombre_empresa_2a,capacidad_maxima_contratacion,capacidad_libre_contratacion,estado_empresa,condicion_empresa,numero_sanciones_tce,numero_sanciones_rnp,flag_fecha_constitucion_alerta,flag_ley_selva_alerta,flag_accionistas_alerta,n_obras_representante,n_representantes_legales,representante_legal_principal,NOMBRE_EMPRESA,risk_score_proxy,y_riesgo_empresa_4niveles,n_vinculos_total,n_contrapartes_unicas,n_veces_ganador,n_veces_participante,ratio_ganador,ratio_participante,n_registros_hora_oferta,n_horas_oferta_distintas,hora_oferta_moda
10001046191,CONSULTORES ASOCIADOS DEL ORIENTE,1,1,1,0,0,0,0,0,CONSULTORES ASOCIADOS DEL ORIENTE,,0.0,ACTIVO,HABIDO,0,0,0,0,0,,,,CONSULTORES ASOCIADOS DEL ORIENTE,0,0,19,13,9,10,0.47368421052631576,0.5263157894736842,0.0,0.0,
10011010534,DELGADO VASQUEZ GEICEN BLADISLAV(*),1,1,1,0,0,0,0,0,DELGADO VASQUEZ GEICEN BLADISLAV(*),,0.0,ACTIVO,HABIDO,0,0,0,0,0,,,,DELGADO VASQUEZ GEICEN BLADISLAV(*),0,0,17,15,15,2,0.8823529411764706,0.11764705882352941,0.0,0.0,
10011217104,CONSORCIO CONSULTOR B3,1,1,1,0,0,0,0,0,CONSORCIO CONSULTOR B3,,0.0,ACTIVO,HABIDO,0,0,0,0,0,1.0,2.0,SIMON MUCHA MONICA LUZ,CONSORCIO CONSULTOR B3,0,0,26,23,20,6,0.7692307692307693,0.23076923076923078,0.0,0.0,
10011600447,CHAVEZ BRAVO DAGOBERTO,1,1,0,0,0,0,0,0,CHAVEZ BRAVO DAGOBERTO,,0.0,ACTIVO,HABIDO,0,0,0,0,0,,,,CHAVEZ BRAVO DAGOBERTO,0,0,4,3,1,3,0.25,0.75,0.0,0.0,
10020343112,TICONA VARGAS TOMAS(*),3,3,1,0,0,0,0,0,TICONA VARGAS TOMAS(*),,0.0,ACTIVO,HABIDO,0,0,0,0,0,2.0,1.0,BECERRA GUEVARA RICARDO LENIN,TICONA VARGAS TOMAS(*),0,0,28,15,19,9,0.6785714285714286,0.32142857142857145,0.0,0.0,
10021511116,ROJAS MAMANI DIONISIO(*),4,4,1,0,0,0,0,0,ROJAS MAMANI DIONISIO(*),,0.0,ACTIVO,HABIDO,0,0,0,0,0,1.0,3.0,LUCEN CHAVEZ JORGE ENRIQUE,ROJAS MAMANI DIONISIO(*),0,0,36,13,25,11,0.6944444444444444,0.3055555555555556,0.0,0.0,
10024475005,CONSORCIO SUPERVISION ACROMEL,1,1,1,0,0,0,0,0,CONSORCIO SUPERVISION ACROMEL,,0.0,ACTIVO,HABIDO,0,0,0,0,0,,,,CONSORCIO SUPERVISION ACROMEL,0,0,14,11,9,5,0.6428571428571429,0.35714285714285715,0.0,0.0,
10031271369,CALLE RENTERIA VICTOR AUGUSTO(*),1,1,1,0,0,0,0,0,CALLE RENTERIA VICTOR AUGUSTO(*),,0.0,ACTIVO,HABIDO,0,0,0,0,0,,,,CALLE RENTERIA VICTOR AUGUSTO(*),0,0,10,7,2,8,0.2,0.8,0.0,0.0,
10034844262,CONSORCIO CHECASULLU,1,1,1,0,0,0,0,0,CONSORCIO CHECASULLU,,0.0,ACTIVO,HABIDO,0,0,0,0,0,,,,CONSORCIO CHECASULLU,0,0,6,4,4,2,0.6666666666666666,0.3333333333333333,0.0,0.0,
10050716606,MAMANI TTITO VIDAL AMERICO,1,1,0,0,0,0,0,0,MAMANI TTITO VIDAL AMERICO,,0.0,ACTIVO,HABIDO,0,0,0,0,0,,,,MAMANI TTITO VIDAL AMERICO,0,0,12,10,5,7,0.4166666666666667,0.5833333333333334,0.0,0.0,
10053721350,PEÑA CORAL FERNANDO(*),3,3,1,0,0,0,0,0,PEÑA CORAL FERNANDO(*),,0.0,ACTIVO,HABIDO,0,0,0,0,0,2.0,3.0,CASTILLO DIAZ ORLANDO,PEÑA CORAL FERNANDO(*),0,0,38,28,28,10,0.7368421052631579,0.2631578947368421,1.0,1.0,8:30
10060786581,REYES MORAN OSCAR IGNACIO(*),1,1,1,0,0,0,0,0,REYES MORAN OSCAR IGNACIO(*),,0.0,ACTIVO,HABIDO,0,0,0,0,0,1.0,1.0,MENOR BALLADARES ENRIQUE,REYES MORAN OSCAR IGNACIO(*),0,0,8,6,6,2,0.75,0.25,0.0,0.0,
10062352529,RIOS PADILLA ANA BERTHA(*),1,1,1,0,0,0,0,0,RIOS PADILLA ANA BERTHA(*),,0.0,ACTIVO,HABIDO,0,0,0,1,0,,,,RIOS PADILLA ANA BERTHA(*),1,1,11,9,7,4,0.6363636363636364,0.36363636363636365,0.0,0.0,
10070675043,CONSORCIO SAN JOSE,2,2,1,0,0,0,0,0,CONSORCIO SAN JOSE,,0.0,ACTIVO,HABIDO,0,0,0,0,0,1.0,1.0,VILA CELAYA JOSE MANUEL,CONSORCIO SAN JOSE,0,0,19,13,14,5,0.7368421052631579,0.2631578947368421,0.0,0.0,
10071641274,CONSORCIO SUPERVISOR ALPHA,1,1,1,0,0,0,0,0,CONSORCIO SUPERVISOR ALPHA,,0.0,ACTIVO,HABIDO,0,0,0,0,0,1.0,2.0,CONDORHUAMAN SUPA JESUS DANIEL,CONSORCIO SUPERVISOR ALPHA,0,0,12,9,8,4,0.6666666666666666,0.3333333333333333,0.0,0.0,
10073875299,CONSORCIO CONSULTOR AQUA LURÍN,1,1,1,0,0,0,0,0,CONSORCIO CONSULTOR AQUA LURÍN,,0.0,ACTIVO,NO HALLADO,0,0,0,0,0,,,,CONSORCIO CONSULTOR AQUA LURÍN,0,0,13,11,10,3,0.7692307692307693,0.23076923076923078,0.0,0.0,
10075332730,FIGUEROA CORNEJO JORGE ERNESTO(*),1,1,1,0,0,0,0,0,FIGUEROA CORNEJO JORGE ERNESTO(*),,0.0,ACTIVO,HABIDO,0,0,0,0,0,,,,FIGUEROA CORNEJO JORGE ERNESTO(*),0,0,4,2,2,2,0.5,0.5,1.0,1.0,8:30
10076050134,CONSORCIO MONARCA,1,1,1,0,0,0,0,0,CONSORCIO MONARCA,,0.0,BAJA DE OFICIO,HABIDO,0,0,0,0,0,,,,CONSORCIO MONARCA,0,0,11,8,3,8,0.2727272727272727,0.7272727272727273,0.0,0.0,
10079403402,CONSORCIO TACNA,2,2,1,0,0,0,0,0,CONSORCIO TACNA,,0.0,ACTIVO,HABIDO,0,0,0,0,0,2.0,1.0,CANGO CORO DILANIA,CONSORCIO TACNA,0,0,24,17,19,5,0.7916666666666666,0.20833333333333334,0.0,0.0,
10081070062,ZAVALA LAGOS VICTOR HUGO(*),1,1,1,0,0,0,0,0,ZAVALA LAGOS VICTOR HUGO(*),,0.0,ACTIVO,HABIDO,0,0,0,0,0,,,,ZAVALA LAGOS VICTOR HUGO(*),0,0,14,12,10,4,0.7142857142857143,0.2857142857142857,0.0,0.0,
10082789371,CONSORCIO CUMANÁ,2,2,1,0,0,0,0,0,ROMAN VASQUEZ BENITO URIBE,,0.0,ACTIVO,HABIDO,0,0,0,0,0,,,,CONSORCIO CUMANÁ,0,0,7,3,4,3,0.5714285714285714,0.42857142857142855,0.0,0.0,
10084453159,CONSORCIO CONSULTOR EL SAUCE,1,1,1,0,0,0,0,0,CONSORCIO CONSULTOR EL SAUCE,,0.0,ACTIVO,HABIDO,0,0,0,0,0,1.0,1.0,PADILLA PINCHI NATALY ROOS,CONSORCIO CONSULTOR EL SAUCE,0,0,6,4,4,2,0.6666666666666666,0.3333333333333333,0.0,0.0,
10085832943,CONSORCIO SUPERVISION QUIÑONES ET,1,1,1,0,0,0,0,0,CONSORCIO SUPERVISION QUIÑONES ET,,0.0,ACTIVO,HABIDO,0,0,0,0,0,,,,CONSORCIO SUPERVISION QUIÑONES ET,0,0,4,2,2,2,0.5,0.5,0.0,0.0,
10086838228,CONSORCIO CONSULTOR CARRION ,1,1,1,0,0,0,0,0,CONSORCIO CONSULTOR CARRION ,,0.0,ACTIVO,HABIDO,0,0,0,0,0,1.0,6.0,HUADO AVALOS MARCO ANTONIO,CONSORCIO CONSULTOR CARRION ,0,0,24,16,10,14,0.4166666666666667,0.5833333333333334,0.0,0.0,
10096049671,FERNANDEZ PERALTA WALTER MARCOS,1,1,0,0,0,0,0,0,FERNANDEZ PERALTA WALTER MARCOS,,0.0,ACTIVO,HABIDO,0,0,0,0,0,,,,FERNANDEZ PERALTA WALTER MARCOS,0,0,6,5,5,1,0.8333333333333334,0.16666666666666666,0.0,0.0,
10097262603,CONSORCIO TINGO MARIA,1,1,1,0,0,0,0,0,CONSORCIO TINGO MARIA,,0.0,ACTIVO,HABIDO,0,0,0,0,0,1.0,6.0,PRUDENCIO ROBLES WILDE ARTURO,CONSORCIO TINGO MARIA,0,0,8,4,4,4,0.5,0.5,0.0,0.0,
10098008875,CONSORCIO SUPERVISOR SAN JOSE,1,1,1,0,0,0,0,0,CONSORCIO SUPERVISOR SAN JOSE,,0.0,ACTIVO,HABIDO,0,0,0,0,0,1.0,1.0,MARTINEZ MERINO WILSON JOSE,CONSORCIO SUPERVISOR SAN JOSE,0,0,6,4,4,2,0.6666666666666666,0.3333333333333333,0.0,0.0,
10099284680,CONSULTORES ASOCIADOS DEL ORIENTE,2,2,1,0,0,0,0,0,LAM CONSULTORES,500000.0,-9930445.6,ACTIVO,HABIDO,0,0,0,0,0,,,,CONSULTORES ASOCIADOS DEL ORIENTE,0,0,21,10,13,8,0.6190476190476191,0.38095238095238093,0.0,0.0,
10099563490,DE LA TORRE MORENO EDUARD EFRAIN(*),3,3,1,0,0,0,0,0,DE LA TORRE MORENO EDUARD EFRAIN(*),,0.0,ACTIVO,HABIDO,0,0,0,0,0,2.0,1.0,VILA CELAYA JOSE MANUEL,DE LA TORRE MORENO EDUARD EFRAIN(*),0,0,23,13,16,7,0.6956521739130435,0.30434782608695654,0.0,0.0,
10101999039,DEXTRE MORIMOTO EDUARDO RAUL(*),3,3,1,0,0,0,0,0,DEXTRE MORIMOTO EDUARDO RAUL(*),,0.0,ACTIVO,HABIDO,0,0,0,0,0,,,,DEXTRE MORIMOTO EDUARDO RAUL(*),0,0,33,16,17,16,0.5151515151515151,0.48484848484848486,0.0,0.0,
10108686869,CROVETTO APARICIO CARLOS ALBERTO,1,1,0,0,0,0,0,0,CROVETTO APARICIO CARLOS ALBERTO,,0.0,ACTIVO,HABIDO,0,0,0,0,0,,,,CROVETTO APARICIO CARLOS ALBERTO,0,0,2,1,1,1,0.5,0.5,0.0,0.0,
10156781059,ESPIRITU GALVEZ JUAN DEMETRIO,1,1,0,0,0,0,0,0,ESPIRITU GALVEZ JUAN DEMETRIO,,0.0,ACTIVO,HABIDO,0,0,0,0,0,,,,ESPIRITU GALVEZ JUAN DEMETRIO,0,0,6,5,3,3,0.5,0.5,0.0,0.0,
10165700541,FERNANDEZ IDROGO SEGUNDO GRIMANIEL,3,3,1,0,0,0,0,0,FERNANDEZ IDROGO SEGUNDO GRIMANIEL(*),,0.0,ACTIVO,HABIDO,0,0,0,0,0,2.0,4.0,QUIROZ AYASTA FERNANDO,FERNANDEZ IDROGO SEGUNDO GRIMANIEL,0,0,82,68,63,19,0.7682926829268293,0.23170731707317074,0.0,0.0,
10166135899,BARBOZA ALCANTARA ENRIQUE,2,2,1,0,0,0,0,0,CONSORCIO SUPERVISOR AGUA,600000.0,600000.0,ACTIVO,HABIDO,0,0,0,0,0,1.0,6.0,ROMERO AMPUERO WILMAR RAUL,BARBOZA ALCANTARA ENRIQUE,0,0,107,73,99,8,0.9252336448598131,0.07476635514018691,0.0,0.0,
10166241141,CUBAS RUIZ JORGE NAPOLEON,1,1,0,0,0,0,0,0,CUBAS RUIZ JORGE NAPOLEON,43395440.18,24687858.02,ACTIVO,HABIDO,0,0,0,1,0,,,,CUBAS RUIZ JORGE NAPOLEON,1,1,27,26,26,1,0.9629629629629629,0.037037037037037035,0.0,0.0,
10167259702,CRUZ DAVILA MANUEL ANTONIO(*),1,1,1,0,0,0,0,0,CRUZ DAVILA MANUEL ANTONIO(*),,0.0,ACTIVO,HABIDO,0,0,0,0,0,1.0,2.0,PIZARRO ROMERO KATIA BEATRIZ,CRUZ DAVILA MANUEL ANTONIO(*),0,0,5,3,2,3,0.4,0.6,1.0,1.0,15:00
10175354374,MONTALVAN BERNAL WALTER JAVIER(*),2,2,1,0,0,0,0,0,MONTALVAN BERNAL WALTER JAVIER(*),,0.0,ACTIVO,HABIDO,0,0,0,0,0,1.0,4.0,VASQUEZ DELGADO KRISTIAN NOE,MONTALVAN BERNAL WALTER JAVIER(*),0,0,19,13,8,11,0.42105263157894735,0.5789473684210527,0.0,0.0,
10175607604,CONSORCIO JOAQUIN,1,1,1,0,0,0,0,0,CONSORCIO JOAQUIN,2032217.52,2032217.52,ACTIVO,HABIDO,0,0,0,0,0,,,,CONSORCIO JOAQUIN,0,0,5,3,3,2,0.6,0.4,0.0,0.0,
10178959251,CONSORCIO SUPERVISOR AREQUIPA,1,1,1,0,0,0,0,0,CONSORCIO SUPERVISOR AREQUIPA,,0.0,ACTIVO,HABIDO,0,0,0,0,0,1.0,3.0,VASQUEZ HUARCAYA DANY MANUEL,CONSORCIO SUPERVISOR AREQUIPA,0,0,9,5,4,5,0.4444444444444444,0.5555555555555556,0.0,0.0,
10181403212,CONSORCIO CARMELO,1,1,1,0,0,0,0,0,CONSORCIO CARMELO,,0.0,ACTIVO,HABIDO,0,0,0,0,0,,,,CONSORCIO CARMELO,0,0,4,2,2,2,0.5,0.5,0.0,0.0,
10181420761,VELARDE SAGASTEGUI JUAN STALIN(*),1,1,1,0,0,0,0,0,VELARDE SAGASTEGUI JUAN STALIN(*),,0.0,ACTIVO,HABIDO,0,0,0,0,0,1.0,2.0,CONDORHUAMAN SUPA JESUS DANIEL,VELARDE SAGASTEGUI JUAN STALIN(*),0,0,17,13,7,10,0.4117647058823529,0.5882352941176471,0.0,0.0,
10182053321,RAFAEL LEAN FERNANDO(*),3,3,1,0,1,0,0,0,RAFAEL LEAN FERNANDO(*),,0.0,ACTIVO,HABIDO,0,0,0,0,0,,,,RAFAEL LEAN FERNANDO(*),3,2,27,12,17,10,0.6296296296296297,0.37037037037037035,0.0,0.0,
10199424039,TOVAR HUANCA ELMER RAUL,1,1,0,0,0,0,0,0,TOVAR HUANCA ELMER RAUL,,0.0,ACTIVO,HABIDO,0,0,0,0,0,,,,TOVAR HUANCA ELMER RAUL,0,0,4,3,3,1,0.75,0.25,0.0,0.0,
10200447331,CONSORCIO CHECA CONSULTORES,2,2,1,0,1,0,0,0,CONSORCIO SUPERVISOR ALPHA,,0.0,ACTIVO,HABIDO,0,0,0,0,0,2.0,2.0,CONDORHUAMAN SUPA JESUS DANIEL,CONSORCIO CHECA CONSULTORES,3,2,27,18,15,12,0.5555555555555556,0.4444444444444444,0.0,0.0,
10200957721,CONSORCIO SUPERVISOR MINECON,1,1,1,0,0,0,0,0,CONSORCIO SUPERVISOR MINECON,,0.0,ACTIVO,HABIDO,0,0,0,0,0,,,,CONSORCIO SUPERVISOR MINECON,0,0,6,4,2,4,0.3333333333333333,0.6666666666666666,0.0,0.0,
10214241400,BORDA OSORIO JUAN FERNANDO,1,1,0,0,0,0,0,0,BORDA OSORIO JUAN FERNANDO,,0.0,ACTIVO,HABIDO,0,0,0,0,0,,,,BORDA OSORIO JUAN FERNANDO,0,0,2,1,1,1,0.5,0.5,0.0,0.0,
10214267204,YAÑEZ RODRIGUEZ JESUS DANIEL,1,1,0,0,1,0,0,0,YAÑEZ RODRIGUEZ JESUS DANIEL,,0.0,ACTIVO,HABIDO,0,0,0,0,0,,,,YAÑEZ RODRIGUEZ JESUS DANIEL,3,2,10,7,7,3,0.7,0.3,0.0,0.0,
10215363011,MARCILLA MIRANDA MARIANO PERCY,1,1,0,0,0,0,0,0,MARCILLA MIRANDA MARIANO PERCY,,0.0,ACTIVO,HABIDO,0,0,0,0,0,,,,MARCILLA MIRANDA MARIANO PERCY,0,0,9,8,8,1,0.8888888888888888,0.1111111111111111,0.0,0.0,
10220763001,HUAYHUA ESPINOZA FELICIANO(*),1,1,1,0,0,0,0,0,HUAYHUA ESPINOZA FELICIANO(*),,0.0,ACTIVO,HABIDO,0,0,0,0,0,,,,HUAYHUA ESPINOZA FELICIANO(*),0,0,5,3,3,2,0.6,0.4,0.0,0.0,
10225080530,MARTINEZ QUISPE JULIO VICTOR,1,1,0,0,0,0,0,0,MARTINEZ QUISPE JULIO VICTOR,,0.0,ACTIVO,HABIDO,0,0,0,0,0,,,,MARTINEZ QUISPE JULIO VICTOR,0,0,10,8,8,2,0.8,0.2,0.0,0.0,
10238544608,AEDO BELLOTA LUIS DAVID,1,1,0,0,0,0,0,0,AEDO BELLOTA LUIS DAVID,,0.0,ACTIVO,HABIDO,0,0,0,0,0,,,,AEDO BELLOTA LUIS DAVID,0,0,2,1,1,1,0.5,0.5,0.0,0.0,
10238827928,CONSORCIO VIAL CAYLLOMA,1,1,1,0,0,0,0,0,CONSORCIO VIAL CAYLLOMA,,0.0,ACTIVO,HABIDO,0,0,0,0,0,,,,CONSORCIO VIAL CAYLLOMA,0,0,4,2,2,2,0.5,0.5,1.0,1.0,8:30
10239167271,MIRANDA FARFAN SAMUEL,2,2,1,0,0,0,0,0,MIRANDA FARFAN SAMUEL(*),,0.0,ACTIVO,HABIDO,0,0,0,0,0,,,,MIRANDA FARFAN SAMUEL,0,0,12,7,7,5,0.5833333333333334,0.4166666666666667,0.0,0.0,
10239234840,CONSORCIO INGENIERIA DE PUENTES,1,1,1,0,0,0,0,0,CONSORCIO INGENIERIA DE PUENTES,,0.0,ACTIVO,HABIDO,0,0,0,0,0,,,,CONSORCIO INGENIERIA DE PUENTES,0,0,13,7,4,9,0.3076923076923077,0.6923076923076923,0.0,0.0,
10246727819,CHAMPI YANQUI LUIS,1,1,0,0,0,0,0,0,CHAMPI YANQUI LUIS,,0.0,ACTIVO,HABIDO,0,0,0,0,0,1.0,1.0,YIP AYALA MIGUEL ANGEL,CHAMPI YANQUI LUIS,0,0,16,12,11,5,0.6875,0.3125,0.0,0.0,
10255871124,BENDAYAN MIGUEL JOSE LUIS(*),1,1,1,0,0,0,1,0,BENDAYAN MIGUEL JOSE LUIS(*),,0.0,ACTIVO,HABIDO,0,0,0,0,0,1.0,1.0,PADILLA PINCHI NATALY ROOS,BENDAYAN MIGUEL JOSE LUIS(*),3,2,6,4,4,2,0.6666666666666666,0.3333333333333333,0.0,0.0,
10266263649,CONSORCIO AGUA,1,1,1,0,0,0,0,0,CONSORCIO AGUA,,0.0,ACTIVO,PENDIENTE,0,0,0,0,0,1.0,6.0,BECERRA RIVERA JORGE ENRIQUE,CONSORCIO AGUA,0,0,47,43,43,4,0.9148936170212766,0.0851063829787234,0.0,0.0,
10267161823,RODRIGUEZ PAJARES WILLIAM FREDY(*),3,3,1,0,0,0,0,0,RODRIGUEZ PAJARES WILLIAM FREDY(*),,0.0,ACTIVO,HABIDO,0,0,0,0,0,1.0,3.0,DUEÑAS BRAVO DAVID ROY,RODRIGUEZ PAJARES WILLIAM FREDY(*),0,0,28,16,17,11,0.6071428571428571,0.39285714285714285,1.0,1.0,9:00
10267226933,SUPERVISOR SAYTOCOHA,1,1,1,0,0,0,0,0,SUPERVISOR SAYTOCOHA,,0.0,ACTIVO,HABIDO,0,0,0,0,0,,,,SUPERVISOR SAYTOCOHA,0,0,11,8,4,7,0.36363636363636365,0.6363636363636364,1.0,1.0,9:00
10277185534,CONSORCIO COMPANY,1,1,1,0,0,0,0,0,CONSORCIO COMPANY,,0.0,ACTIVO,HABIDO,0,0,0,0,0,1.0,1.0,QUISPE MONDRAGON NILO NINIVE,CONSORCIO COMPANY,0,0,32,29,24,8,0.75,0.25,0.0,0.0,
10277207171,CASTRO LOPEZ EDWIN(*),1,1,1,0,0,0,0,0,CASTRO LOPEZ EDWIN(*),900000.0,900000.0,ACTIVO,HABIDO,0,0,0,0,0,,,,CASTRO LOPEZ EDWIN(*),0,0,5,3,3,2,0.6,0.4,0.0,0.0,
10282442243,BARRIENTOS QUISPE HENRI(*),2,2,1,0,0,0,0,0,BARRIENTOS QUISPE HENRI(*),,0.0,ACTIVO,HABIDO,0,0,0,0,0,1.0,2.0,TANTAPOMA CELESTINO CARLOS ENRIQUE,BARRIENTOS QUISPE HENRI(*),0,0,20,14,10,10,0.5,0.5,0.0,0.0,
10285910043,SGS,1,1,1,0,0,0,0,0,SGS,12743219.9,12743219.9,ACTIVO,HABIDO,0,0,0,0,0,1.0,9.0,PAULINO CABEZA ISIDORO NEON,SGS,0,0,68,46,41,27,0.6029411764705882,0.39705882352941174,0.0,0.0,
10296284322,CERRILLO PEZO LUZ VIOLETA(*),1,1,1,0,0,0,0,0,CERRILLO PEZO LUZ VIOLETA(*),,0.0,ACTIVO,HABIDO,0,0,0,0,0,,,,CERRILLO PEZO LUZ VIOLETA(*),0,0,7,5,5,2,0.7142857142857143,0.2857142857142857,0.0,0.0,
10296325886,MAMANI QUISPE JOSE LUIS,1,1,0,0,0,0,0,0,MAMANI QUISPE JOSE LUIS,,0.0,ACTIVO,HABIDO,0,0,0,0,0,,,,MAMANI QUISPE JOSE LUIS,0,0,2,1,1,1,0.5,0.5,0.0,0.0,
10296539967,ABARCA QUISPE AMILCAR(*),1,1,1,0,0,0,0,0,ABARCA QUISPE AMILCAR(*),,0.0,ACTIVO,HABIDO,0,0,0,0,0,,,,ABARCA QUISPE AMILCAR(*),0,0,4,2,2,2,0.5,0.5,1.0,1.0,8:30
10297077533,GUTIERREZ BORDA EDGAR ROBERT,1,1,0,0,0,0,0,0,GUTIERREZ BORDA EDGAR ROBERT,,0.0,ACTIVO,HABIDO,0,0,0,0,0,,,,GUTIERREZ BORDA EDGAR ROBERT,0,0,2,1,1,1,0.5,0.5,0.0,0.0,
10297108706,CONSORCIO ARDECO,1,1,1,0,0,0,0,0,CONSORCIO ARDECO,,0.0,ACTIVO,NO HALLADO,0,0,0,0,0,,,,CONSORCIO ARDECO,0,0,7,5,5,2,0.7142857142857143,0.2857142857142857,0.0,0.0,
10311863652,CONSORCIO IRRIGACION SISA,1,1,1,0,0,0,0,0,CONSORCIO IRRIGACION SISA,,0.0,ACTIVO,HABIDO,0,0,0,0,0,1.0,3.0,MARTINEZ ÑAHUI SAIDA CARMEN,CONSORCIO IRRIGACION SISA,0,0,4,2,2,2,0.5,0.5,0.0,0.0,
10316063484,CONSORCIO CONSULTORIA JAÉN,1,1,1,0,0,0,0,0,CONSORCIO CONSULTORIA JAÉN,,0.0,ACTIVO,HABIDO,0,0,0,0,0,,,,CONSORCIO CONSULTORIA JAÉN,0,0,7,5,4,3,0.5714285714285714,0.42857142857142855,0.0,0.0,
10316638215,CONSORCIO CHECA CONSULTORES,1,1,1,0,0,0,0,0,CONSORCIO CHECA CONSULTORES,,0.0,ACTIVO,HABIDO,0,0,0,0,0,1.0,2.0,CONDORHUAMAN SUPA SAUL WILMER,CONSORCIO CHECA CONSULTORES,0,0,19,14,7,12,0.3684210526315789,0.631578947368421,0.0,0.0,
10321254611,LEON ORDOÑEZ BRUMEL MISAEL,1,1,0,0,0,0,0,0,LEON ORDOÑEZ BRUMEL MISAEL,,0.0,ACTIVO,HABIDO,0,0,0,0,0,,,,LEON ORDOÑEZ BRUMEL MISAEL,0,0,2,1,1,1,0.5,0.5,0.0,0.0,
10329220805,CONSORCIO PROYECTO MANCHAY,1,1,1,0,0,0,0,0,CONSORCIO PROYECTO MANCHAY,,0.0,ACTIVO,HABIDO,0,0,0,0,0,,,,CONSORCIO PROYECTO MANCHAY,0,0,12,9,8,4,0.6666666666666666,0.3333333333333333,0.0,0.0,
10329618221,BOTELLO ALVA WALTER ALFREDO,1,1,0,0,0,0,0,0,BOTELLO ALVA WALTER ALFREDO,,0.0,ACTIVO,HABIDO,0,0,0,0,0,,,,BOTELLO ALVA WALTER ALFREDO,0,0,2,1,1,1,0.5,0.5,0.0,0.0,
10329838035,ESPINOSA ORELLANA JOHAN HUMBERTO(*),1,1,1,0,0,0,0,0,ESPINOSA ORELLANA JOHAN HUMBERTO(*),,0.0,ACTIVO,HABIDO,0,0,0,0,0,1.0,1.0,VIDAL PALOMINO MARITZA MARCELA,ESPINOSA ORELLANA JOHAN HUMBERTO(*),0,0,8,5,5,3,0.625,0.375,0.0,0.0,
10329924942,MARIN VILCHEZ JAVIER ALEXIS,1,1,0,0,0,0,0,0,MARIN VILCHEZ JAVIER ALEXIS,,0.0,ACTIVO,HABIDO,0,0,0,0,0,,,,MARIN VILCHEZ JAVIER ALEXIS,0,0,2,1,1,1,0.5,0.5,0.0,0.0,
10401312400,CONSORCIO WM HOSPITALES,1,1,1,0,0,0,0,0,CONSORCIO WM HOSPITALES,,0.0,ACTIVO,HABIDO,0,0,0,0,0,,,,CONSORCIO WM HOSPITALES,0,0,10,8,5,5,0.5,0.5,0.0,0.0,
10402087442,TEJEDA VASQUEZ ROBERTO MISAEL                                                                       ,1,1,0,0,0,0,0,0,TEJEDA VASQUEZ ROBERTO MISAEL                                                                       ,,0.0,ACTIVO,HABIDO,0,0,0,0,0,,,,TEJEDA VASQUEZ ROBERTO MISAEL                                                                       ,0,0,2,1,1,1,0.5,0.5,0.0,0.0,
10402362427,FLORES VILLANUEVA ROBERTO CARLOS(*),1,1,1,0,0,0,0,0,FLORES VILLANUEVA ROBERTO CARLOS(*),,0.0,ACTIVO,HABIDO,0,0,0,0,0,,,,FLORES VILLANUEVA ROBERTO CARLOS(*),0,0,6,4,4,2,0.6666666666666666,0.3333333333333333,0.0,0.0,
10404313598,CONSORCIO LAS REPRESAS,1,1,1,0,0,0,0,0,CONSORCIO LAS REPRESAS,,0.0,ACTIVO,HABIDO,0,0,0,0,0,1.0,2.0,HUERTAS JARA ALEXANDER PRIMITIVO,CONSORCIO LAS REPRESAS,0,0,29,24,5,24,0.1724137931034483,0.8275862068965517,0.0,0.0,
10404371865,MURRIETA CORIAT WESTLY REYNERIO(*),2,2,1,0,0,0,0,0,MURRIETA CORIAT WESTLY REYNERIO(*),,0.0,ACTIVO,HABIDO,0,0,0,0,0,,,,MURRIETA CORIAT WESTLY REYNERIO(*),0,0,11,6,7,4,0.6363636363636364,0.36363636363636365,0.0,0.0,
10408417479,CONSORCIO ESTUDIO F & J,4,4,1,0,0,0,0,0,CONSULTORES ASOCIADOS DEL ORIENTE,,0.0,ACTIVO,HABIDO,0,0,0,0,0,1.0,1.0,FLORES RUDAS NELLY MARISOL,CONSORCIO ESTUDIO F & J,0,0,46,30,32,14,0.6956521739130435,0.30434782608695654,0.0,0.0,
10409177579,RIBBECK CHUNGA JIMMY ROBERTH,1,1,0,0,0,0,0,0,RIBBECK CHUNGA JIMMY ROBERTH,,0.0,ACTIVO,HABIDO,0,0,0,0,0,,,,RIBBECK CHUNGA JIMMY ROBERTH,0,0,2,1,1,1,0.5,0.5,0.0,0.0,
10409229331,CONSORCIO LA PLOMADA,1,1,1,0,0,0,0,0,CONSORCIO LA PLOMADA,,0.0,ACTIVO,HABIDO,0,0,0,0,0,1.0,1.0,DAVILA AMASIFUEN JACK RANDY,CONSORCIO LA PLOMADA,0,0,4,2,2,2,0.5,0.5,0.0,0.0,
10410084827,SALINAS RETO PATRICIA INES,2,2,0,0,0,0,0,0,SALINAS RETO PATRICIA INES,,0.0,ACTIVO,HABIDO,0,0,0,0,0,,,,SALINAS RETO PATRICIA INES,0,0,5,2,3,2,0.6,0.4,0.0,0.0,
10413692682,CONSULTORES ASOCIADOS DEL ORIENTE,2,2,1,0,0,0,0,0,LAM CONSULTORES,,0.0,ACTIVO,HABIDO,0,0,0,1,0,,,,CONSULTORES ASOCIADOS DEL ORIENTE,1,1,21,10,13,8,0.6190476190476191,0.38095238095238093,0.0,0.0,
10416076702,DIOSES GARRIDO EDWIM FRANCISCO(*),1,1,1,0,0,0,0,0,DIOSES GARRIDO EDWIM FRANCISCO(*),,0.0,ACTIVO,HABIDO,0,0,0,0,0,,,,DIOSES GARRIDO EDWIM FRANCISCO(*),0,0,6,4,4,2,0.6666666666666666,0.3333333333333333,0.0,0.0,
10416449177,MENDOZA VIDAL CESAR AUGUSTO,3,3,0,0,0,0,0,0,MENDOZA VIDAL CESAR AUGUSTO,,0.0,ACTIVO,HABIDO,0,0,0,0,0,,,,MENDOZA VIDAL CESAR AUGUSTO,0,0,38,31,33,5,0.868421052631579,0.13157894736842105,0.0,0.0,
10417310245,CONSORCIO SUPERVISOR DEL SUR,1,1,1,0,0,0,0,0,CONSORCIO SUPERVISOR DEL SUR,,0.0,ACTIVO,HABIDO,0,0,0,0,0,1.0,4.0,PACCHA RUFASTO JOSE ROBERTO,CONSORCIO SUPERVISOR DEL SUR,0,0,11,8,4,7,0.36363636363636365,0.6363636363636364,0.0,0.0,
10421455304,PINEDA MENESES SAMUEL MOISES,1,1,0,0,0,0,0,0,PINEDA MENESES SAMUEL MOISES,,0.0,ACTIVO,HABIDO,0,0,0,0,0,,,,PINEDA MENESES SAMUEL MOISES,0,0,13,10,6,7,0.46153846153846156,0.5384615384615384,0.0,0.0,
10422448018,CONSORCIO VIAL DEL NORTE,1,1,1,0,0,0,0,0,CONSORCIO VIAL DEL NORTE,,0.0,ACTIVO,HABIDO,0,0,0,0,0,1.0,1.0,CHOLAN LLAJARUNA NELSON FREDDY,CONSORCIO VIAL DEL NORTE,0,0,4,2,2,2,0.5,0.5,0.0,0.0,
10423112099,CONSORCIO BETHEL,1,1,1,0,1,0,0,0,CONSORCIO BETHEL,,0.0,ACTIVO,HABIDO,0,0,0,0,0,1.0,1.0,FUSTAMANTE BENAVIDEZ CESAR ELADIO,CONSORCIO BETHEL,3,2,15,11,6,9,0.4,0.6,0.0,0.0,
10427430320,CONDOR CARHUAMACA JESUS ALEJANDRO(*),1,1,1,0,0,0,0,0,CONDOR CARHUAMACA JESUS ALEJANDRO(*),,0.0,ACTIVO,HABIDO,0,0,0,0,0,,,,CONDOR CARHUAMACA JESUS ALEJANDRO(*),0,0,4,2,2,2,0.5,0.5,0.0,0.0,
10431681931,SAAVEDRA HOLGUIN FRANCISCO JAVIER(*),2,2,1,0,0,0,0,0,SAAVEDRA HOLGUIN FRANCISCO JAVIER(*),,0.0,ACTIVO,HABIDO,0,0,0,0,0,,,,SAAVEDRA HOLGUIN FRANCISCO JAVIER(*),0,0,12,6,8,4,0.6666666666666666,0.3333333333333333,0.0,0.0,
10433574309,CONSORCIO Z2B,1,1,1,0,0,0,0,0,CONSORCIO Z2B,1220540.82,1220540.82,ACTIVO,HABIDO,0,0,0,0,0,,,,CONSORCIO Z2B,0,0,5,3,3,2,0.6,0.4,0.0,0.0,
10434381288,SUPERVISOR SAYTOCOHA,1,1,1,0,0,0,0,0,SUPERVISOR SAYTOCOHA,,0.0,ACTIVO,HABIDO,0,0,0,0,0,,,,SUPERVISOR SAYTOCOHA,0,0,7,4,4,3,0.5714285714285714,0.42857142857142855,1.0,1.0,9:00
10434632329,GAMARRA TUCO PAULO CESAR,1,1,0,0,0,0,0,0,GAMARRA TUCO PAULO CESAR,3784946.74,3784946.74,ACTIVO,HABIDO,0,0,0,0,0,,,,GAMARRA TUCO PAULO CESAR,0,0,6,5,5,1,0.8333333333333334,0.16666666666666666,0.0,0.0,
10444248535,CONSORCIO SUPERVISOR PUENTE AÑASHUAYCO,3,3,1,0,0,0,0,0,CONSORCIO SUPERVISOR PUENTE PACCHA,,0.0,ACTIVO,HABIDO,0,0,0,0,0,3.0,2.0,BECERRA GUEVARA RICARDO LENIN,CONSORCIO SUPERVISOR PUENTE AÑASHUAYCO,0,0,45,26,28,17,0.6222222222222222,0.37777777777777777,0.0,0.0,
10446381330,MENDOZA TERRONES ALEX VLADIMIR(*),1,1,1,0,0,0,0,0,MENDOZA TERRONES ALEX VLADIMIR(*),,0.0,ACTIVO,HABIDO,0,0,0,0,0,,,,MENDOZA TERRONES ALEX VLADIMIR(*),0,0,10,6,6,4,0.6,0.4,0.0,0.0,
10448235039,RIVERA FERNANDEZ EDSON(*),1,1,1,0,0,0,0,0,RIVERA FERNANDEZ EDSON(*),500000.0,500000.0,ACTIVO,HABIDO,0,0,0,0,0,1.0,2.0,SANTA CRUZ DIAZ YNGRID YURIDIA,RIVERA FERNANDEZ EDSON(*),0,0,18,12,6,12,0.3333333333333333,0.6666666666666666,0.0,0.0,
10453522542,POMA PUMACANCHARI JUAN IRWIN(*),2,2,1,0,0,0,0,0,POMA PUMACANCHARI JUAN IRWIN(*),,0.0,ACTIVO,HABIDO,0,0,0,0,0,,,,POMA PUMACANCHARI JUAN IRWIN(*),0,0,24,18,17,7,0.7083333333333334,0.2916666666666667,0.0,0.0,
10454278033,CONSORCIO KUNTUR,1,1,1,0,0,0,0,0,CONSORCIO KUNTUR,,0.0,ACTIVO,HABIDO,0,0,0,0,0,,,,CONSORCIO KUNTUR,0,0,18,11,6,12,0.3333333333333333,0.6666666666666666,0.0,0.0,
10700275260,CHAVARRIA COTRINA JOEL EFRAIN,1,1,0,0,0,0,0,0,CHAVARRIA COTRINA JOEL EFRAIN,,0.0,ACTIVO,HABIDO,0,0,0,0,0,,,,CHAVARRIA COTRINA JOEL EFRAIN,0,0,2,1,1,1,0.5,0.5,0.0,0.0,
10806675895,CONSORCIO SUPERVISOR DEL SUR,1,1,1,0,0,0,0,0,CONSORCIO SUPERVISOR DEL SUR,,0.0,ACTIVO,HABIDO,0,0,0,0,0,1.0,4.0,PACCHA HUAMANI PABLO ROBERTO,CONSORCIO SUPERVISOR DEL SUR,0,0,14,10,4,10,0.2857142857142857,0.7142857142857143,0.0,0.0,
20100153671,LAGESA INGENIEROS CONSULTORES S.A.,1,1,0,0,0,0,1,0,LAGESA INGENIEROS CONSULTORES S.A.,,0.0,ACTIVO,HABIDO,0,0,0,1,0,1.0,20.0,HIJAR DIAZ MARTHA MATILDE,LAGESA INGENIEROS CONSULTORES S.A.,4,2,37,27,26,11,0.7027027027027027,0.2972972972972973,0.0,0.0,
20100205816,CONSULTORA E INMOBILIARIA VOLCAN S A,1,1,0,0,0,0,0,0,CONSULTORA E INMOBILIARIA VOLCAN S A,,0.0,ACTIVO,HABIDO,0,0,0,0,0,1.0,1.0,RIVERA CHICATA JOSE LUIS,CONSULTORA E INMOBILIARIA VOLCAN S A,0,0,6,5,1,5,0.16666666666666666,0.8333333333333334,1.0,1.0,8:30
20100209137,OSCAR MANUEL DELGADO PUENTE DE LA VEGA S .C.R.L.(*),1,1,1,0,0,0,0,0,OSCAR MANUEL DELGADO PUENTE DE LA VEGA S .C.R.L.(*),113220245.2,113220245.2,ACTIVO,HABIDO,0,0,0,0,0,1.0,6.0,DELGADO CORRALES MANUEL,OSCAR MANUEL DELGADO PUENTE DE LA VEGA S .C.R.L.(*),0,0,6,4,4,2,0.6666666666666666,0.3333333333333333,0.0,0.0,
20100318696,HV CONTRATISTAS S.A.(*),2,2,1,0,0,0,1,0,HV CONTRATISTAS S.A.(*),526114164.0,-1894402107.0,ACTIVO,HABIDO,0,0,0,0,0,2.0,21.0,ZAVALA FLOREZ ESTRADA MARIA PIA,HV CONTRATISTAS S.A.(*),3,2,12,4,6,6,0.5,0.5,0.0,0.0,
20100333571,Consorcio Hospitalario Perú Centro,1,1,1,0,0,0,1,0,Consorcio Hospitalario Perú Centro,,0.0,ACTIVO,HABIDO,0,0,0,0,0,1.0,5.0,ECHANDIA MORENO DANITZA ZULEMA,Consorcio Hospitalario Perú Centro,3,2,10,6,4,6,0.4,0.6,0.0,0.0,
20100356270,GMI S A INGENIEROS CONSULTORES,2,2,0,0,0,0,0,0,GMI S A INGENIEROS CONSULTORES,,0.0,ACTIVO,HABIDO,0,0,0,0,0,2.0,25.0,HIGA AZAMA CLAUDIA PATRICIA,GMI S A INGENIEROS CONSULTORES,0,0,41,30,24,17,0.5853658536585366,0.4146341463414634,0.0,0.0,
20100878489,CORPORACION PERUANA DE INGENIERIA SOCIEDAD ANONIMA - CORPEI S.A.,3,3,1,0,0,0,1,0,CORPORACION PERUANA DE INGENIERIA SOCIEDAD ANONIMA - CORPEI S.A.(*),,0.0,ACTIVO,HABIDO,0,0,0,0,0,3.0,5.0,GARAYAR JURADO LUIS ORLANDO,CORPORACION PERUANA DE INGENIERIA SOCIEDAD ANONIMA - CORPEI S.A.,3,2,51,34,29,22,0.5686274509803921,0.43137254901960786,0.0,0.0,
20100913225,JNR CONSULTORES SOCIEDAD ANONIMA,1,1,0,0,0,0,1,0,JNR CONSULTORES SOCIEDAD ANONIMA,,0.0,ACTIVO,HABIDO,0,0,0,0,1,1.0,3.0,NORIEGA ROMERO ROXANA GUADALUPE,JNR CONSULTORES SOCIEDAD ANONIMA,4,2,15,13,13,2,0.8666666666666667,0.13333333333333333,1.0,1.0,10:00
20101029442,CONSORCIO BIOMEDICO VIDENA,1,1,1,0,1,0,1,0,CONSORCIO BIOMEDICO VIDENA,1739623883.0,1739623883.0,ACTIVO,HABIDO,0,0,0,0,0,1.0,9.0,WOLL PLENGE STEPHAN,CONSORCIO BIOMEDICO VIDENA,3,2,13,10,2,11,0.15384615384615385,0.8461538461538461,0.0,0.0,
20101064191,CESEL S A,2,2,0,0,0,0,0,0,CESEL S A,,0.0,ACTIVO,HABIDO,0,0,0,0,0,2.0,18.0,ABUGATTAS ABUID JESUS GATTAS,CESEL S A,0,0,26,21,11,15,0.4230769230769231,0.5769230769230769,0.0,0.0,
20101086322,CONSORCIO SUPERVISOR HUALLABAMBA,1,1,1,0,0,0,0,0,CONSORCIO SUPERVISOR HUALLABAMBA,,0.0,ACTIVO,HABIDO,0,0,0,0,0,1.0,4.0,GUERRA CASTILLO EDUARDO MANUEL,CONSORCIO SUPERVISOR HUALLABAMBA,0,0,7,5,5,2,0.7142857142857143,0.2857142857142857,0.0,0.0,
20101102549,OFICINA DE INGENIERIA Y SERVICIOS TECNICOS S.A.(*),1,1,1,0,0,0,1,0,OFICINA DE INGENIERIA Y SERVICIOS TECNICOS S.A.(*),,0.0,ACTIVO,HABIDO,0,0,0,0,1,1.0,9.0,CHAVEZ ABAD DANILO EDUARDO,OFICINA DE INGENIERIA Y SERVICIOS TECNICOS S.A.(*),4,2,11,8,5,6,0.45454545454545453,0.5454545454545454,1.0,1.0,15:00
20101345018,HOB CONSULTORES S.A.,6,6,1,0,0,0,0,0,HOB CONSULTORES S.A.(*),,0.0,ACTIVO,HABIDO,0,0,0,1,0,6.0,5.0,GONZALEZ ROLDAN FRANCISCO JAVIER,HOB CONSULTORES S.A.,1,1,129,53,87,42,0.6744186046511628,0.32558139534883723,0.0,0.0,
20101884407,CONSORCIO EL EDEN,1,1,1,0,1,0,1,1,CONSORCIO EL EDEN,,0.0,ACTIVO,NO HALLADO,0,0,0,0,0,1.0,14.0,REYNA PEÑA MARIA TERESA,CONSORCIO EL EDEN,3,2,7,5,2,5,0.2857142857142857,0.7142857142857143,0.0,0.0,
20104191232,CONSULTORES DEL ORIENTE SOCIEDAD COMERCIAL DE RESPONSABILIDAD LIMITADA(*),3,3,1,0,0,0,1,0,CONSULTORES DEL ORIENTE SOCIEDAD COMERCIAL DE RESPONSABILIDAD LIMITADA(*),,0.0,ACTIVO,HABIDO,0,0,0,0,0,3.0,11.0,CABRERA GONZALES MILUSKA,CONSULTORES DEL ORIENTE SOCIEDAD COMERCIAL DE RESPONSABILIDAD LIMITADA(*),3,2,44,27,33,11,0.75,0.25,0.0,0.0,
20106987581,ASESORES TECNICOS ASOCIADOS S.A.(*),3,3,1,0,0,0,1,0,CONSORCIO SELVA INGENIERÍA ,,0.0,ACTIVO,HABIDO,0,0,0,1,0,3.0,13.0,RODAS VARAS ELSA EDITH,ASESORES TECNICOS ASOCIADOS S.A.(*),4,2,31,13,13,18,0.41935483870967744,0.5806451612903226,0.0,0.0,
20107007441,ALPHA CONSULT S.A.(*),1,2,1,1,1,1,1,0,ALPHA CONSULT S.A.(*),,0.0,ACTIVO,HABIDO,2,1,0,0,0,1.0,5.0,PEÑARANDA CASTAÑEDA ROMULO JORGE,ALPHA CONSULT S.A.(*),5,3,16,13,5,11,0.3125,0.6875,0.0,0.0,
20108432510,CONSORCIO FOTOVOLTAICO DATEM DEL MARAÑON ASOCIADOS,1,1,1,0,0,0,0,0,CONSORCIO FOTOVOLTAICO DATEM DEL MARAÑON ASOCIADOS,,0.0,ACTIVO,HABIDO,0,0,0,1,0,1.0,6.0,PRIETO CAMERO GONZALO,CONSORCIO FOTOVOLTAICO DATEM DEL MARAÑON ASOCIADOS,1,1,15,12,12,3,0.8,0.2,0.0,0.0,
20108576431,CONSORCIO VIAL JUNIN,3,3,1,0,0,1,1,0,CONSORCIO VIAS DE AYACUCHO,,0.0,ACTIVO,HABIDO,0,1,0,0,0,3.0,11.0,SANCHEZ MACHADO ALFREDO SEGUNDO,CONSORCIO VIAL JUNIN,5,3,57,39,33,24,0.5789473684210527,0.42105263157894735,0.0,0.0,
20108736659,CONSORCIO VIAL WARI,1,1,1,1,1,1,1,1,CONSORCIO VIAL WARI,451518029.8,451518029.8,ACTIVO,HABIDO,1,1,0,0,0,1.0,2.0,THORSEN CUADRA CHRISTIAN ANDRES,CONSORCIO VIAL WARI,5,3,25,23,21,4,0.84,0.16,0.0,0.0,
20110614609,Consorcio San Miguel; integrado por: 2H Ingeniería y Construcción SAC; China Machinery Engineering Corporation y Sigma S.A. Contratistas Generales,1,1,1,0,1,0,1,0,Consorcio San Miguel; integrado por: 2H Ingeniería y Construcción SAC; China Machinery Engineering Corporation y Sigma S.A. Contratistas Generales,500340036.8,-668795404.2,ACTIVO,HABIDO,0,0,0,0,0,1.0,5.0,SANCHEZ CUYA ELVIS ROLAND,Consorcio San Miguel; integrado por: 2H Ingeniería y Construcción SAC; China Machinery Engineering Corporation y Sigma S.A. Contratistas Generales,3,2,14,11,8,6,0.5714285714285714,0.42857142857142855,0.0,0.0,
20117264883,CONSORCIO HOSPITALARIO TALARA,2,2,1,0,0,0,1,0,KUKOVA INGENIEROS S.A.C.(*),,0.0,ACTIVO,HABIDO,0,0,0,1,0,2.0,13.0,RODAS VARAS ELSA EDITH,CONSORCIO HOSPITALARIO TALARA,4,2,31,18,9,22,0.2903225806451613,0.7096774193548387,0.0,0.0,
20134100622,HURTADO-HERMOZA INGENIEROS CONSULTORES S.A. - H & H INGENIEROS CONSULTORES S.A.(*),1,1,1,0,0,0,1,0,HURTADO-HERMOZA INGENIEROS CONSULTORES S.A. - H & H INGENIEROS CONSULTORES S.A.(*),,0.0,ACTIVO,HABIDO,0,0,0,1,0,1.0,2.0,HURTADO ZAMORA AMADOR,HURTADO-HERMOZA INGENIEROS CONSULTORES S.A. - H & H INGENIEROS CONSULTORES S.A.(*),4,2,6,4,4,2,0.6666666666666666,0.3333333333333333,0.0,0.0,
20136833368,GEOCONSULT S.A. CONSULTORES GENERALES(*),2,2,1,0,1,0,0,0,GEOCONSULT S.A. CONSULTORES GENERALES(*),,0.0,ACTIVO,HABIDO,0,0,0,0,0,2.0,4.0,RIOS BERRIOS RICARDO ENRIQUE,GEOCONSULT S.A. CONSULTORES GENERALES(*),3,2,33,19,21,12,0.6363636363636364,0.36363636363636365,0.0,0.0,
20137109612,CONSORCIO VIAL TUMBES,3,3,1,0,1,0,1,0,VERA & MORENO S.A. CONSULTORES DE INGENIERIA(*),,0.0,ACTIVO,HABIDO,0,0,0,0,0,3.0,8.0,VERA BARANDIARAN LUIS,CONSORCIO VIAL TUMBES,3,2,61,35,23,38,0.3770491803278688,0.6229508196721312,0.0,0.0,
20138008801,CONSORCIO RENACER,1,1,1,0,0,0,0,0,CONSORCIO RENACER,26336240.87,26336240.87,ACTIVO,HABIDO,0,0,0,0,0,1.0,2.0,TANTAPOMA CELESTINO CARLOS ENRIQUE,CONSORCIO RENACER,0,0,9,7,7,2,0.7777777777777778,0.2222222222222222,0.0,0.0,
20138180531,ASESORES INGENIEROS PROYECTISTAS S.A(*),1,1,1,0,0,0,1,0,ASESORES INGENIEROS PROYECTISTAS S.A(*),500000.0,500000.0,ACTIVO,HABIDO,0,0,0,0,0,1.0,2.0,ARENAS FLORES ELVIS RAUL,ASESORES INGENIEROS PROYECTISTAS S.A(*),3,2,14,12,9,5,0.6428571428571429,0.35714285714285715,0.0,0.0,
20139424710,AGUA ENERGIA Y MINERIA INGENIEROS CONSULTORES S.A.,2,2,0,0,0,0,1,0,AGUA ENERGIA Y MINERIA INGENIEROS CONSULTORES S.A.,,0.0,ACTIVO,HABIDO,0,0,0,0,0,2.0,2.0,FERRADAS LUNA PABLO MANUEL,AGUA ENERGIA Y MINERIA INGENIEROS CONSULTORES S.A.,3,2,12,9,10,2,0.8333333333333334,0.16666666666666666,0.0,0.0,
20155236389,HC & ASOCIADOS S.R.L.(*),2,2,1,0,1,0,1,0,HC & ASOCIADOS S.R.L.(*),,0.0,ACTIVO,HABIDO,0,0,0,0,0,2.0,4.0,CAMPUZANO ESPINOZA HUGO ANTONIO,HC & ASOCIADOS S.R.L.(*),3,2,13,9,10,3,0.7692307692307693,0.23076923076923078,0.0,0.0,
20195592200,CORBAZ SRLTDA(*),2,2,1,0,0,0,0,0,CORBAZ SRLTDA(*),113961305.0,100511305.0,ACTIVO,HABIDO,0,0,0,0,0,2.0,7.0,BAZAN GOMERO ROGER,CORBAZ SRLTDA(*),0,0,16,9,10,6,0.625,0.375,0.0,0.0,
20221259581,TECNOMIN DATA SOCIEDAD COMERCIAL DE RESPONSABILIDAD LIMITADA,2,2,0,0,0,0,0,0,TECNOMIN DATA SOCIEDAD COMERCIAL DE RESPONSABILIDAD LIMITADA,121915135.6,121915135.6,ACTIVO,HABIDO,0,0,0,0,0,2.0,1.0,ESPINOZA SOTO VICTOR RAUL,TECNOMIN DATA SOCIEDAD COMERCIAL DE RESPONSABILIDAD LIMITADA,0,0,18,12,16,2,0.8888888888888888,0.1111111111111111,0.0,0.0,
20254813720,CHAVIN DE HUANTAR E.I.R.L(*),1,1,1,0,1,0,0,0,CHAVIN DE HUANTAR E.I.R.L(*),672189548.3,444155082.6,ACTIVO,HABIDO,0,0,0,0,0,1.0,1.0,TRUJILLO LUNA EMILIANO ISAAC,CHAVIN DE HUANTAR E.I.R.L(*),3,2,12,9,2,10,0.16666666666666666,0.8333333333333334,0.0,0.0,
20262241441,ACRUTA & TAPIA INGENIEROS S.A.C.,4,4,1,0,1,0,1,0,Consorcio Supervisor Nueva Rinconada; integrado: Acruta & Tapia Ingenieros SAC y Kunhwa Engineering & Consulting Co. Ltd Sucursal Perú,,0.0,ACTIVO,HABIDO,0,0,0,0,0,4.0,8.0,TAPIA JULCA ELIAS TEODORO,ACRUTA & TAPIA INGENIEROS S.A.C.,3,2,81,51,54,27,0.6666666666666666,0.3333333333333333,1.0,1.0,10:00
20263373058,INSTITUTO DE CONSULTORIA S.A.(*),4,4,1,0,0,0,1,0,INSTITUTO DE CONSULTORIA S.A.(*),,0.0,ACTIVO,HABIDO,0,0,0,0,0,4.0,7.0,ECHANDIA MORENO DANITZA ZULEMA,INSTITUTO DE CONSULTORIA S.A.(*),3,2,55,23,30,25,0.5454545454545454,0.45454545454545453,0.0,0.0,
20278699391,CONSORCIO VIAL CUSCO,1,1,1,0,0,0,0,0,CONSORCIO VIAL CUSCO,,0.0,ACTIVO,HABIDO,0,0,0,0,0,,,,CONSORCIO VIAL CUSCO,0,0,8,6,3,5,0.375,0.625,0.0,0.0,
20296637697,BIDDLE INC S.A.C.(*),1,1,1,0,0,0,0,0,BIDDLE INC S.A.C.(*),633414336.2,633414336.2,ACTIVO,HABIDO,0,0,0,0,0,1.0,3.0,KOROLIJA LEON ALEKSANDAR,BIDDLE INC S.A.C.(*),0,0,5,3,2,3,0.4,0.6,1.0,1.0,10:00
20300690999,CONSORCIO CONSULTING,5,5,1,0,1,0,1,0,CONSTRUCTORA CABO VERDE S.A. COVERSA(*),176647329.3,176647329.3,ACTIVO,HABIDO,0,0,0,0,0,5.0,16.0,GUILLEN SALAS ROSENDO VALERIANO,CONSORCIO CONSULTING,3,2,83,46,51,32,0.6144578313253012,0.3855421686746988,0.0,0.0,
20302083666,INSPECTRA S.A.,1,1,0,0,0,0,0,1,INSPECTRA S.A.,,0.0,ACTIVO,HABIDO,0,0,0,0,0,1.0,5.0,NEGLIA MONTES MARIANA GERALDINE,INSPECTRA S.A.,3,2,2,1,1,1,0.5,0.5,0.0,0.0,
20311227913,CEYCA SERVICIOS GENERALES Y CONSTRUCCION SAC(*),2,2,1,0,1,0,0,0,CEYCA SERVICIOS GENERALES Y CONSTRUCCION SAC(*),116664280.0,116664280.0,ACTIVO,HABIDO,0,0,0,0,0,2.0,5.0,CAMPOS SALDAÑA NESTOR EDUARDO,CEYCA SERVICIOS GENERALES Y CONSTRUCCION SAC(*),3,2,6,2,3,3,0.5,0.5,0.0,0.0,
20341472564,CONSORCIO SUPERVISOR SANEAMIENTO SULLANA,1,1,1,0,0,1,1,0,CONSORCIO SUPERVISOR SANEAMIENTO SULLANA,,0.0,ACTIVO,HABIDO,0,1,0,0,0,1.0,5.0,LIRA TALLEDO JOHN ROBERT,CONSORCIO SUPERVISOR SANEAMIENTO SULLANA,5,3,22,19,12,10,0.5454545454545454,0.45454545454545453,0.0,0.0,
20347029697,CHINA INTERNATIONAL WATER & ELECTRIC COR P.(PERU),1,1,0,0,0,0,0,0,CHINA INTERNATIONAL WATER & ELECTRIC COR P.(PERU),7095687000.0,6790758489.0,ACTIVO,HABIDO,0,0,0,0,0,,,,CHINA INTERNATIONAL WATER & ELECTRIC COR P.(PERU),0,0,5,4,1,4,0.2,0.8,0.0,0.0,
20352429709,CONSORCIO MULTIPROYECTOS,1,1,1,0,0,0,1,0,CONSORCIO MULTIPROYECTOS,82070622.42,82070622.42,ACTIVO,HABIDO,0,0,0,0,0,1.0,4.0,CONCHA LAZO PATRICIA EUGENIA,CONSORCIO MULTIPROYECTOS,3,2,6,4,4,2,0.6666666666666666,0.3333333333333333,0.0,0.0,
20357499691,PRONTE INGENIEROS SOCIEDAD ANONIMA CERRADA - PRONTE S.A.C.,1,1,0,0,0,0,1,1,PRONTE INGENIEROS SOCIEDAD ANONIMA CERRADA - PRONTE S.A.C.,836968078.5,836968078.5,ACTIVO,HABIDO,0,0,0,0,0,1.0,6.0,ARROYO KLEIN CESAR ALFONSO,PRONTE INGENIEROS SOCIEDAD ANONIMA CERRADA - PRONTE S.A.C.,3,2,4,3,1,3,0.25,0.75,0.0,0.0,
20362443998,CONSORCIO CIRCUNVALACION,1,1,1,0,0,0,0,0,CONSORCIO CIRCUNVALACION,,0.0,ACTIVO,HABIDO,0,0,0,0,0,1.0,1.0,VIDAL PALOMINO MARITZA MARCELA,CONSORCIO CIRCUNVALACION,0,0,8,5,5,3,0.625,0.375,0.0,0.0,
20363610936,CONSORCIO FOTOVOLTAICO DATEM DEL MARAÑON ASOCIADOS,1,1,1,0,1,0,1,0,CONSORCIO FOTOVOLTAICO DATEM DEL MARAÑON ASOCIADOS,146843962.9,53904092.71,ACTIVO,HABIDO,0,0,0,1,0,1.0,6.0,MONTES PEREZ CARLOS SEGUNDO,CONSORCIO FOTOVOLTAICO DATEM DEL MARAÑON ASOCIADOS,4,2,15,12,12,3,0.8,0.2,0.0,0.0,
20381882919,EDIFICACIONES MONTJOY O.CONTRATISTAS GENERALES SOCIEDAD ANONIMA - EDIMOCG S.A.(*),2,2,1,0,0,0,1,0,EDIFICACIONES MONTJOY O.CONTRATISTAS GENERALES SOCIEDAD ANONIMA - EDIMOCG S.A.(*),8508541.54,8508541.54,ACTIVO,HABIDO,0,0,0,0,0,2.0,29.0,MONTJOY OBLITAS EDGAR JOSE,EDIFICACIONES MONTJOY O.CONTRATISTAS GENERALES SOCIEDAD ANONIMA - EDIMOCG S.A.(*),3,2,113,64,79,34,0.6991150442477876,0.3008849557522124,0.0,0.0,
20390756012,SERVICIOS TECNICOS DE INGENIERIA DE CONSULTA-INTGR SUCURSAL DE INTEGRAL S.A.-COLOMBIA,1,1,0,0,0,0,1,0,SERVICIOS TECNICOS DE INGENIERIA DE CONSULTA-INTGR SUCURSAL DE INTEGRAL S.A.-COLOMBIA,,0.0,ACTIVO,HABIDO,0,0,0,0,0,1.0,3.0,ROMERO YNFANZON PATRICIA,SERVICIOS TECNICOS DE INGENIERIA DE CONSULTA-INTGR SUCURSAL DE INTEGRAL S.A.-COLOMBIA,3,2,11,10,8,3,0.7272727272727273,0.2727272727272727,0.0,0.0,
20392462105,KAZUKI CONSULTORIA Y CONSTRUCCION S.A.C(*),1,1,1,0,0,0,1,0,KAZUKI CONSULTORIA Y CONSTRUCCION S.A.C(*),,0.0,ACTIVO,HABIDO,0,0,0,0,1,1.0,2.0,JARA MENDOZA TEOFILA EUSEBIA,KAZUKI CONSULTORIA Y CONSTRUCCION S.A.C(*),4,2,19,16,5,14,0.2631578947368421,0.7368421052631579,0.0,0.0,
20393292637,CMP CONTRATISTAS GENERALES SOCIEDAD ANONIMA CERRADA - CMP CONTRATISTAS GENERALES S.A.C.(*),1,1,1,0,1,0,0,0,CMP CONTRATISTAS GENERALES SOCIEDAD ANONIMA CERRADA - CMP CONTRATISTAS GENERALES S.A.C.(*),92715060.44,-224809.75,ACTIVO,HABIDO,0,0,0,0,0,1.0,6.0,PRIETO GOMEZ LUIS,CMP CONTRATISTAS GENERALES SOCIEDAD ANONIMA CERRADA - CMP CONTRATISTAS GENERALES S.A.C.(*),3,2,15,12,12,3,0.8,0.2,0.0,0.0,
20398604734,CONSTRUCTORA SAN JORGE EIRL,1,1,0,0,1,0,0,0,CONSTRUCTORA SAN JORGE EIRL,188851039.7,188851039.7,ACTIVO,HABIDO,0,0,0,0,0,1.0,1.0,SERVAN SERVAN FLORENTINO,CONSTRUCTORA SAN JORGE EIRL,3,2,5,4,4,1,0.8,0.2,0.0,0.0,
20407849699,CONSORCIO JIREH,2,2,1,0,0,0,1,0,CONSORCIO PUENTES NACIONALES,750000.0,750000.0,ACTIVO,HABIDO,0,0,0,0,0,2.0,12.0,PAULINO CABEZA ISIDORO NEON,CONSORCIO JIREH,3,2,97,51,83,14,0.8556701030927835,0.14432989690721648,0.0,0.0,
20409331409,CONSORCIO SUPERVISOR SUREÑO,1,1,1,0,0,0,0,0,CONSORCIO SUPERVISOR SUREÑO,,0.0,ACTIVO,HABIDO,0,0,0,0,0,1.0,3.0,TORRES GONZALES EDER,CONSORCIO SUPERVISOR SUREÑO,0,0,13,11,11,2,0.8461538461538461,0.15384615384615385,0.0,0.0,
20414192531,OBRAS CIVILES CON CALIDAD TOTAL S.A.C.(*),4,4,1,0,0,0,1,0,OBRAS CIVILES CON CALIDAD TOTAL S.A.C.(*),,0.0,ACTIVO,HABIDO,0,0,0,1,0,4.0,20.0,MONTOYA ROMERO ELSA SOFIA,OBRAS CIVILES CON CALIDAD TOTAL S.A.C.(*),4,2,104,48,78,26,0.75,0.25,0.0,0.0,
20419183220,Consorcio Supervisor Santa Teresa,3,3,1,0,0,0,1,0,CONSORCIO VIAL TUTUMBARO,,0.0,ACTIVO,HABIDO,0,0,0,1,0,3.0,20.0,HIJAR DIAZ MARTHA MATILDE,Consorcio Supervisor Santa Teresa,4,2,82,46,64,18,0.7804878048780488,0.21951219512195122,0.0,0.0,
20425123115,OBRASCON HUARTE LAIN S.A.SUC.DEL PERU,7,7,0,0,1,0,0,0,OBRASCON HUARTE LAIN S.A.SUC.DEL PERU,,0.0,ACTIVO,HABIDO,0,0,0,0,0,,,,OBRASCON HUARTE LAIN S.A.SUC.DEL PERU,3,2,8,1,4,4,0.5,0.5,0.0,0.0,
20425954114,SIGRAL S.A.,1,1,0,0,0,0,1,0,SIGRAL S.A.,,0.0,ACTIVO,HABIDO,0,0,0,0,0,1.0,8.0,RIVERA DEL CARPIO LUIS ALBERTO,SIGRAL S.A.,3,2,8,7,7,1,0.875,0.125,0.0,0.0,
20429265828,CONSORCIO PUENTES MODULARES,1,1,1,0,0,0,0,0,CONSORCIO PUENTES MODULARES,627500.0,627500.0,ACTIVO,HABIDO,0,0,0,0,0,1.0,26.0,PUERTA CULQUI ORLANDO,CONSORCIO PUENTES MODULARES,0,0,58,51,45,13,0.7758620689655172,0.22413793103448276,0.0,0.0,
20439639700,CONSORCIO PALO BLANCO,1,1,1,1,1,0,1,0,CONSORCIO PALO BLANCO,,0.0,ACTIVO,HABIDO,1,0,0,0,0,1.0,4.0,VILCA SANGAY MARCOS LEONIDAS,CONSORCIO PALO BLANCO,5,3,43,38,27,16,0.627906976744186,0.37209302325581395,0.0,0.0,
20445623327,CONSORCIO PROYECTO VIA JAEN,1,1,1,0,0,0,1,0,CONSORCIO PROYECTO VIA JAEN,,0.0,ACTIVO,HABIDO,0,0,0,1,0,1.0,1.0,FARRO CORONADO JOSE INOCENTE,CONSORCIO PROYECTO VIA JAEN,4,2,12,10,10,2,0.8333333333333334,0.16666666666666666,0.0,0.0,
20445631265,CONSTRUCTORA COVESA S.R.L.(*),1,1,1,1,1,0,1,0,CONSTRUCTORA COVESA S.R.L.(*),53026092.28,53026092.28,ACTIVO,HABIDO,1,0,0,0,0,1.0,11.0,LLACZA RODRIGUEZ GERALDINE GUADALUPE,CONSTRUCTORA COVESA S.R.L.(*),5,3,8,6,6,2,0.75,0.25,0.0,0.0,
20445689859,CONSORCIO TINGO MARIA,1,1,1,0,0,0,1,0,CONSORCIO TINGO MARIA,2041961.78,2041961.78,ACTIVO,HABIDO,0,0,0,0,0,1.0,6.0,BARBA JIMENEZ CRISTHIAN GIAN CARLOS,CONSORCIO TINGO MARIA,3,2,8,4,4,4,0.5,0.5,0.0,0.0,
20447781655,SICMA SOCIEDAD ANONIMA CERRADA(*),2,2,1,1,1,0,1,0,SICMA SOCIEDAD ANONIMA CERRADA(*),337896386.6,266164096.6,ACTIVO,HABIDO,1,0,0,0,1,2.0,7.0,MOSCAIRO CHURA CESAR LINO,SICMA SOCIEDAD ANONIMA CERRADA(*),6,3,23,18,19,4,0.8260869565217391,0.17391304347826086,0.0,0.0,
20450278051,CONSTRUCTORA INMOBILIARIA RIO HUALLAGA  S.A.C,2,2,1,0,1,0,0,0,CONSTRUCTORA INMOBILIARIA RIO HUALLAGA  S.A.C,666655438.4,518762443.9,ACTIVO,HABIDO,0,0,0,0,0,2.0,5.0,GUZMAN CHAVEZ LEOVIGILDO,CONSTRUCTORA INMOBILIARIA RIO HUALLAGA  S.A.C,3,2,16,12,11,5,0.6875,0.3125,0.0,0.0,
20450539202,BOZA CONSULTORES Y CONTRATISTAS EMPRESA INDIVIDUAL DE RESPONSABILIDAD LIMITADA,1,1,0,0,0,0,0,0,BOZA CONSULTORES Y CONTRATISTAS EMPRESA INDIVIDUAL DE RESPONSABILIDAD LIMITADA,,0.0,ACTIVO,HABIDO,0,0,0,0,0,1.0,1.0,BOZA MURILLO HERACLIO ALCIDES,BOZA CONSULTORES Y CONTRATISTAS EMPRESA INDIVIDUAL DE RESPONSABILIDAD LIMITADA,0,0,10,9,9,1,0.9,0.1,0.0,0.0,
20454276761,INGENIERIA MANTENIMIENTO CONSTRUCCION Y SERVICIOS S.A.C.-IMCO SERVICIOS S.A.C.,1,1,0,0,0,0,0,0,INGENIERIA MANTENIMIENTO CONSTRUCCION Y SERVICIOS S.A.C.-IMCO SERVICIOS S.A.C.,121293115.2,121293115.2,ACTIVO,HABIDO,0,0,0,0,0,1.0,1.0,CABANILLAS CABRERA LORENZO MANUEL,INGENIERIA MANTENIMIENTO CONSTRUCCION Y SERVICIOS S.A.C.-IMCO SERVICIOS S.A.C.,0,0,2,1,1,1,0.5,0.5,1.0,1.0,8:30
20460678600,CONSORCIO PUENTE HUALLAGA I,1,1,1,0,1,0,1,0,CONSORCIO PUENTE HUALLAGA I,4855267352.0,4855267352.0,ACTIVO,HABIDO,0,0,0,0,0,1.0,5.0,PASAPERA ADRIANZEN LUIS CARLOS ELIAS,CONSORCIO PUENTE HUALLAGA I,3,2,23,18,16,7,0.6956521739130435,0.30434782608695654,1.0,1.0,10:00
20475927550,IPESA HYDRO S.A.(*),1,1,1,0,1,1,1,0,IPESA HYDRO S.A.(*),179424846.6,179424846.6,ACTIVO,HABIDO,0,1,0,0,0,1.0,2.0,MOSONI TOYOFUKU CARLO,IPESA HYDRO S.A.(*),5,3,24,22,21,3,0.875,0.125,0.0,0.0,
20477366172,CONSORCIO G&O,1,1,1,0,1,0,1,0,CONSORCIO G&O,112648658.9,112648658.9,ACTIVO,HABIDO,0,0,0,0,0,1.0,7.0,GAONA DIAZ CESAR HUMBERTO,CONSORCIO G&O,3,2,7,5,2,5,0.2857142857142857,0.7142857142857143,0.0,0.0,
20477430369,CONSORCIO PANCHITA,1,1,1,0,0,0,0,0,CONSORCIO PANCHITA,,0.0,ACTIVO,HABIDO,0,0,0,0,0,1.0,14.0,VILLARREAL DE GARCIA JUANA,CONSORCIO PANCHITA,0,0,48,40,37,11,0.7708333333333334,0.22916666666666666,0.0,0.0,
20479631094,CONSORCIO REYES MORAN SULLANA,1,1,1,0,0,0,0,0,CONSORCIO REYES MORAN SULLANA,900000.0,675629.91,ACTIVO,HABIDO,0,0,0,0,0,1.0,1.0,MENOR BALLADARES ENRIQUE,CONSORCIO REYES MORAN SULLANA,0,0,8,6,6,2,0.75,0.25,0.0,0.0,
20479683728,CONSORCIO VIAL KUELAP,1,1,1,0,1,1,1,0,CONSORCIO VIAL KUELAP,237708823.0,237708823.0,ACTIVO,HABIDO,0,1,0,0,0,1.0,2.0,PINEDO RUIZ VICTOR HUGO,CONSORCIO VIAL KUELAP,5,3,13,10,7,6,0.5384615384615384,0.46153846153846156,0.0,0.0,
20480052090,CONSORCIO VIAL KUELAP,1,1,1,0,1,0,1,0,CONSORCIO VIAL KUELAP,326068151.8,326068151.8,ACTIVO,HABIDO,0,0,0,0,0,1.0,2.0,PINEDO RUIZ MANUEL ENRIQUE,CONSORCIO VIAL KUELAP,3,2,10,7,7,3,0.7,0.3,0.0,0.0,
20480061595,CONSORCIO SANTIAGO,2,2,1,0,0,1,1,0,CONSORCIO SANTIAGO,2600000.0,2600000.0,ACTIVO,HABIDO,0,1,0,0,1,2.0,3.0,CRUZ DAVILA MANUEL ANTONIO,CONSORCIO SANTIAGO,6,3,14,7,6,8,0.42857142857142855,0.5714285714285714,1.0,1.0,15:00
20480167822,CONSORCIO PUENTES NACIONALES,1,1,1,0,1,0,0,0,CONSORCIO PUENTES NACIONALES,73832111.52,73832111.52,ACTIVO,NO HALLADO,0,0,0,0,1,1.0,9.0,BURGA RIVAS PLATA CARLOS ALBERTO,CONSORCIO PUENTES NACIONALES,4,2,55,43,41,14,0.7454545454545455,0.2545454545454545,0.0,0.0,
20480401876,B & V CONSULTORES Y EJECUTORES S.R.L(*),1,1,1,0,0,0,1,0,B & V CONSULTORES Y EJECUTORES S.R.L(*),1189999.99,1189999.99,ACTIVO,HABIDO,0,0,0,0,0,1.0,6.0,RODAS CASTILLO JUAN ENRIQUE,B & V CONSULTORES Y EJECUTORES S.R.L(*),3,2,53,46,43,10,0.8113207547169812,0.18867924528301888,0.0,0.0,
20480791305,CONSTRUCTORA DURANGO E.I.R.L.(*),1,1,1,0,1,0,0,0,CONSTRUCTORA DURANGO E.I.R.L.(*),20190402.98,20190402.98,ACTIVO,HABIDO,0,0,0,0,0,1.0,2.0,DURANGO GUERRA JIMMY CLAYDE,CONSTRUCTORA DURANGO E.I.R.L.(*),3,2,6,4,4,2,0.6666666666666666,0.3333333333333333,0.0,0.0,
20481658421,CONSORCIO PANCHITA,1,1,1,0,0,0,0,0,CONSORCIO PANCHITA,,0.0,ACTIVO,HABIDO,0,0,0,0,0,1.0,14.0,GUILLEN SALAS ROSENDO VALERIANO,CONSORCIO PANCHITA,0,0,58,45,37,21,0.6379310344827587,0.3620689655172414,0.0,0.0,
20482468935,H & M CONTRATISTAS GENERALES S.A.C.(*),1,1,1,0,0,0,0,0,H & M CONTRATISTAS GENERALES S.A.C.(*),1564890.12,1564890.12,ACTIVO,HABIDO,0,0,0,0,0,1.0,14.0,CHUQUIYAURI RAFAEL ELVIN KELER,H & M CONTRATISTAS GENERALES S.A.C.(*),0,0,58,45,37,21,0.6379310344827587,0.3620689655172414,0.0,0.0,
20482596348,JM & KG INGENIEROS S.A.C.(*),1,1,1,0,1,0,0,0,JM & KG INGENIEROS S.A.C.(*),4744684.9,4744684.9,ACTIVO,HABIDO,0,0,0,0,0,1.0,4.0,MEJIA QUINTANILLA JAVIER AMERICO,JM & KG INGENIEROS S.A.C.(*),3,2,29,27,27,2,0.9310344827586207,0.06896551724137931,0.0,0.0,
20482749608,CONSTRUCTORA E INVERSIONES SAN JUAN BAUTISTA S.A.C.,1,1,0,0,1,0,0,0,CONSTRUCTORA E INVERSIONES SAN JUAN BAUTISTA S.A.C.,47972977.37,42121341.02,ACTIVO,HABIDO,0,0,0,0,0,1.0,4.0,LECCA VELASQUEZ LEILA MARIA,CONSTRUCTORA E INVERSIONES SAN JUAN BAUTISTA S.A.C.,3,2,2,1,1,1,0.5,0.5,0.0,0.0,
20482832840,MOLYMACS EL AGUERO E.I.R.L.(*),1,1,1,0,0,0,0,0,MOLYMACS EL AGUERO E.I.R.L.(*),17645390.12,-2850660.46,ACTIVO,HABIDO,0,0,0,0,0,1.0,3.0,PRETEL LEON VICTOR ESMARO,MOLYMACS EL AGUERO E.I.R.L.(*),0,0,6,4,4,2,0.6666666666666666,0.3333333333333333,0.0,0.0,
20483809051,NORPERUANA DE INGENIEROS S.A.C.,1,1,0,0,1,0,1,0,NORPERUANA DE INGENIEROS S.A.C.,28468225.9,28468225.9,ACTIVO,HABIDO,0,0,0,0,1,1.0,1.0,FERRER SANCARRANCO MARIANA DEL SOCORRO,NORPERUANA DE INGENIEROS S.A.C.,4,2,2,1,1,1,0.5,0.5,0.0,0.0,
20486093847,CONSORCIO ARQCIVIL,1,1,1,0,1,0,0,0,CONSORCIO ARQCIVIL,11308875.22,11308875.22,ACTIVO,HABIDO,0,0,0,0,0,1.0,4.0,TORRES BERROCAL LUIS EMERSON,CONSORCIO ARQCIVIL,3,2,4,2,2,2,0.5,0.5,0.0,0.0,
20486120321,PACIFIC INVERSIONES SOCIEDAD ANONIMA(*),1,1,1,0,1,0,1,0,PACIFIC INVERSIONES SOCIEDAD ANONIMA(*),24252911.58,24252911.58,ACTIVO,HABIDO,0,0,0,0,0,1.0,6.0,CASTRO QUISPE HERBERT JAIME,PACIFIC INVERSIONES SOCIEDAD ANONIMA(*),3,2,58,51,51,7,0.8793103448275862,0.1206896551724138,0.0,0.0,
20486185296,CONSORCIO SANTIAGO DE CHUCO,1,1,1,0,1,0,0,0,CONSORCIO SANTIAGO DE CHUCO,36436952.75,36436952.75,ACTIVO,HABIDO,0,0,0,0,0,1.0,2.0,SAENZ SOTO PRISCELIANO,CONSORCIO SANTIAGO DE CHUCO,3,2,4,2,2,2,0.5,0.5,0.0,0.0,
20486397714,LEPUS GROUP SOCIEDAD ANONIMA(*),3,3,1,0,1,0,0,0,LEPUS GROUP SOCIEDAD ANONIMA(*),42642086.18,42642086.18,ACTIVO,HABIDO,0,0,0,0,0,3.0,15.0,RAMOS RIVERA FERNY TEODORO,LEPUS GROUP SOCIEDAD ANONIMA(*),3,2,10,3,5,5,0.5,0.5,0.0,0.0,
20486417766,CONSORCIO BINACIONAL,1,1,1,0,1,0,0,0,CONSORCIO BINACIONAL,16040152.6,16040152.6,ACTIVO,HABIDO,0,0,0,0,0,1.0,8.0,PAUCAR ESPINOZA OSCAR,CONSORCIO BINACIONAL,3,2,33,31,31,2,0.9393939393939394,0.06060606060606061,0.0,0.0,
20486553198,K.I.A. INGENIEROS S.R.L.(*),1,1,1,0,0,0,1,0,K.I.A. INGENIEROS S.R.L.(*),14535894.38,14535894.38,SUSPENSION TEMPORAL,HABIDO,0,0,0,0,0,1.0,8.0,QUISPE VARGAS SIMON,K.I.A. INGENIEROS S.R.L.(*),3,2,33,31,31,2,0.9393939393939394,0.06060606060606061,0.0,0.0,
20486625954,GRUPO EJECUTOR DE OBRAS CIVILES-CONSTRUCTORES E.I.R.L.(*),1,1,1,0,0,0,0,0,GRUPO EJECUTOR DE OBRAS CIVILES-CONSTRUCTORES E.I.R.L.(*),19345934.22,19345934.22,ACTIVO,HABIDO,0,0,0,0,0,1.0,4.0,FABIAN ROMERO ANGEL DAVID,GRUPO EJECUTOR DE OBRAS CIVILES-CONSTRUCTORES E.I.R.L.(*),0,0,4,2,2,2,0.5,0.5,0.0,0.0,
20486975939,CONSORCIO MIRNO,1,1,1,0,1,0,0,0,CONSORCIO MIRNO,125866033.8,125866033.8,ACTIVO,HABIDO,0,0,0,0,0,1.0,4.0,SANABRIA VALENCIA MARIO SAUL,CONSORCIO MIRNO,3,2,4,2,2,2,0.5,0.5,0.0,0.0,
20487065502,CONSORCIO GEOCLASS,2,2,1,0,0,0,0,0,CONSORCIO GEOCLASS,5871081.84,5871081.84,ACTIVO,HABIDO,0,0,0,0,0,2.0,10.0,MEDINA CARHUAMACA CARMEN DELY,CONSORCIO GEOCLASS,0,0,8,3,4,4,0.5,0.5,0.0,0.0,
20487326586,CONSORCIO A&R,1,1,1,0,0,1,1,0,CONSORCIO A&R,7410355.99,7410355.99,ACTIVO,HABIDO,0,1,0,0,0,1.0,12.0,RAMOS RIVERA FERNY TEODORO,CONSORCIO A&R,5,3,4,2,2,2,0.5,0.5,0.0,0.0,
20487335658,CONSORCIO ISC & JC E.I.R.L.(*),1,1,1,0,0,0,0,0,CONSORCIO ISC & JC E.I.R.L.(*),1410301.17,1410301.17,SUSPENSION TEMPORAL,HABIDO,0,0,0,0,0,1.0,4.0,LOPEZ QUINTE SOLEDAD MAGALY,CONSORCIO ISC & JC E.I.R.L.(*),0,0,4,2,2,2,0.5,0.5,0.0,0.0,
20487499685,CONSORCIO TYD,1,1,1,0,1,0,0,0,CONSORCIO TYD,179969390.6,179969390.6,ACTIVO,HABIDO,0,0,0,0,0,1.0,2.0,TUESTA SANTILLAN MARIO,CONSORCIO TYD,3,2,6,4,4,2,0.6666666666666666,0.3333333333333333,0.0,0.0,
20487619508,GEYOSI INGENIEROS S.A.C.,1,1,0,0,0,0,0,0,GEYOSI INGENIEROS S.A.C.,579000.0,579000.0,ACTIVO,HABIDO,0,0,0,0,0,1.0,2.0,MENDOZA YOVERA WILSON FERNANDO,GEYOSI INGENIEROS S.A.C.,0,0,4,3,1,3,0.25,0.75,0.0,0.0,
20487876578,Q Y Q CONSULTORES Y EJECUTORES S.A.C(*),2,2,1,0,0,0,0,0,Q Y Q CONSULTORES Y EJECUTORES S.A.C(*),4191680.4,4191680.4,ACTIVO,HABIDO,0,0,0,0,1,2.0,6.0,QUIROZ AYASTA FERNANDO,Q Y Q CONSULTORES Y EJECUTORES S.A.C(*),1,1,85,58,77,8,0.9058823529411765,0.09411764705882353,0.0,0.0,
20487913791,CONSORCIO JAEN TECNOLOGICO,1,1,1,0,1,1,0,0,CONSORCIO JAEN TECNOLOGICO,167767514.6,167767514.6,ACTIVO,HABIDO,0,1,0,0,0,1.0,11.0,SANCHEZ SOLANO MIGUEL ANGEL,CONSORCIO JAEN TECNOLOGICO,5,3,7,5,5,2,0.7142857142857143,0.2857142857142857,0.0,0.0,
20487980049,MARY & HERMANOS CONSULTORES Y EJECUTORES S.R.L.(*),1,1,1,0,1,0,0,0,MARY & HERMANOS CONSULTORES Y EJECUTORES S.R.L.(*),9244427.68,9244427.68,ACTIVO,HABIDO,0,0,0,0,0,1.0,3.0,CHINGUEL CAMIZAN FREDI RONALD,MARY & HERMANOS CONSULTORES Y EJECUTORES S.R.L.(*),3,2,28,26,26,2,0.9285714285714286,0.07142857142857142,0.0,0.0,
20487999491,CONSORCIO SUPERVISOR NOR ORIENTE,1,1,1,0,0,0,0,0,CONSORCIO SUPERVISOR NOR ORIENTE,,0.0,ACTIVO,HABIDO,0,0,0,0,0,1.0,2.0,PAICO FALERO JORGE LUIS,CONSORCIO SUPERVISOR NOR ORIENTE,0,0,6,4,4,2,0.6666666666666666,0.3333333333333333,0.0,0.0,
20489430399,CONSORCIO SIWI,1,1,1,0,1,1,1,0,CONSORCIO SIWI,51504133.08,51504133.08,ACTIVO,HABIDO,0,1,0,0,0,1.0,1.0,CARBAJAL SOTO OMAR ROLANDO,CONSORCIO SIWI,5,3,7,5,5,2,0.7142857142857143,0.2857142857142857,0.0,0.0,
20489517320,CONSORCIO AREQUIPA,2,3,1,0,1,0,0,0,CONSORCIO PUENTES AREQUIPA,136041246.7,136041246.7,ACTIVO,HABIDO,0,0,0,0,0,2.0,12.0,CELIS PONCE JEANNETH NATHALI,CONSORCIO AREQUIPA,3,2,30,15,22,8,0.7333333333333333,0.26666666666666666,0.0,0.0,
20489627770,CONSORCIO SIERRA Y SELVA,1,1,1,0,0,0,1,0,CONSORCIO SIERRA Y SELVA,145261014.5,124764963.9,ACTIVO,HABIDO,0,0,0,0,0,1.0,3.0,PRETEL LEON VICTOR ESMARO,CONSORCIO SIERRA Y SELVA,3,2,9,7,4,5,0.4444444444444444,0.5555555555555556,0.0,0.0,
20489634717,Y & J INTERNATIONAL ENGINEERING SOLUTIONS S.A.C.(*),1,2,1,0,0,0,0,0,Y & J INTERNATIONAL ENGINEERING SOLUTIONS S.A.C.(*),3056489.88,3056489.88,ACTIVO,HABIDO,0,0,0,0,0,1.0,3.0,ALVARADO ROJAS YOWBER ANDINO,Y & J INTERNATIONAL ENGINEERING SOLUTIONS S.A.C.(*),0,0,8,2,4,4,0.5,0.5,0.0,0.0,
20489730864,CONSTRUCTORA Y MINERA GOLDEN SOCIEDAD ANONIMA CERRADA(*),1,1,1,0,1,0,0,0,CONSTRUCTORA Y MINERA GOLDEN SOCIEDAD ANONIMA CERRADA(*),39337487.43,39337487.43,ACTIVO,HABIDO,0,0,0,0,0,1.0,2.0,LEDESMA MARCELO JORGE LUIS,CONSTRUCTORA Y MINERA GOLDEN SOCIEDAD ANONIMA CERRADA(*),3,2,5,3,3,2,0.6,0.4,0.0,0.0,
20490858181,KRAD INGENIEROS EMPRESA INDIVIDUAL DE RESPONSABILIDAD LIMITADA - KRADI E.I.R.L.,1,1,0,0,1,0,0,0,KRAD INGENIEROS EMPRESA INDIVIDUAL DE RESPONSABILIDAD LIMITADA - KRADI E.I.R.L.,20563569.72,20563569.72,ACTIVO,HABIDO,0,0,0,0,0,1.0,7.0,AGUIRRE NEGRON RODOLFO,KRAD INGENIEROS EMPRESA INDIVIDUAL DE RESPONSABILIDAD LIMITADA - KRADI E.I.R.L.,3,2,30,27,23,7,0.7666666666666667,0.23333333333333334,0.0,0.0,
20491597900,PROYECTOS INTEGRALES S.A.C.,1,1,0,0,0,0,0,0,PROYECTOS INTEGRALES S.A.C.,265500.0,265500.0,ACTIVO,HABIDO,0,0,0,0,0,1.0,1.0,CUSI DAVILA RICHARD BERTONI,PROYECTOS INTEGRALES S.A.C.,0,0,2,1,1,1,0.5,0.5,0.0,0.0,
20492095924,ARA INGENIEROS SAC - ARAISAC,1,1,0,0,1,0,1,0,ARA INGENIEROS SAC - ARAISAC,82453428.5,82453428.5,ACTIVO,HABIDO,0,0,0,0,0,1.0,17.0,PAREDES ARCE JOSE RENATO,ARA INGENIEROS SAC - ARAISAC,3,2,55,49,42,13,0.7636363636363637,0.23636363636363636,0.0,0.0,
20492390411,CONSORCIO REACTIVA,1,1,1,0,0,0,1,0,CONSORCIO REACTIVA,,0.0,ACTIVO,HABIDO,0,0,0,0,0,1.0,9.0,VILCHEZ ORDOÑEZ ERIK,CONSORCIO REACTIVA,3,2,12,9,3,9,0.25,0.75,0.0,0.0,
20492556671,AFRY (PERU) S.A.C.(*),2,2,1,0,0,0,0,0,AFRY (PERU) S.A.C.(*),,0.0,ACTIVO,HABIDO,0,0,0,0,0,2.0,3.0,ARANIBAR VARGAS SERGIO FABIAN,AFRY (PERU) S.A.C.(*),0,0,8,3,4,4,0.5,0.5,0.0,0.0,
20493929586,JJR CONSTRUCTORA Y SERVICIOS GENERALES S.A.C.(*),1,1,1,0,0,0,0,0,JJR CONSTRUCTORA Y SERVICIOS GENERALES S.A.C.(*),500000.0,500000.0,ACTIVO,HABIDO,0,0,0,0,0,1.0,1.0,KANGA VASQUEZ ROSMERY,JJR CONSTRUCTORA Y SERVICIOS GENERALES S.A.C.(*),0,0,8,6,6,2,0.75,0.25,0.0,0.0,
20494901359,SALGON INGENIEROS S.R.L(*),1,1,1,0,1,0,0,0,SALGON INGENIEROS S.R.L(*),5378303.24,5378303.24,ACTIVO,HABIDO,0,0,0,0,0,1.0,9.0,ALVARADO AVALOS STEPHANIE,SALGON INGENIEROS S.R.L(*),3,2,61,44,41,20,0.6721311475409836,0.32786885245901637,0.0,0.0,
20496159811,CONSORCIO EL SAUCE,2,2,1,0,1,1,1,0,QIAN BEI S.R.L.(*),98995115.86,98995115.86,ACTIVO,HABIDO,0,1,0,0,0,2.0,9.0,MENDOZA DE LA CRUZ NELLY LUCELINA,CONSORCIO EL SAUCE,5,3,30,24,25,5,0.8333333333333334,0.16666666666666666,0.0,0.0,
20498274669,CONSORCIO VIRGEN DE LA CANDELARIA -SIT,1,1,1,0,1,0,0,0,CONSORCIO VIRGEN DE LA CANDELARIA -SIT,85399075.66,85399075.66,ACTIVO,HABIDO,0,0,0,0,0,1.0,6.0,ABSI LUQUE ADVAR MIGUEL,CONSORCIO VIRGEN DE LA CANDELARIA -SIT,3,2,6,4,4,2,0.6666666666666666,0.3333333333333333,0.0,0.0,
20503028655,CONSORCIO SANTA ROSA - ARTIFICIAL -TYPSA,3,3,1,0,0,0,1,0,TECNICA Y PROYECTOS S.A SUCURSAL DEL PERU,,0.0,ACTIVO,HABIDO,0,0,0,0,0,3.0,4.0,SOLIS VIOLA RICARDO ENRIQUE,CONSORCIO SANTA ROSA - ARTIFICIAL -TYPSA,3,2,21,11,5,16,0.23809523809523808,0.7619047619047619,0.0,0.0,
20503382319,LUCEAL INGENIEROS E.I.R.L.,1,1,0,0,0,0,0,0,LUCEAL INGENIEROS E.I.R.L.,500000.0,500000.0,ACTIVO,HABIDO,0,0,0,0,0,1.0,1.0,VIACAVA NAJERA ALDO,LUCEAL INGENIEROS E.I.R.L.,0,0,3,2,2,1,0.6666666666666666,0.3333333333333333,0.0,0.0,
20504218130,CONSTRUCTORA G+G S.A.C.(*),3,3,1,0,0,0,1,1,CONSTRUCTORA G+G S.A.C.(*),,0.0,ACTIVO,HABIDO,0,0,0,0,0,3.0,5.0,GALVEZ ALVAREZ RICARDO ARMANDO,CONSTRUCTORA G+G S.A.C.(*),3,2,21,6,15,6,0.7142857142857143,0.2857142857142857,0.0,0.0,
20505096721,CORPORACION CROMOS S.A.C.(*),2,2,1,1,1,0,1,0,CORPORACION CROMOS S.A.C.(*),26678221.33,26678221.33,ACTIVO,NO HALLADO,1,0,0,0,0,2.0,16.0,LOZANO MOZOMBITE ELIAB,CORPORACION CROMOS S.A.C.(*),5,3,115,67,85,30,0.7391304347826086,0.2608695652173913,0.0,0.0,
20505766394,CONSORCIO VILLA VICTORIA,1,1,1,0,0,0,0,0,CONSORCIO VILLA VICTORIA,,0.0,ACTIVO,HABIDO,0,0,0,0,1,1.0,5.0,FLORES RAZURI MARCO ANTONIO,CONSORCIO VILLA VICTORIA,1,1,10,6,6,4,0.6,0.4,0.0,0.0,
20507201793,JELCH INGENIEROS E.I.R.L.,2,2,0,0,0,0,1,0,JELCH INGENIEROS E.I.R.L.,,0.0,ACTIVO,HABIDO,0,0,0,0,1,2.0,4.0,GARCIA TORRES MERARDO,JELCH INGENIEROS E.I.R.L.,4,2,24,13,14,10,0.5833333333333334,0.4166666666666667,0.0,0.0,
20508114096,CAYSA ASOCIADOS S.A.C.(*),2,2,1,0,0,0,1,0,CAYSA ASOCIADOS S.A.C.(*),,0.0,ACTIVO,HABIDO,0,0,0,0,0,2.0,1.0,CARRASCO SARRIO LUIS GUILLERMO,CAYSA ASOCIADOS S.A.C.(*),3,2,35,15,21,14,0.6,0.4,0.0,0.0,
20508416343,CONSORCIO VILLA VICTORIA,1,1,1,0,0,0,0,0,CONSORCIO VILLA VICTORIA,28063386.4,14613386.4,ACTIVO,HABIDO,0,0,0,0,0,1.0,5.0,BAZAN GOMERO ROGER,CONSORCIO VILLA VICTORIA,0,0,10,6,6,4,0.6,0.4,0.0,0.0,
20508461489,CONSORCIO PUENTES,1,1,1,0,1,0,1,0,CONSORCIO PUENTES,38109161.26,38109161.26,ACTIVO,HABIDO,0,0,0,0,0,1.0,11.0,MONTJOY OBLITAS EDGAR JOSE,CONSORCIO PUENTES,3,2,45,37,34,11,0.7555555555555555,0.24444444444444444,0.0,0.0,
20508794968,CONSORCIO SAN MIGUEL,1,1,1,0,1,0,0,0,CONSORCIO SAN MIGUEL,565099607.2,565099607.2,ACTIVO,HABIDO,0,0,0,0,0,1.0,7.0,PAREDES VARGAS MARISOL,CONSORCIO SAN MIGUEL,3,2,4,2,2,2,0.5,0.5,0.0,0.0,
20509882950,JL VITTERI INGENIEROS SOCIEDAD ANONIMA CERRADA,1,1,0,0,0,1,1,0,JL VITTERI INGENIEROS SOCIEDAD ANONIMA CERRADA,,0.0,ACTIVO,HABIDO,0,1,0,0,0,1.0,6.0,VITTERI BUCHELLI JOSE LUIS ENRIQUE,JL VITTERI INGENIEROS SOCIEDAD ANONIMA CERRADA,5,3,2,1,1,1,0.5,0.5,0.0,0.0,
20510286864,MEGAPROYECT CONSULTORES S.A.C.(*),1,1,1,0,0,0,0,0,MEGAPROYECT CONSULTORES S.A.C.(*),,0.0,ACTIVO,HABIDO,0,0,0,0,0,1.0,4.0,DIAZ PURIZACA HJALMAR MARTIN,MEGAPROYECT CONSULTORES S.A.C.(*),0,0,17,11,5,12,0.29411764705882354,0.7058823529411765,0.0,0.0,
20510849770,MENDOZA & TAPIA S.A.C.(*),1,1,1,0,0,0,1,0,MENDOZA & TAPIA S.A.C.(*),,0.0,ACTIVO,HABIDO,0,0,0,0,1,1.0,6.0,RIVERA HUAMAN ARIEL JESUS,MENDOZA & TAPIA S.A.C.(*),4,2,31,20,10,21,0.3225806451612903,0.6774193548387096,0.0,0.0,
20510862440,CREACIONES HADASA S.A.C.(*),1,1,1,0,0,1,1,0,CREACIONES HADASA S.A.C.(*),27266641.66,27266641.66,ACTIVO,HABIDO,0,1,0,0,0,1.0,4.0,LANDA VENTURA OBED ISAI,CREACIONES HADASA S.A.C.(*),5,3,8,5,4,4,0.5,0.5,0.0,0.0,
20511631760,CONCRETTA CONSTRUCTORA E INMOBILIARIA SAC,2,2,0,0,1,1,1,0,CONCRETTA CONSTRUCTORA E INMOBILIARIA SAC,101174652.9,101174652.9,ACTIVO,HABIDO,0,1,0,0,0,2.0,28.0,RAMOS ENCISO EDGAR,CONCRETTA CONSTRUCTORA E INMOBILIARIA SAC,5,3,126,69,87,39,0.6904761904761905,0.30952380952380953,0.0,0.0,
20513943998,H Y C INGENIEROS CONSULTORES SOCIEDAD ANONIMA CERRADA - H Y C CONSULTORES S.A.C.(*),1,1,1,0,0,0,0,0,H Y C INGENIEROS CONSULTORES SOCIEDAD ANONIMA CERRADA - H Y C CONSULTORES S.A.C.(*),,0.0,ACTIVO,HABIDO,0,0,0,0,0,1.0,6.0,CARAZAS COTRINA CARLO ALEJANDRO,H Y C INGENIEROS CONSULTORES SOCIEDAD ANONIMA CERRADA - H Y C CONSULTORES S.A.C.(*),0,0,42,33,29,13,0.6904761904761905,0.30952380952380953,0.0,0.0,
20514751430,CONSORCIO TINGO MARIA,1,1,1,0,0,0,0,0,CONSORCIO TINGO MARIA,,0.0,ACTIVO,HABIDO,0,0,0,0,0,1.0,6.0,PRUDENCIO ROBLES WILDE ARTURO,CONSORCIO TINGO MARIA,0,0,8,4,4,4,0.5,0.5,0.0,0.0,
20515427385,HGD CONTRATISTAS S.A.C.,1,1,0,0,0,0,1,0,HGD CONTRATISTAS S.A.C.,109056572.7,109056572.7,ACTIVO,HABIDO,0,0,0,0,0,1.0,1.0,GARCIA DORREGARAY HEBER ISAIAS,HGD CONTRATISTAS S.A.C.,3,2,2,1,1,1,0.5,0.5,0.0,0.0,
20515794451,AMROL CON SOCIEDAD ANONIMA CERRADA - AMROL CON S.A.C.(*),1,1,1,0,0,0,0,0,AMROL CON SOCIEDAD ANONIMA CERRADA - AMROL CON S.A.C.(*),29246123.62,29246123.62,ACTIVO,HABIDO,0,0,0,0,0,1.0,3.0,SARMIENTO OLIVERA ROGELIO ABEL,AMROL CON SOCIEDAD ANONIMA CERRADA - AMROL CON S.A.C.(*),0,0,6,3,2,4,0.3333333333333333,0.6666666666666666,0.0,0.0,
20516368994,CONSORCIO S&F,1,1,1,0,0,0,0,0,CONSORCIO S&F,104231651.6,-67180270.2,ACTIVO,HABIDO,0,0,0,0,0,1.0,1.0,CCASA HUILLCA GREGORIO,CONSORCIO S&F,0,0,4,2,2,2,0.5,0.5,0.0,0.0,
20517093492,CONSORCIO PUENTES MODULARES,2,2,1,0,1,0,0,0,CONSORCIO PUENTES MODULARES,16278474.64,16278474.64,ACTIVO,HABIDO,0,0,0,0,0,2.0,29.0,PUERTA CULQUI ORLANDO,CONSORCIO PUENTES MODULARES,3,2,115,65,79,36,0.6869565217391305,0.3130434782608696,0.0,0.0,
20517562158,CONSTRUCTORA & INMOBILIARIA SAGITARIO Y ASOCIADOS S.A.C. - SAGITARIO & ASOCIADOS S.A.C.(*),1,1,1,0,1,0,1,0,CONSTRUCTORA & INMOBILIARIA SAGITARIO Y ASOCIADOS S.A.C. - SAGITARIO & ASOCIADOS S.A.C.(*),,0.0,ACTIVO,HABIDO,0,0,0,0,1,1.0,4.0,ZUÑIGA VASQUEZ LIZ KATHERIN,CONSTRUCTORA & INMOBILIARIA SAGITARIO Y ASOCIADOS S.A.C. - SAGITARIO & ASOCIADOS S.A.C.(*),4,2,13,11,11,2,0.8461538461538461,0.15384615384615385,0.0,0.0,
20518043928,GLOBAL ENERGY ENVIRONMENTAL AND ECONOMIC CONSULTING SOCIEDAD ANONIMA,1,1,0,0,0,0,0,0,GLOBAL ENERGY ENVIRONMENTAL AND ECONOMIC CONSULTING SOCIEDAD ANONIMA,400000.0,400000.0,ACTIVO,HABIDO,0,0,0,0,0,1.0,2.0,GONZALES PALOMINO RAUL,GLOBAL ENERGY ENVIRONMENTAL AND ECONOMIC CONSULTING SOCIEDAD ANONIMA,0,0,2,1,1,1,0.5,0.5,0.0,0.0,
20518422431,IPG-INGENIERIA INTEGRAL SAC,1,1,0,0,0,0,0,0,IPG-INGENIERIA INTEGRAL SAC,11567660.08,11567660.08,ACTIVO,HABIDO,0,0,0,0,0,1.0,1.0,PEREZ GARAVITO CARLOS JORDY,IPG-INGENIERIA INTEGRAL SAC,0,0,2,1,1,1,0.5,0.5,0.0,0.0,
20520928503,AJN INVERSIONES S.A.C.,1,1,0,0,0,0,0,0,AJN INVERSIONES S.A.C.,19828537.49,19828537.49,ACTIVO,HABIDO,0,0,0,0,0,1.0,1.0,BUSTOS PALOMINO JULIO JESUS,AJN INVERSIONES S.A.C.,0,0,9,8,6,3,0.6666666666666666,0.3333333333333333,0.0,0.0,
20522404331,PRW INGENIERIA Y CONSTRUCCION S.A.C.,1,1,0,0,0,0,0,0,PRW INGENIERIA Y CONSTRUCCION S.A.C.,20011080.0,20011080.0,ACTIVO,HABIDO,0,0,0,0,0,1.0,1.0,LEVANO LEVANO PAUL,PRW INGENIERIA Y CONSTRUCCION S.A.C.,0,0,27,24,14,13,0.5185185185185185,0.48148148148148145,0.0,0.0,
20524383901,URCI CONSULTORES S.L. SUCURSAL DEL PERU,2,2,1,0,0,0,1,0,URCI CONSULTORES S.L. SUCURSAL DEL PERU(*),,0.0,ACTIVO,HABIDO,0,0,0,0,0,2.0,4.0,REYES ALCALA DIANA ELIZABETH,URCI CONSULTORES S.L. SUCURSAL DEL PERU,3,2,60,32,21,39,0.35,0.65,0.0,0.0,
20524399491,DIALL S.A.C,2,2,1,0,0,0,1,0,DIALL S.A.C(*),,0.0,ACTIVO,HABIDO,0,0,1,0,1,2.0,8.0,CHAVEZ ABAD DANILO EDUARDO,DIALL S.A.C,4,2,26,21,20,6,0.7692307692307693,0.23076923076923078,0.0,0.0,
20527026238,CONSORCIO JERGO CONTRATISTAS Y CONSULTORES SAC(*),2,2,1,0,0,0,1,0,CONSORCIO REACTIVA,181029783.3,181029783.3,ACTIVO,HABIDO,0,0,0,0,0,2.0,10.0,JULCA VASQUEZ MIGUEL ANGEL,CONSORCIO JERGO CONTRATISTAS Y CONSULTORES SAC(*),3,2,25,17,16,9,0.64,0.36,0.0,0.0,
20528217207,JACK RANDY CONSULTORES E.I.R.L.(*),1,1,1,0,0,0,0,0,JACK RANDY CONSULTORES E.I.R.L.(*),,0.0,ACTIVO,HABIDO,0,0,0,0,0,1.0,1.0,DAVILA AMASIFUEN JACK RANDY,JACK RANDY CONSULTORES E.I.R.L.(*),0,0,4,2,2,2,0.5,0.5,0.0,0.0,
20528975055,CONSTRUCTORA & CONSULTORA SAHMAT SOCIEDAD COMERCIAL DE RESPONSABILIDAD LIMITADA,1,1,0,0,0,0,0,0,CONSTRUCTORA & CONSULTORA SAHMAT SOCIEDAD COMERCIAL DE RESPONSABILIDAD LIMITADA,3671211.42,3671211.42,ACTIVO,HABIDO,0,0,0,0,1,1.0,1.0,AVALOS FERNANDEZ SAHORY ELISA,CONSTRUCTORA & CONSULTORA SAHMAT SOCIEDAD COMERCIAL DE RESPONSABILIDAD LIMITADA,1,1,14,13,13,1,0.9285714285714286,0.07142857142857142,0.0,0.0,
20529030330,CONSORCIO SEÑOR DE BURGOS,1,1,1,0,0,0,1,0,CONSORCIO SEÑOR DE BURGOS,3964248.06,3964248.06,ACTIVO,HABIDO,0,0,0,0,0,1.0,3.0,GABRIEL GUERRA JOSE,CONSORCIO SEÑOR DE BURGOS,3,2,13,11,7,6,0.5384615384615384,0.46153846153846156,1.0,1.0,9:30
20529104988,INVERSIONES EN TI JESUS SOCIEDAD ANONIMA CERRADA(*),1,1,1,0,1,0,0,0,INVERSIONES EN TI JESUS SOCIEDAD ANONIMA CERRADA(*),231869599.6,231869599.6,ACTIVO,HABIDO,0,0,0,0,1,1.0,14.0,ALVARADO LOPEZ DANIELA,INVERSIONES EN TI JESUS SOCIEDAD ANONIMA CERRADA(*),4,2,4,2,2,2,0.5,0.5,0.0,0.0,
20530143130,CONSTRUCCIONES Y SERVICIOS GENERALES MAREL SOCIEDAD COMERCIAL DE RESPONSABILIDAD LIMITADA,1,1,0,0,0,0,0,0,CONSTRUCCIONES Y SERVICIOS GENERALES MAREL SOCIEDAD COMERCIAL DE RESPONSABILIDAD LIMITADA,22728800.84,22728800.84,ACTIVO,HABIDO,0,0,0,0,0,1.0,3.0,GARCIA MERINO SEGUNDO ARISTOBULO,CONSTRUCCIONES Y SERVICIOS GENERALES MAREL SOCIEDAD COMERCIAL DE RESPONSABILIDAD LIMITADA,0,0,5,4,4,1,0.8,0.2,0.0,0.0,
20532076774,H Y H CONSULTORIA EN INGENIERIA Y CONSTRUCCION S.A.C.(*),2,3,1,0,0,0,0,0,H Y H CONSULTORIA EN INGENIERIA Y CONSTRUCCION S.A.C.(*),,0.0,ACTIVO,HABIDO,0,0,0,0,0,2.0,6.0,QUISPE CANO ALEX,H Y H CONSULTORIA EN INGENIERIA Y CONSTRUCCION S.A.C.(*),0,0,22,12,16,6,0.7272727272727273,0.2727272727272727,0.0,0.0,
20533664904,CONSORCIO JIREH,2,2,1,0,0,0,0,0,CONSORCIO JIREH,5861629.2,5861629.2,ACTIVO,HABIDO,0,0,0,0,0,2.0,17.0,TELLO VERASTEGUI LUIS ALBERTO,CONSORCIO JIREH,0,0,115,65,79,36,0.6869565217391305,0.3130434782608696,0.0,0.0,
20533979727,CONSORCIO CONSTRUCTOR AREQUIPA,1,1,1,0,0,0,0,0,CONSORCIO CONSTRUCTOR AREQUIPA,142328639.2,70596349.21,ACTIVO,HABIDO,0,0,0,0,0,1.0,4.0,MOSCAIRO CHURA MAURO,CONSORCIO CONSTRUCTOR AREQUIPA,0,0,15,13,13,2,0.8666666666666667,0.13333333333333333,0.0,0.0,
20534027126,Consorcio DR & H ,1,1,1,0,0,0,0,0,Consorcio DR & H ,14430177.0,14430177.0,ACTIVO,HABIDO,0,0,0,0,0,1.0,3.0,RAFAEL MEZA DANIEL,Consorcio DR & H ,0,0,4,2,2,2,0.5,0.5,0.0,0.0,
20534120410,CONSTRUCTORA PUNTO VISUAL S.A.C.(*),1,1,1,0,0,0,0,0,CONSTRUCTORA PUNTO VISUAL S.A.C.(*),1050849040.0,1050849040.0,ACTIVO,HABIDO,0,0,0,0,1,1.0,5.0,ESPINOZA AVENDAÑO LUIS MIGUEL,CONSTRUCTORA PUNTO VISUAL S.A.C.(*),1,1,5,3,2,3,0.4,0.6,0.0,0.0,
20534636220,CORPORACION R & O INGENIEROS Y ARQUITECTOS E.I.R.L.,2,2,0,0,0,1,1,0,CORPORACION R & O INGENIEROS Y ARQUITECTOS E.I.R.L.,17654441.95,17654441.95,ACTIVO,HABIDO,0,1,0,0,0,2.0,1.0,RAMOS HERNANDEZ JORGE ALBERTO,CORPORACION R & O INGENIEROS Y ARQUITECTOS E.I.R.L.,5,3,5,2,3,2,0.6,0.4,0.0,0.0,
20534918471,CONSORCIO ANCASH,2,2,1,1,1,0,1,0,CONSORCIO DE PUENTES,35280483.52,35280483.52,BAJA DE OFICIO,HABIDO,1,0,0,0,0,2.0,12.0,CASTRO QUISPE HERBERT JAIME,CONSORCIO ANCASH,5,3,103,59,92,11,0.8932038834951457,0.10679611650485436,0.0,0.0,
20536290916,CONSORCIO SUPERVISOR TRASSO VIAL,1,1,1,0,0,0,0,0,CONSORCIO SUPERVISOR TRASSO VIAL,,0.0,ACTIVO,HABIDO,0,0,0,0,0,1.0,2.0,BECERRA GUEVARA RICARDO LENIN,CONSORCIO SUPERVISOR TRASSO VIAL,0,0,16,10,7,9,0.4375,0.5625,0.0,0.0,
20536566849,CONSORCIO SANTA INÉS,1,1,1,0,0,1,1,0,CONSORCIO SANTA INÉS,,0.0,ACTIVO,HABIDO,0,1,0,0,0,1.0,4.0,DELGADO PEREZ PEDRO LUIS,CONSORCIO SANTA INÉS,5,3,16,11,10,6,0.625,0.375,0.0,0.0,
20537162610,CONSORCIO VIAL PUTINA,1,1,1,0,0,0,0,0,CONSORCIO VIAL PUTINA,,0.0,ACTIVO,HABIDO,0,0,0,0,1,1.0,2.0,OSORES PADILLA DANIEL FRANCISCO,CONSORCIO VIAL PUTINA,1,1,22,18,16,6,0.7272727272727273,0.2727272727272727,0.0,0.0,
20538025918,ASISTENCIA TECNICA Y JURIDICA CONSULTORES SL,2,2,1,1,1,0,1,0,CONSORCIO CONSULTOR ATE,,0.0,ACTIVO,HABIDO,1,0,0,0,0,1.0,4.0,PACCHA HUAMANI PABLO ROBERTO,ASISTENCIA TECNICA Y JURIDICA CONSULTORES SL,5,3,20,15,8,12,0.4,0.6,1.0,1.0,8:00
20538812111,CONSULTORES DE INGENIERIA UG21 SOCIEDAD LIMITADA(*),3,3,1,0,0,0,0,0,CONSULTORES DE INGENIERIA UG21 SOCIEDAD LIMITADA(*),,0.0,ACTIVO,HABIDO,0,0,0,0,0,3.0,3.0,CANGO CORO DILANIA,CONSULTORES DE INGENIERIA UG21 SOCIEDAD LIMITADA(*),0,0,37,24,21,16,0.5675675675675675,0.43243243243243246,0.0,0.0,
20539183878,IBERNOVAS SAC(*),2,2,1,0,1,1,1,0,IBERNOVAS SAC(*),50903039.92,50903039.92,ACTIVO,HABIDO,0,1,0,0,0,2.0,29.0,VILCAHUAMAN CAJACURI NANCY PATRICIA,IBERNOVAS SAC(*),5,3,115,65,79,36,0.6869565217391305,0.3130434782608696,0.0,0.0,
20539211162,CONSORCIO VIAL PERU ,1,1,1,0,0,0,0,0,CONSORCIO VIAL PERU ,7360762.54,7360762.54,ACTIVO,HABIDO,0,0,0,0,0,1.0,2.0,SAMAME SUYON JOSE ENRIQUE,CONSORCIO VIAL PERU ,0,0,5,3,3,2,0.6,0.4,0.0,0.0,
20539613392,CONSORCIO AREQUIPA 10,1,1,1,0,1,0,0,0,CONSORCIO AREQUIPA 10,8854946.22,8854946.22,ACTIVO,HABIDO,0,0,0,0,0,1.0,7.0,KANG CABRERA WONSEOK MIGUEL,CONSORCIO AREQUIPA 10,3,2,4,2,2,2,0.5,0.5,0.0,0.0,
20540088056,CONSTRUCTORA E INVERSIONES EL TAN S.A.C.(*),1,1,1,0,1,0,0,0,CONSTRUCTORA E INVERSIONES EL TAN S.A.C.(*),,0.0,ACTIVO,HABIDO,0,0,0,0,0,1.0,2.0,ROMAN PAREDES ISIDRO,CONSTRUCTORA E INVERSIONES EL TAN S.A.C.(*),3,2,4,2,2,2,0.5,0.5,0.0,0.0,
20541352547,ENERGIA  SISTEMAS Y TELECOMUNICACIONES SOCIEDAD ANONIMA,1,1,0,0,1,0,0,0,ENERGIA  SISTEMAS Y TELECOMUNICACIONES SOCIEDAD ANONIMA,36003872.27,36003872.27,ACTIVO,HABIDO,0,0,0,0,0,1.0,1.0,BARRETO POMA FREDY RICHARD,ENERGIA  SISTEMAS Y TELECOMUNICACIONES SOCIEDAD ANONIMA,3,2,2,1,1,1,0.5,0.5,0.0,0.0,
20542380021,DIESING SOCIEDAD ANONIMA CERRADA INGENIEROS CONSULTORES(*),1,1,1,0,0,0,1,0,DIESING SOCIEDAD ANONIMA CERRADA INGENIEROS CONSULTORES(*),,0.0,ACTIVO,HABIDO,0,0,0,0,0,1.0,2.0,DIAZ ESPINOZA GEYSSEN,DIESING SOCIEDAD ANONIMA CERRADA INGENIEROS CONSULTORES(*),3,2,14,12,12,2,0.8571428571428571,0.14285714285714285,0.0,0.0,
20543192661,CONSORCIO RUPA RUPA,1,1,1,0,0,0,0,0,CONSORCIO RUPA RUPA,,0.0,ACTIVO,HABIDO,0,0,0,1,0,1.0,3.0,LOPEZ OROZCO JESUS ISRAEL,CONSORCIO RUPA RUPA,1,1,33,22,9,24,0.2727272727272727,0.7272727272727273,0.0,0.0,
20543307409,INGENIEROS CONSULTORES PACCHA S.A.C(*),2,2,1,0,0,0,1,0,INGENIEROS CONSULTORES PACCHA S.A.C(*),,0.0,ACTIVO,HABIDO,0,0,0,0,1,2.0,4.0,PACCHA RUFASTO CESAR AUGUSTO,INGENIEROS CONSULTORES PACCHA S.A.C(*),4,2,20,14,11,9,0.55,0.45,0.0,0.0,
20543698912,CONSORCIO BUENAVENTURA,2,2,1,0,0,0,1,0,HM INGENIEROS CONSULTORES S.A.(*),,0.0,ACTIVO,HABIDO,0,0,0,0,0,2.0,4.0,JIMENEZ CAJA JENNY MARYBEL,CONSORCIO BUENAVENTURA,3,2,21,15,7,14,0.3333333333333333,0.6666666666666666,0.0,0.0,
20544952693,CONSORCIO PUENTE HUALLAGA I,1,1,1,0,1,0,1,0,CONSORCIO PUENTE HUALLAGA I,867507923.1,867507923.1,ACTIVO,HABIDO,0,0,0,0,0,1.0,5.0,POW SANG TEJADA HUGO JOSUE,CONSORCIO PUENTE HUALLAGA I,3,2,20,16,16,4,0.8,0.2,1.0,1.0,10:00
20545202043,BENITO  ROGGIO  E  HIJOS SA SUCURSAL DEL PERU,1,1,0,0,0,0,0,0,BENITO  ROGGIO  E  HIJOS SA SUCURSAL DEL PERU,3013581167.0,2588523908.0,ACTIVO,HABIDO,0,0,0,0,0,,,,BENITO  ROGGIO  E  HIJOS SA SUCURSAL DEL PERU,0,0,2,1,1,1,0.5,0.5,0.0,0.0,
20545286719,CONSORCIO CARRETERO,1,1,1,0,0,1,1,0,CONSORCIO CARRETERO,190706567.4,190706567.4,ACTIVO,HABIDO,0,1,0,0,0,,,,CONSORCIO CARRETERO,5,3,31,29,29,2,0.9354838709677419,0.06451612903225806,0.0,0.0,
20545316561,TACTICAL IT S.A.C.(*),1,1,1,0,1,0,0,0,TACTICAL IT S.A.C.(*),587276977.5,587276977.5,ACTIVO,HABIDO,0,0,0,0,0,1.0,11.0,TUNY GALLARDO RENIER PERCY,TACTICAL IT S.A.C.(*),3,2,7,5,5,2,0.7142857142857143,0.2857142857142857,0.0,0.0,
20545564891,CONSORCIO PUENTE HUALLAGA I,1,1,1,0,0,0,1,0,CONSORCIO PUENTE HUALLAGA I,356569741.9,356569741.9,ACTIVO,HABIDO,0,0,0,0,0,1.0,5.0,PASAPERA ADRIANZEN LUIS CARLOS ELIAS,CONSORCIO PUENTE HUALLAGA I,3,2,20,16,16,4,0.8,0.2,1.0,1.0,10:00
20545865158,YIP INGENIEROS CONSULTORES S.A.C.,2,2,0,0,0,0,1,0,YIP INGENIEROS CONSULTORES S.A.C.,,0.0,ACTIVO,HABIDO,0,0,0,0,0,2.0,4.0,YIP AYALA MIGUEL ANGEL,YIP INGENIEROS CONSULTORES S.A.C.,3,2,28,13,19,9,0.6785714285714286,0.32142857142857145,0.0,0.0,
20546593186,CONSORCIO SUPERVISOR MARITZA CAMPOS DIAZ,2,2,1,0,0,0,0,0,CONSULTORA PERUANA DE INGENIERIA S.A.C.,,0.0,ACTIVO,HABIDO,0,0,0,0,0,2.0,9.0,SIMON MUCHA MONICA LUZ,CONSORCIO SUPERVISOR MARITZA CAMPOS DIAZ,0,0,32,25,25,7,0.78125,0.21875,1.0,1.0,15:00
20547097069,CONSORCIO PUENTES AREQUIPA,1,1,1,0,0,0,0,0,CONSORCIO PUENTES AREQUIPA,450304946.5,450304946.5,ACTIVO,HABIDO,0,0,0,0,0,1.0,9.0,CAMPOS PANDURO CRISTIAN,CONSORCIO PUENTES AREQUIPA,0,0,16,13,13,3,0.8125,0.1875,0.0,0.0,
20547527250,LOMBARDI S.A. INGENIEROS CONSULTORES - SUCURSAL PERU,1,1,0,0,0,0,0,0,LOMBARDI S.A. INGENIEROS CONSULTORES - SUCURSAL PERU,,0.0,ACTIVO,HABIDO,0,0,0,0,0,,,,LOMBARDI S.A. INGENIEROS CONSULTORES - SUCURSAL PERU,0,0,2,1,1,1,0.5,0.5,0.0,0.0,
20547696108,E&L INVERSIONES GROUP S.A.C.,1,1,0,0,0,1,1,0,E&L INVERSIONES GROUP S.A.C.,3138625.38,3138625.38,ACTIVO,HABIDO,0,1,0,0,0,1.0,11.0,MAS BURGA LUIS EDUARDO,E&L INVERSIONES GROUP S.A.C.,5,3,50,38,34,16,0.68,0.32,0.0,0.0,
20548040320,SACYR CONSTRUCCION S.A. SUCURSAL DEL PERU(*),1,1,1,0,0,0,0,0,SACYR CONSTRUCCION S.A. SUCURSAL DEL PERU(*),9379759605.0,9379759605.0,ACTIVO,HABIDO,0,0,0,0,0,,,,SACYR CONSTRUCCION S.A. SUCURSAL DEL PERU(*),0,0,31,29,29,2,0.9354838709677419,0.06451612903225806,0.0,0.0,
20548160147,FICHTNER WATER & TRANSPORTATION GMBH SUCURSAL DEL PERU,1,1,0,0,0,0,0,0,FICHTNER WATER & TRANSPORTATION GMBH SUCURSAL DEL PERU,,0.0,ACTIVO,HABIDO,0,0,0,0,0,,,,FICHTNER WATER & TRANSPORTATION GMBH SUCURSAL DEL PERU,0,0,2,1,1,1,0.5,0.5,0.0,0.0,
20548316171,CONSORCIO TRES CRUCES,1,1,1,0,0,0,0,0,CONSORCIO TRES CRUCES,,0.0,ACTIVO,HABIDO,0,0,0,1,0,1.0,5.0,BUSTAMANTE DIAZ LIZ GUISELLY,CONSORCIO TRES CRUCES,1,1,21,18,13,8,0.6190476190476191,0.38095238095238093,0.0,0.0,
20548931321,CONSORCIO PROYECTO JOSE SOTO,2,2,1,0,1,1,1,0,CONSORCIO PROYECTO JOSE SOTO,,0.0,ACTIVO,HABIDO,0,1,0,0,0,2.0,1.0,CARRASCO SARRIO LUIS GUILLERMO,CONSORCIO PROYECTO JOSE SOTO,5,3,32,16,21,11,0.65625,0.34375,0.0,0.0,
20549322434,PYUNGHWA ENGINEERING CONSULTANTS LTDA SUCURSAL DEL PERU(*),4,4,1,0,0,0,0,0,PYUNGHWA ENGINEERING CONSULTANTS LTDA SUCURSAL DEL PERU(*),900000.0,900000.0,ACTIVO,HABIDO,0,0,0,0,0,1.0,2.0,OSORES PADILLA DANIEL FRANCISCO,PYUNGHWA ENGINEERING CONSULTANTS LTDA SUCURSAL DEL PERU(*),0,0,70,33,32,38,0.45714285714285713,0.5428571428571428,0.0,0.0,
20549450947,CONSORCIO VIAL TUMBES,1,1,1,0,1,0,0,0,CONSORCIO VIAL TUMBES,,0.0,ACTIVO,HABIDO,0,0,0,0,0,1.0,6.0,VERA MAQUET VERONIQUE ANNE MARGUERITE,CONSORCIO VIAL TUMBES,3,2,19,14,14,5,0.7368421052631579,0.2631578947368421,0.0,0.0,
20549501363,CONSORCIO ALFA CARACOTO,1,1,1,0,0,0,0,0,CONSORCIO ALFA CARACOTO,900000.0,900000.0,ACTIVO,HABIDO,0,0,0,0,0,1.0,3.0,MEJIA SARMIENTO LIZETTE KAREN,CONSORCIO ALFA CARACOTO,0,0,6,3,2,4,0.3333333333333333,0.6666666666666666,0.0,0.0,
20549933824,CONSORCIO IBERPERU,2,2,1,0,0,1,1,0,ECOPSA PERU INGENIERIA Y CONSTRUCCION S.A.C. - ECOPSA PERU S.A.C.(*),500000.0,500000.0,ACTIVO,HABIDO,0,1,0,0,0,2.0,29.0,CASTILLO SANCHEZ JUAN CARLOS,CONSORCIO IBERPERU,5,3,115,65,79,36,0.6869565217391305,0.3130434782608696,0.0,0.0,
20551946020,CONSORCIO SANTA INES,2,2,1,1,1,1,1,0,CONSORCIO VIAL PAIMAS,,0.0,ACTIVO,HABIDO,1,1,0,0,0,2.0,4.0,FIGUEROA AVILA MARIA SOLEDAD,CONSORCIO SANTA INES,5,3,39,19,21,18,0.5384615384615384,0.46153846153846156,0.0,0.0,
20552088167,CONSORCIO SANTA INÉS,1,1,1,0,0,0,0,0,CONSORCIO SANTA INÉS,,0.0,ACTIVO,HABIDO,0,0,0,0,0,1.0,4.0,RAMIREZ TRUCIOS DARWIN GERARDO,CONSORCIO SANTA INÉS,0,0,29,22,10,19,0.3448275862068966,0.6551724137931034,0.0,0.0,
20552233787,TEC-CUATRO S.A.  - SUCURSAL PERU(*),4,4,1,0,0,0,0,0,TEC-CUATRO S.A.  - SUCURSAL PERU(*),,0.0,ACTIVO,HABIDO,0,0,0,0,0,4.0,2.0,PAIRAZAMAN LLERENA TERESA BEATRIZ,TEC-CUATRO S.A.  - SUCURSAL PERU(*),0,0,56,31,33,23,0.5892857142857143,0.4107142857142857,0.0,0.0,
20552332092,2H INGENIERIA Y CONSTRUCCION S.A.C.(*),1,1,1,0,0,0,0,0,2H INGENIERIA Y CONSTRUCCION S.A.C.(*),1499987700.0,330852259.0,ACTIVO,HABIDO,0,0,0,0,0,1.0,5.0,HERRERA GASPAR ALEX ENRIQUE,2H INGENIERIA Y CONSTRUCCION S.A.C.(*),0,0,13,10,8,5,0.6153846153846154,0.38461538461538464,0.0,0.0,
20553239681,KTL PROJECT AND CONSULTING GROUP S.A.C. - KTL GROUP S.A.C.,1,1,0,0,0,0,0,0,KTL PROJECT AND CONSULTING GROUP S.A.C. - KTL GROUP S.A.C.,,0.0,ACTIVO,HABIDO,0,0,0,0,0,1.0,5.0,BERNEDO HENOSTROZA NATALY,KTL PROJECT AND CONSULTING GROUP S.A.C. - KTL GROUP S.A.C.,0,0,2,1,1,1,0.5,0.5,0.0,0.0,
20555172746,CONSORCIO SELVA,1,1,1,0,1,0,0,0,CONSORCIO SELVA,28935414.56,28935414.56,ACTIVO,HABIDO,0,0,0,0,0,1.0,11.0,VASQUEZ ORTIZ LISSET NARDI,CONSORCIO SELVA,3,2,8,6,6,2,0.75,0.25,0.0,0.0,
20556295281,TABLEROS Y PUENTES S.A. SUCURSAL DEL PERU(*),1,1,1,0,0,0,0,0,TABLEROS Y PUENTES S.A. SUCURSAL DEL PERU(*),597629186.9,597629186.9,ACTIVO,HABIDO,0,0,0,0,0,1.0,5.0,POW SANG TEJADA HUGO JOSUE,TABLEROS Y PUENTES S.A. SUCURSAL DEL PERU(*),0,0,25,20,16,9,0.64,0.36,1.0,1.0,10:00
20556777781,ZB CONSULTORES S.A.C.,1,1,0,0,0,0,0,0,ZB CONSULTORES S.A.C.,,0.0,ACTIVO,HABIDO,0,0,0,0,0,1.0,1.0,ZUÑIGA VALENCIA OSCAR RICARDO,ZB CONSULTORES S.A.C.,0,0,2,1,1,1,0.5,0.5,0.0,0.0,
20557000012,PROYECTO VERDE ASESORES Y CONSULTORES S.A.C.(*),4,4,1,0,0,0,0,0,PROYECTO VERDE ASESORES Y CONSULTORES S.A.C.(*),900929156.7,900929156.7,ACTIVO,HABIDO,0,0,0,0,0,4.0,1.0,VILA CELAYA JOSE MANUEL,PROYECTO VERDE ASESORES Y CONSULTORES S.A.C.(*),0,0,26,13,17,9,0.6538461538461539,0.34615384615384615,1.0,1.0,15:00
20557994239,CONSORCIO SANTA ROSA - ARTIFICIAL -TYPSA,1,1,1,0,0,0,0,0,CONSORCIO SANTA ROSA - ARTIFICIAL -TYPSA,,0.0,ACTIVO,HABIDO,0,0,0,0,0,1.0,4.0,MORA DEVOTO URSULA MARIA,CONSORCIO SANTA ROSA - ARTIFICIAL -TYPSA,0,0,13,10,3,10,0.23076923076923078,0.7692307692307693,0.0,0.0,
20559620140,CHALA GROUP S.A.C.,1,1,0,0,1,0,0,0,CHALA GROUP S.A.C.,1442979.26,1442979.26,SUSPENSION TEMPORAL,HABIDO,0,0,0,0,0,1.0,1.0,CHAVEZ JARA HELQUI,CHALA GROUP S.A.C.,3,2,2,1,1,1,0.5,0.5,0.0,0.0,
20561323926,CONSORCIO LA UNION,1,2,1,0,0,0,0,0,CONSORCIO LA UNION,450000.0,450000.0,SUSPENSION TEMPORAL,HABIDO,0,0,0,0,0,1.0,3.0,SANTAMARIA ZEÑA WILLIAM LANDER,CONSORCIO LA UNION,0,0,8,2,4,4,0.5,0.5,0.0,0.0,
20563373009,CONSORCIO VIAL CAYLLOMA,1,1,1,0,1,1,1,0,CONSORCIO VIAL CAYLLOMA,504136244.8,504136244.8,ACTIVO,HABIDO,0,1,0,0,0,1.0,5.0,ALVA CUBILLAS ELVIS HANS,CONSORCIO VIAL CAYLLOMA,5,3,9,7,7,2,0.7777777777777778,0.2222222222222222,0.0,0.0,
20566350760,CONSORCIO SUPERVISOR PAUCARA,1,1,1,0,0,0,1,0,CONSORCIO SUPERVISOR PAUCARA,,0.0,ACTIVO,HABIDO,0,0,0,0,0,1.0,2.0,PINELO MARCAVILLACA JIMMY,CONSORCIO SUPERVISOR PAUCARA,3,2,28,23,12,16,0.42857142857142855,0.5714285714285714,0.0,0.0,
20568844671,SOCIEDAD AMERICANA DE INGENIERIA Y CONSTRUCCION SOCIEDAD ANÓNIMA CERRADA- SADIC S.A.C.(*),1,1,1,0,1,0,1,0,SOCIEDAD AMERICANA DE INGENIERIA Y CONSTRUCCION SOCIEDAD ANÓNIMA CERRADA- SADIC S.A.C.(*),23861580.32,23861580.32,ACTIVO,HABIDO,0,0,0,1,0,1.0,3.0,MARTINEZ ÑAHUI SAIDA CARMEN,SOCIEDAD AMERICANA DE INGENIERIA Y CONSTRUCCION SOCIEDAD ANÓNIMA CERRADA- SADIC S.A.C.(*),4,2,4,2,2,2,0.5,0.5,0.0,0.0,
20570505786,CONSTRUCTORA SANTALIA S.A.C.(*),1,1,1,0,1,0,0,0,CONSTRUCTORA SANTALIA S.A.C.(*),30366653.3,30366653.3,ACTIVO,HABIDO,0,0,0,0,0,1.0,7.0,ESPEJO VASQUEZ MERI YAQUELIN,CONSTRUCTORA SANTALIA S.A.C.(*),3,2,4,2,2,2,0.5,0.5,0.0,0.0,
20570706170,CONSORCIO SUPERVISOR PUENTE AÑASHUAYCO,4,4,1,0,0,0,0,0,RBG INGENIEROS S.A.C.(*),900000.0,-5550000.0,ACTIVO,HABIDO,0,0,0,0,0,4.0,3.0,BECERRA GUEVARA RICARDO LENIN,CONSORCIO SUPERVISOR PUENTE AÑASHUAYCO,0,0,55,29,35,20,0.6363636363636364,0.36363636363636365,0.0,0.0,
20571163587,CONSORCIO ESCORPION,1,1,1,0,0,0,0,0,CONSORCIO ESCORPION,10350168.14,10350168.14,ACTIVO,HABIDO,0,0,0,0,0,1.0,5.0,TORRES PACHECO VALENTIN,CONSORCIO ESCORPION,0,0,4,2,2,2,0.5,0.5,0.0,0.0,
20571203988,CONSORCIO COVERSA,2,2,1,0,0,0,0,0,CONSORCIO COVERSA,4490433501.0,4490433501.0,ACTIVO,HABIDO,0,0,0,0,0,2.0,3.0,SALCEDO SAAVEDRA IVAN FRANKLIN,CONSORCIO COVERSA,0,0,8,2,4,4,0.5,0.5,0.0,0.0,
20571506701,MULTISERVICIOS SAN VICENTE DE LIMAN E.I.R.L.,1,1,0,0,0,0,0,0,MULTISERVICIOS SAN VICENTE DE LIMAN E.I.R.L.,2832195.92,2832195.92,ACTIVO,HABIDO,0,0,0,0,0,1.0,4.0,RAMOS INOCENTE WILLIAM MIGUEL,MULTISERVICIOS SAN VICENTE DE LIMAN E.I.R.L.,0,0,2,1,1,1,0.5,0.5,0.0,0.0,
20573023481,JOGAMA CONSULTORIAS Y CONSTRUCCIONES GENERALES E.I.R.L(*),1,1,1,0,0,0,1,0,JOGAMA CONSULTORIAS Y CONSTRUCCIONES GENERALES E.I.R.L(*),900000.0,900000.0,ACTIVO,HABIDO,0,0,0,0,0,1.0,3.0,DELGADO VALDIVIA JOHN JAMINTON,JOGAMA CONSULTORIAS Y CONSTRUCCIONES GENERALES E.I.R.L(*),3,2,15,13,7,8,0.4666666666666667,0.5333333333333333,1.0,1.0,9:30
20573333081,CONSORCIO SUPERVISOR SAN JOSE,1,1,1,0,1,0,0,0,CONSORCIO SUPERVISOR SAN JOSE,30839157.58,30839157.58,ACTIVO,HABIDO,0,0,0,0,0,1.0,1.0,MARTINEZ MERINO WILSON JOSE,CONSORCIO SUPERVISOR SAN JOSE,3,2,13,7,4,9,0.3076923076923077,0.6923076923076923,0.0,0.0,
20600090799,CONSORCIO SUPERVISOR AREQUIPA,1,1,1,0,0,0,0,0,CONSORCIO SUPERVISOR AREQUIPA,75000.0,75000.0,ACTIVO,HABIDO,0,0,0,0,0,1.0,3.0,VASQUEZ HUARCAYA DANY MANUEL,CONSORCIO SUPERVISOR AREQUIPA,0,0,9,5,4,5,0.4444444444444444,0.5555555555555556,0.0,0.0,
20600366948,CONSORCIO SUPERVISOR PUENTE COMUNEROS,7,7,1,0,1,0,0,0,DOHWA ENGINEERING CO. LTD. SUCURSAL DEL PERU(*),,0.0,ACTIVO,HABIDO,0,0,0,1,0,5.0,16.0,ANZA CAMPOS CESAR AUGUSTO,CONSORCIO SUPERVISOR PUENTE COMUNEROS,4,2,127,64,59,68,0.4645669291338583,0.5354330708661418,0.0,0.0,
20600408764,CONSTRUCTORA LUVASCA E.I.R.L.,1,1,0,0,0,0,1,0,CONSTRUCTORA LUVASCA E.I.R.L.,3880371.84,3880371.84,ACTIVO,HABIDO,0,0,0,0,0,1.0,1.0,VASQUEZ CAMPOS LUIS OSWALDO,CONSTRUCTORA LUVASCA E.I.R.L.,3,2,7,6,6,1,0.8571428571428571,0.14285714285714285,0.0,0.0,
20600509790,ACTIVIDADES MEDIOAMBIENTALES Y CONSTRUCCION ORIENTE S.A.C.,1,2,0,0,0,0,0,0,ACTIVIDADES MEDIOAMBIENTALES Y CONSTRUCCION ORIENTE S.A.C.,3940087.77,3940087.77,ACTIVO,HABIDO,0,0,0,0,0,1.0,3.0,CARRANZA LAVADO WILIANS,ACTIVIDADES MEDIOAMBIENTALES Y CONSTRUCCION ORIENTE S.A.C.,0,0,25,21,23,2,0.92,0.08,0.0,0.0,
20600533798,EMPRESA CONSTRUCTORA DEL PERU S.A.C.(*),2,2,1,0,0,0,1,0,EMPRESA CONSTRUCTORA DEL PERU S.A.C.(*),123543347.5,123543347.5,ACTIVO,HABIDO,0,0,0,0,0,2.0,20.0,VILLARREAL DE GARCIA JUANA,EMPRESA CONSTRUCTORA DEL PERU S.A.C.(*),3,2,114,66,78,36,0.6842105263157895,0.3157894736842105,0.0,0.0,
20600538196,CONSORCIO SANTA INÉS,1,1,1,0,0,0,1,0,CONSORCIO SANTA INÉS,,0.0,ACTIVO,HABIDO,0,0,0,0,0,1.0,4.0,HOLGUIN PERALES KATHERINE,CONSORCIO SANTA INÉS,3,2,16,11,10,6,0.625,0.375,0.0,0.0,
20600549198,IDP INGENIERIA Y ARQUITECTURA IBERIA S.L.; SUCURSAL PERU,1,1,0,0,0,0,1,0,IDP INGENIERIA Y ARQUITECTURA IBERIA S.L.; SUCURSAL PERU,,0.0,ACTIVO,HABIDO,0,0,0,0,0,1.0,2.0,PALACIOS ARONES MARIA NILDA,IDP INGENIERIA Y ARQUITECTURA IBERIA S.L.; SUCURSAL PERU,3,2,2,1,1,1,0.5,0.5,0.0,0.0,
20600601467,CONSORCIO SIPAN,1,1,1,1,1,0,1,0,CONSORCIO SIPAN,500000.0,500000.0,ACTIVO,HABIDO,1,0,0,0,0,1.0,2.0,CARRANZA ZULOETA ROBERTO EDUARDO,CONSORCIO SIPAN,5,3,14,10,6,8,0.42857142857142855,0.5714285714285714,0.0,0.0,
20600625498,CONSORCIO SAN ISIDRO - HUARMACA,1,1,1,0,1,0,0,0,CONSORCIO SAN ISIDRO - HUARMACA,36103634.38,36103634.38,ACTIVO,HABIDO,0,0,0,0,0,1.0,3.0,CHINGUEL CAMIZAN FREDI RONALD,CONSORCIO SAN ISIDRO - HUARMACA,3,2,28,26,26,2,0.9285714285714286,0.07142857142857142,0.0,0.0,
20600683650,CORPORACION DIAMANTE JUBERS S.A.C.(*),1,1,1,0,1,0,0,0,CORPORACION DIAMANTE JUBERS S.A.C.(*),2157432332.0,2009539338.0,ACTIVO,HABIDO,0,0,0,0,0,1.0,5.0,ROJAS SANCHEZ JUVINO BERNAVE,CORPORACION DIAMANTE JUBERS S.A.C.(*),3,2,12,10,10,2,0.8333333333333334,0.16666666666666666,0.0,0.0,
20600849922,J Y R ASESORES CONSULTORES GENERALES DE CONSTRUCCION E.I.R.L.(*),1,1,1,0,0,0,0,0,J Y R ASESORES CONSULTORES GENERALES DE CONSTRUCCION E.I.R.L.(*),193500.0,193500.0,ACTIVO,HABIDO,0,0,0,0,0,1.0,3.0,DUEÑAS BRAVO DAVID ROY,J Y R ASESORES CONSULTORES GENERALES DE CONSTRUCCION E.I.R.L.(*),0,0,8,4,4,4,0.5,0.5,0.0,0.0,
20600881371,CONSORCIO VILLA VICTORIA,1,1,1,0,0,0,0,0,CONSORCIO VILLA VICTORIA,500000.0,-12950000.0,ACTIVO,HABIDO,0,0,0,0,0,1.0,5.0,BAZAN GOMERO HUGO SANTIAGO,CONSORCIO VILLA VICTORIA,0,0,10,6,6,4,0.6,0.4,0.0,0.0,
20600891317,CHANGJIANG INSTITUTE OF SURVEY; PLANNING; DESIGN AND RESEARCH SUCURSAL DEL PERU,5,5,1,0,0,0,0,0,CONSORCIO VIA SAUSACOCHA,,0.0,ACTIVO,HABIDO,0,0,0,0,0,3.0,6.0,BENATE HUARCAYA BLADIMIR,CHANGJIANG INSTITUTE OF SURVEY; PLANNING; DESIGN AND RESEARCH SUCURSAL DEL PERU,0,0,79,43,31,48,0.3924050632911392,0.6075949367088608,0.0,0.0,
20600977661,CHINA RAILWAY TUNNEL GROUP CO.; LTD SUCURSAL DEL PERU,3,3,1,0,0,0,1,0,CONSORCIO CARRETERA CUSCO,11600428632.0,11600428632.0,ACTIVO,HABIDO,0,0,0,1,0,1.0,3.0,AGUILAR QUISPE ROBERTO JESUS,CHINA RAILWAY TUNNEL GROUP CO.; LTD SUCURSAL DEL PERU,4,2,59,44,46,13,0.7796610169491526,0.22033898305084745,0.0,0.0,
20600984714,CONSORCIO SAN CARLOS,2,2,1,0,0,0,0,0,CONSORCIO SAN CARLOS,,0.0,ACTIVO,HABIDO,0,0,0,0,0,2.0,2.0,OBLITAS SALAZAR KATHYA LIZBET,CONSORCIO SAN CARLOS,0,0,8,2,4,4,0.5,0.5,0.0,0.0,
20601116082,CHINA RAILWAY N° 10 ENGINEERING GROUP CO.; LTD SUCURSAL DEL PERU(*),2,2,1,0,0,0,0,0,CHINA RAILWAY N° 10 ENGINEERING GROUP CO.; LTD SUCURSAL DEL PERU(*),9221860820.0,8946577154.0,ACTIVO,HABIDO,0,0,0,0,0,1.0,5.0,OSHIRO OVIEDO EDUARDO MARTIN,CHINA RAILWAY N° 10 ENGINEERING GROUP CO.; LTD SUCURSAL DEL PERU(*),0,0,22,14,12,10,0.5454545454545454,0.45454545454545453,0.0,0.0,
20601137624,CONSORCIO SANEAMIENTO VENTANILLA,1,1,1,0,0,0,0,0,CONSORCIO SANEAMIENTO VENTANILLA,,0.0,ACTIVO,HABIDO,0,0,0,0,0,1.0,1.0,PAIRAZAMAN LLERENA TERESA BEATRIZ,CONSORCIO SANEAMIENTO VENTANILLA,0,0,22,19,2,20,0.09090909090909091,0.9090909090909091,0.0,0.0,
20601143021,CONSORCIO VIAL LUCANAS,1,1,1,0,0,0,0,0,CONSORCIO VIAL LUCANAS,,0.0,ACTIVO,HABIDO,0,0,0,0,0,1.0,4.0,AREVALO TORRES ALFONSO JESUS,CONSORCIO VIAL LUCANAS,0,0,21,18,11,10,0.5238095238095238,0.47619047619047616,0.0,0.0,
20601158206,CONSULTORIA Y PROYECTOS JB E.I.R.L.(*),1,1,1,0,0,0,0,0,CONSULTORIA Y PROYECTOS JB E.I.R.L.(*),,0.0,ACTIVO,HABIDO,0,0,0,0,0,1.0,1.0,CHOLAN LLAJARUNA NELSON FREDDY,CONSULTORIA Y PROYECTOS JB E.I.R.L.(*),0,0,4,2,2,2,0.5,0.5,0.0,0.0,
20601253241,Consorcio Santa rosa,1,1,1,0,0,0,1,0,Consorcio Santa rosa,,0.0,ACTIVO,HABIDO,0,0,0,0,0,1.0,2.0,BRAUN STRÖMSDÖRFER ADOLPH MARTIN,Consorcio Santa rosa,3,2,12,9,5,7,0.4166666666666667,0.5833333333333334,0.0,0.0,
20601264642,FERUHUJA S.A.C.,3,3,0,0,0,0,1,0,FERUHUJA S.A.C.,,0.0,ACTIVO,HABIDO,0,0,0,0,0,3.0,3.0,PORRAS REYES SERGIO SEBASTIAN,FERUHUJA S.A.C.,3,2,4,1,2,2,0.5,0.5,0.0,0.0,
20601425204,"""CIVILSAPS INGENIEROS CONTRATISTAS S.A.C""(*)",1,1,1,0,0,0,1,0,"""CIVILSAPS INGENIEROS CONTRATISTAS S.A.C""(*)",500000.0,500000.0,ACTIVO,HABIDO,0,0,0,0,0,1.0,1.0,FUSTAMANTE BENAVIDEZ CESAR ELADIO,"""CIVILSAPS INGENIEROS CONTRATISTAS S.A.C""(*)",3,2,8,6,6,2,0.75,0.25,0.0,0.0,
20601626510,CONSULGAL - CONSULTORES DE ENGENHARIA E GESTAO; S.A. - SUCURSAL DEL PERU,1,1,0,0,0,0,0,0,CONSULGAL - CONSULTORES DE ENGENHARIA E GESTAO; S.A. - SUCURSAL DEL PERU,,0.0,ACTIVO,HABIDO,0,0,0,0,0,1.0,2.0,GAMARRA BELLIDO EDGARDO RAFAEL,CONSULGAL - CONSULTORES DE ENGENHARIA E GESTAO; S.A. - SUCURSAL DEL PERU,0,0,33,23,13,20,0.3939393939393939,0.6060606060606061,0.0,0.0,
20601748283,CHINA TIESIJU CIVIL ENGINEERING GROUP CO. LTD. SUCURSAL DEL PERU,1,1,0,0,1,0,0,0,CHINA TIESIJU CIVIL ENGINEERING GROUP CO. LTD. SUCURSAL DEL PERU,27090568040.0,26862063005.0,ACTIVO,HABIDO,0,0,0,0,0,1.0,1.0,RAMIREZ MALATESTA JUAN CARLOS,CHINA TIESIJU CIVIL ENGINEERING GROUP CO. LTD. SUCURSAL DEL PERU,3,2,3,2,2,1,0.6666666666666666,0.3333333333333333,0.0,0.0,
20601798736,CONSORCIO SAN MATEO,1,1,1,0,1,0,0,0,CONSORCIO SAN MATEO,,0.0,ACTIVO,HABIDO,0,0,0,0,0,1.0,7.0,RAMOS CONDOR MIRIAN PILAR,CONSORCIO SAN MATEO,3,2,26,23,23,3,0.8846153846153846,0.11538461538461539,0.0,0.0,
20602000622,QUISPE INGENIEROS S.A.C.(*),1,1,1,0,0,0,0,0,QUISPE INGENIEROS S.A.C.(*),500000.0,500000.0,ACTIVO,HABIDO,0,0,0,0,0,1.0,1.0,QUISPE MONDRAGON NILO NINIVE,QUISPE INGENIEROS S.A.C.(*),0,0,26,24,24,2,0.9230769230769231,0.07692307692307693,0.0,0.0,
20602111041,CONSULTORA GAV SOCIEDAD ANONIMA CERRADA,1,1,0,0,0,0,0,0,CONSULTORA GAV SOCIEDAD ANONIMA CERRADA,500000.0,500000.0,ACTIVO,HABIDO,0,0,0,0,1,1.0,5.0,COPAIRA FLORES DE GUILLÉN PATRICIA ROCIO,CONSULTORA GAV SOCIEDAD ANONIMA CERRADA,1,1,22,21,2,20,0.09090909090909091,0.9090909090909091,0.0,0.0,
20602336876,CONSORCIO SUPERVISOR 3A,1,2,1,0,0,1,0,0,CONSORCIO SUPERVISOR POECHOS,100000.0,100000.0,ACTIVO,HABIDO,0,1,0,0,0,1.0,6.0,ZAPATA ZULOETA JUAN ESTEBAN,CONSORCIO SUPERVISOR 3A,2,1,15,8,11,4,0.7333333333333333,0.26666666666666666,0.0,0.0,
20602340547,CONSORCIO CARRETERA CUSCO,1,1,1,0,1,0,0,0,CONSORCIO CARRETERA CUSCO,990663385.0,990663385.0,ACTIVO,HABIDO,0,0,0,1,1,1.0,3.0,LINO MOYA JAIME ROLANDO,CONSORCIO CARRETERA CUSCO,4,2,21,18,16,5,0.7619047619047619,0.23809523809523808,0.0,0.0,
20602371442,CONSORCIO VIAL VES,7,7,1,0,1,0,0,0,CONSORCIO VIAL VES,22764038584.0,21563612546.0,ACTIVO,HABIDO,0,0,0,1,0,2.0,3.0,TRUJILLO LUNA EMILIANO ISAAC,CONSORCIO VIAL VES,4,2,42,23,15,27,0.35714285714285715,0.6428571428571429,0.0,0.0,
20602482198,CONSORCIO HOSPITALARIO SAN JUAN,1,1,1,0,0,0,0,0,CONSORCIO HOSPITALARIO SAN JUAN,,0.0,ACTIVO,NO HALLADO,0,0,0,0,0,1.0,7.0,MEJIA YOPLA ALFONSO,CONSORCIO HOSPITALARIO SAN JUAN,0,0,17,15,12,5,0.7058823529411765,0.29411764705882354,0.0,0.0,
20602540996,C & MM INGENIERIA Y CONSTRUCCION S.A.C.(*),3,3,1,0,0,0,0,0,C & MM INGENIERIA Y CONSTRUCCION S.A.C.(*),500000.0,-6961427.56,ACTIVO,HABIDO,0,0,0,0,0,3.0,3.0,FLORES RUDAS NELLY MARISOL,C & MM INGENIERIA Y CONSTRUCCION S.A.C.(*),0,0,43,28,34,9,0.7906976744186046,0.20930232558139536,0.0,0.0,
20602584357,GEOTECNIA Y MECANICA DE SUELOS S.A.C(*),2,2,1,0,0,0,0,0,GEOTECNIA Y MECANICA DE SUELOS S.A.C(*),,0.0,ACTIVO,HABIDO,0,0,0,1,0,2.0,1.0,QUILICHE ESCOBAL JOSE CARLOS,GEOTECNIA Y MECANICA DE SUELOS S.A.C(*),1,1,45,28,30,15,0.6666666666666666,0.3333333333333333,0.0,0.0,
20602640079,CSB CONSULTING SOCIEDAD ANONIMA(*),1,1,1,0,1,0,0,0,CSB CONSULTING SOCIEDAD ANONIMA(*),44019466.78,44019466.78,ACTIVO,HABIDO,0,0,0,0,0,1.0,14.0,GUILLEN SALAS ROSENDO VALERIANO,CSB CONSULTING SOCIEDAD ANONIMA(*),3,2,59,39,37,22,0.6271186440677966,0.3728813559322034,0.0,0.0,
20602703119,RIPCONCIV CONSTRUCCIONES CIVILES CIA LTDA SUCURSAL DEL PERU(*),1,1,1,0,0,0,0,0,RIPCONCIV CONSTRUCCIONES CIVILES CIA LTDA SUCURSAL DEL PERU(*),637498518.8,637498518.8,ACTIVO,HABIDO,0,0,0,0,0,1.0,7.0,AGUILAR MONTERO FRANCISCO JAVIER,RIPCONCIV CONSTRUCCIONES CIVILES CIA LTDA SUCURSAL DEL PERU(*),0,0,9,7,2,7,0.2222222222222222,0.7777777777777778,0.0,0.0,
20602857957,SACEEM S.A.; SUCURSAL DEL PERU(*),1,1,1,0,0,0,0,0,SACEEM S.A.; SUCURSAL DEL PERU(*),699419043.8,699419043.8,ACTIVO,HABIDO,0,0,0,0,0,1.0,9.0,ZAVALETA VEGA JUAN CARLOS,SACEEM S.A.; SUCURSAL DEL PERU(*),0,0,4,2,2,2,0.5,0.5,0.0,0.0,
20602979173,SINOHYDRO CORPORATION LIMITED; SUCURSAL DEL PERU,4,4,1,0,0,0,0,0,SINOHYDRO CORPORATION LIMITED; SUCURSAL DEL PERU(*),30682978859.0,28352771834.0,ACTIVO,HABIDO,0,0,0,0,0,3.0,25.0,ARAMAYO BARREDA HECTOR GUILLERMO,SINOHYDRO CORPORATION LIMITED; SUCURSAL DEL PERU,0,0,37,20,13,24,0.35135135135135137,0.6486486486486487,1.0,1.0,10:00
20603265115,CABA INGENIEROS SOCIEDAD ANONIMA CERRADA - CABA INGENIEROS S.A.C.                                   (*),1,1,1,0,0,0,0,0,CABA INGENIEROS SOCIEDAD ANONIMA CERRADA - CABA INGENIEROS S.A.C.                                   (*),,0.0,ACTIVO,HABIDO,0,0,0,0,0,1.0,6.0,BARBA JIMENEZ CRISTHIAN GIAN CARLOS,CABA INGENIEROS SOCIEDAD ANONIMA CERRADA - CABA INGENIEROS S.A.C.                                   (*),0,0,8,4,4,4,0.5,0.5,0.0,0.0,
20603778325,CONSORCIO CHECA CONSULTORES,2,2,1,0,0,0,0,0,CONSORCIO SUPERVISOR ALPHA,500000.0,500000.0,ACTIVO,HABIDO,0,0,0,0,0,2.0,2.0,CONDORHUAMAN SUPA SAUL WILMER,CONSORCIO CHECA CONSULTORES,0,0,26,16,15,11,0.5769230769230769,0.4230769230769231,0.0,0.0,
20604269009,CHINA CIVIL ENGINEERING CONSTRUCTION CORPORATION SUCURSAL DEL PERU,1,1,0,0,0,1,1,0,CHINA CIVIL ENGINEERING CONSTRUCTION CORPORATION SUCURSAL DEL PERU,16042757514.0,16042757514.0,ACTIVO,HABIDO,0,1,0,1,0,1.0,3.0,AGUILAR QUISPE ROBERTO JESUS,CHINA CIVIL ENGINEERING CONSTRUCTION CORPORATION SUCURSAL DEL PERU,6,3,29,24,16,13,0.5517241379310345,0.4482758620689655,0.0,0.0,
20604936668,MOTTA CONSTRUCCIONES E.IR.L.(*),2,2,1,0,0,0,0,0,MOTTA CONSTRUCCIONES E.IR.L.(*),1600675.42,1600675.42,ACTIVO,HABIDO,0,0,0,0,0,2.0,12.0,AVALOS MOTTA CARLOS MIGUEL,MOTTA CONSTRUCCIONES E.IR.L.(*),0,0,103,59,92,11,0.8932038834951457,0.10679611650485436,0.0,0.0,
20605034684,Consorcio Huancavelica Centro,1,1,1,0,0,0,0,0,Consorcio Huancavelica Centro,1615405828.0,1615405828.0,ACTIVO,HABIDO,0,0,0,0,0,,,,Consorcio Huancavelica Centro,0,0,15,11,8,7,0.5333333333333333,0.4666666666666667,0.0,0.0,
20605087966,CONSULTORIA SGLA S.A.C.,1,1,0,0,0,0,0,0,CONSULTORIA SGLA S.A.C.,,0.0,ACTIVO,HABIDO,0,0,0,0,0,1.0,3.0,SANTA CRUZ NORIEGA HELEN ANALU,CONSULTORIA SGLA S.A.C.,0,0,42,41,41,1,0.9761904761904762,0.023809523809523808,0.0,0.0,
20605125540,CONSORCIO SUPERVISOR HYC-MAB,1,1,1,0,0,0,0,0,CONSORCIO SUPERVISOR HYC-MAB,,0.0,ACTIVO,HABIDO,0,0,0,0,0,1.0,6.0,CARAZAS COTRINA LUIS ANGEL,CONSORCIO SUPERVISOR HYC-MAB,0,0,41,33,29,12,0.7073170731707317,0.2926829268292683,0.0,0.0,
20605270680,LEGA PROYECTOS Y OBRAS SOCIEDAD ANONIMA CERRADA(*),1,1,1,0,0,0,0,0,LEGA PROYECTOS Y OBRAS SOCIEDAD ANONIMA CERRADA(*),500000.0,500000.0,ACTIVO,HABIDO,0,0,0,0,0,1.0,4.0,AMES RODRIGUEZ FLOWER MARCOS,LEGA PROYECTOS Y OBRAS SOCIEDAD ANONIMA CERRADA(*),0,0,4,2,2,2,0.5,0.5,0.0,0.0,
20605419560,DR & H CONTRATISTAS GENERALES S.A.C.(*),1,1,1,0,0,0,0,0,DR & H CONTRATISTAS GENERALES S.A.C.(*),300000.0,300000.0,ACTIVO,HABIDO,0,0,0,0,0,1.0,3.0,RAMIREZ QUISPE DAVID ANTONIO,DR & H CONTRATISTAS GENERALES S.A.C.(*),0,0,4,2,2,2,0.5,0.5,0.0,0.0,
20605638971,GLORY MEDICAL CO.; LTDA. SUCURSAL DEL PERU,1,1,0,0,0,0,0,0,GLORY MEDICAL CO.; LTDA. SUCURSAL DEL PERU,,0.0,ACTIVO,HABIDO,0,0,0,0,0,,,,GLORY MEDICAL CO.; LTDA. SUCURSAL DEL PERU,0,0,5,4,3,2,0.6,0.4,0.0,0.0,
20605661522,CHINCHERO,2,2,1,0,0,0,0,0,CONSORCIO NATIVIDAD CHINCHERO,,0.0,ACTIVO,HABIDO,0,0,0,0,0,2.0,21.0,DEL RIO ARRIETA JAVIER ENRIQUE,CHINCHERO,0,0,12,4,6,6,0.5,0.5,0.0,0.0,
20605881328,AIRTIFICIAL CW INFRASTRUCTURES; S.L.U.; SUCURSAL DEL PERU(*),1,1,1,0,0,0,0,0,AIRTIFICIAL CW INFRASTRUCTURES; S.L.U.; SUCURSAL DEL PERU(*),,0.0,ACTIVO,HABIDO,0,0,0,0,0,1.0,4.0,MORA DEVOTO URSULA MARIA,AIRTIFICIAL CW INFRASTRUCTURES; S.L.U.; SUCURSAL DEL PERU(*),0,0,7,4,3,4,0.42857142857142855,0.5714285714285714,0.0,0.0,
20605996303,ARQISCON S.A.C.(*),2,2,1,0,0,0,0,0,ARQISCON S.A.C.(*),120000.0,120000.0,ACTIVO,HABIDO,0,0,0,0,0,2.0,2.0,GOMEZ SANCHEZ LUIS ANTONIO,ARQISCON S.A.C.(*),0,0,9,3,4,5,0.4444444444444444,0.5555555555555556,0.0,0.0,
20606454229,INGENIERIA PROYECTOS Y CONSTRUCCIONES IPC SUCURSAL  DEL PERU,1,1,0,0,0,0,0,0,INGENIERIA PROYECTOS Y CONSTRUCCIONES IPC SUCURSAL  DEL PERU,411732466.9,411732466.9,ACTIVO,HABIDO,0,0,0,0,0,1.0,1.0,ARRISUEÑO CORDON DE SANGIACOMO ANAHI,INGENIERIA PROYECTOS Y CONSTRUCCIONES IPC SUCURSAL  DEL PERU,0,0,2,1,1,1,0.5,0.5,1.0,1.0,8:30
20606596171,ECOPERU CONSTRUCTORA S.A.C.(*),1,1,1,0,0,0,0,0,ECOPERU CONSTRUCTORA S.A.C.(*),4136698.15,4136698.15,ACTIVO,HABIDO,0,0,1,0,0,1.0,4.0,COLLAZOS RODRIGUEZ FREDDY ARTURO,ECOPERU CONSTRUCTORA S.A.C.(*),1,1,49,44,42,7,0.8571428571428571,0.14285714285714285,0.0,0.0,
20606797533,"UNITY ESIRE"" EMPRESA INDIVIDUAL DE RESPONSABILIDAD LIMITADA(*)",1,1,1,0,0,0,0,0,"UNITY ESIRE"" EMPRESA INDIVIDUAL DE RESPONSABILIDAD LIMITADA(*)",500000.0,500000.0,ACTIVO,HABIDO,0,0,0,0,0,1.0,1.0,CARBAJAL SOTO OMAR ROLANDO,"UNITY ESIRE"" EMPRESA INDIVIDUAL DE RESPONSABILIDAD LIMITADA(*)",0,0,7,5,5,2,0.7142857142857143,0.2857142857142857,0.0,0.0,
20607048135,KUNHWA ENGINEERING & CONSULTING CO. LTD SUCURSAL PERU(*),1,1,1,0,0,0,0,0,KUNHWA ENGINEERING & CONSULTING CO. LTD SUCURSAL PERU(*),,0.0,ACTIVO,HABIDO,0,0,1,0,0,1.0,5.0,CREAMER CHOQUE ADRIAN GUISSEPE,KUNHWA ENGINEERING & CONSULTING CO. LTD SUCURSAL PERU(*),1,1,16,14,12,4,0.75,0.25,0.0,0.0,
20607429791,CONSORCIO S&P,1,1,0,0,0,0,0,0,CONSORCIO S&P,,0.0,ACTIVO,HABIDO,0,0,0,0,0,,,,CONSORCIO S&P,0,0,2,1,1,1,0.5,0.5,0.0,0.0,
20607671061,CONSORCIO BESALCO STRACON,5,5,0,0,0,0,0,0,CONSORCIO BESALCO STRACON,,0.0,ACTIVO,HABIDO,0,0,0,0,0,5.0,6.0,GALVEZ GANOZA JUAN CARLOS,CONSORCIO BESALCO STRACON,0,0,6,1,3,3,0.5,0.5,0.0,0.0,
20607966991,CONSORCIO SUYAY II,2,2,0,0,0,0,0,0,CONSORCIO SUYAY II,,0.0,ACTIVO,HABIDO,0,0,0,0,0,2.0,4.0,RUBINI MAZZETTI FLAVIO MIGUEL,CONSORCIO SUYAY II,0,0,4,1,2,2,0.5,0.5,0.0,0.0,
20609117657,CONSORCIO ROVELLA-INMAC,2,2,0,0,0,0,0,0,CONSORCIO ROVELLA-INMAC,,0.0,ACTIVO,HABIDO,0,0,0,0,0,,,,CONSORCIO ROVELLA-INMAC,0,0,2,1,1,1,0.5,0.5,0.0,0.0,
20610555609,CONSORCIO DOME DEL NORTE,1,1,0,0,0,0,0,0,CONSORCIO DOME DEL NORTE,,0.0,ACTIVO,HABIDO,0,0,0,0,0,,,,CONSORCIO DOME DEL NORTE,0,0,2,1,1,1,0.5,0.5,0.0,0.0,
