CODIGO_UNICO,SECTOR,DEPARTAMENTO,NIVEL_GOBIERNO,IDENTIFICADOR_OBRA,ANHO,MES,Planificado,Real,IND_Intervension,IND_Residente,IND_Monto_Adelanto_Materiales,IND_Monto_Adelanto_Directo,IND_Fecha_Adelanto_Materiales,IND_Fecha_Adelanto_Directo
2331873,TRABAJO,MULTIDEPARTAMENTAL,GOBIERNO REGIONAL,2331873-371182-638870-2023471-102021,NULL,NULL,0,0,NORMAL,NORMAL,NORMAL,NORMAL,NORMAL,NORMAL
2331873,TRABAJO,MULTIDEPARTAMENTAL,GOBIERNO REGIONAL,2331873-371182-670830-2045952-102022,NULL,NULL,0,0,NORMAL,NORMAL,NORMAL,NORMAL,NORMAL,NORMAL
2233958,TRANSPORTE,MULTIDEPARTAMENTAL,GOBIERNO NACIONAL,2233958-4588-516149-2047423-102591,2023,3,1,0.76,NORMAL,NORMAL,NORMAL,NORMAL,NORMAL,NORMAL
2233958,TRANSPORTE,MULTIDEPARTAMENTAL,GOBIERNO NACIONAL,2233958-4588-516149-2047423-102591,2023,8,1,0.96,NORMAL,NORMAL,NORMAL,NORMAL,NORMAL,NORMAL
2233958,TRANSPORTE,MULTIDEPARTAMENTAL,GOBIERNO NACIONAL,2233958-4588-516149-2047423-102591,2023,6,1,0.96,NORMAL,NORMAL,NORMAL,NORMAL,NORMAL,NORMAL
2233917,ADMINISTRACION Y PLANEAMIENTO,MULTIDEPARTAMENTAL,GOBIERNO NACIONAL,2233917-87547-595719-2022915-105591,NULL,NULL,0,0,NORMAL,NORMAL,NORMAL,NORMAL,NORMAL,NORMAL
2425240,TRANSPORTE,MULTIDEPARTAMENTAL,GOBIERNO NACIONAL,2425240-2425240-604345-2015515-105653,NULL,NULL,0,0,NORMAL,NORMAL,NORMAL,NORMAL,NORMAL,NORMAL
2158700,TRANSPORTE,MULTIDEPARTAMENTAL,GOBIERNO NACIONAL,2158700-108630-682794-2037439-106748,2023,3,1,0.34,NORMAL,NORMAL,NORMAL,NORMAL,NORMAL,NORMAL
2158700,TRANSPORTE,MULTIDEPARTAMENTAL,GOBIERNO NACIONAL,2158700-108630-695489-2042633-106748,2023,3,1,0.34,NORMAL,NORMAL,ALERTA,NORMAL,NORMAL,NORMAL
2158700,TRANSPORTE,MULTIDEPARTAMENTAL,GOBIERNO NACIONAL,2158700-108630-682794-2037439-106748,2023,4,1,0.34,NORMAL,NORMAL,NORMAL,NORMAL,NORMAL,NORMAL
2158700,TRANSPORTE,MULTIDEPARTAMENTAL,GOBIERNO NACIONAL,2158700-108630-695489-2042633-106748,2023,4,1,0.34,NORMAL,NORMAL,ALERTA,NORMAL,NORMAL,NORMAL
2158700,TRANSPORTE,MULTIDEPARTAMENTAL,GOBIERNO NACIONAL,2158700-108630-682794-2037439-106748,2023,5,1,0.35,NORMAL,NORMAL,NORMAL,NORMAL,NORMAL,NORMAL
2158700,TRANSPORTE,MULTIDEPARTAMENTAL,GOBIERNO NACIONAL,2158700-108630-695489-2042633-106748,2023,5,1,0.35,NORMAL,NORMAL,ALERTA,NORMAL,NORMAL,NORMAL
2158700,TRANSPORTE,MULTIDEPARTAMENTAL,GOBIERNO NACIONAL,2158700-108630-682794-2037439-106748,2023,2,1,0.34,NORMAL,NORMAL,NORMAL,NORMAL,NORMAL,NORMAL
2158700,TRANSPORTE,MULTIDEPARTAMENTAL,GOBIERNO NACIONAL,2158700-108630-695489-2042633-106748,2023,2,1,0.34,NORMAL,NORMAL,ALERTA,NORMAL,NORMAL,NORMAL
2158700,TRANSPORTE,MULTIDEPARTAMENTAL,GOBIERNO NACIONAL,2158700-108630-682794-2037439-106748,2023,1,1,0.34,NORMAL,NORMAL,NORMAL,NORMAL,NORMAL,NORMAL
2158700,TRANSPORTE,MULTIDEPARTAMENTAL,GOBIERNO NACIONAL,2158700-108630-695489-2042633-106748,2023,1,1,0.34,NORMAL,NORMAL,ALERTA,NORMAL,NORMAL,NORMAL
2158700,TRANSPORTE,MULTIDEPARTAMENTAL,GOBIERNO NACIONAL,2158700-108630-682794-2037439-106748,2023,7,0.86,0.38,NORMAL,NORMAL,NORMAL,NORMAL,NORMAL,NORMAL
2158700,TRANSPORTE,MULTIDEPARTAMENTAL,GOBIERNO NACIONAL,2158700-108630-695489-2042633-106748,2023,7,0.86,0.38,NORMAL,NORMAL,ALERTA,NORMAL,NORMAL,NORMAL
2158700,TRANSPORTE,MULTIDEPARTAMENTAL,GOBIERNO NACIONAL,2158700-108630-682794-2037439-106748,2023,6,1,0.36,NORMAL,NORMAL,NORMAL,NORMAL,NORMAL,NORMAL
2158700,TRANSPORTE,MULTIDEPARTAMENTAL,GOBIERNO NACIONAL,2158700-108630-695489-2042633-106748,2023,6,1,0.36,NORMAL,NORMAL,ALERTA,NORMAL,NORMAL,NORMAL
2193247,OTROS,MULTIDEPARTAMENTAL,GOBIERNO LOCAL,2193247-280513-691232-2052839-108912,2023,4,1,0.97,NORMAL,NORMAL,ALERTA,NORMAL,NORMAL,NORMAL
2193247,OTROS,MULTIDEPARTAMENTAL,GOBIERNO LOCAL,2193247-280513-705548-2065036-108912,2023,4,1,0.97,NORMAL,NORMAL,NORMAL,NORMAL,NORMAL,NORMAL
2193247,OTROS,MULTIDEPARTAMENTAL,GOBIERNO LOCAL,2193247-280513-691232-2052839-108912,2023,6,1,0.99,NORMAL,NORMAL,ALERTA,NORMAL,NORMAL,NORMAL
2193247,OTROS,MULTIDEPARTAMENTAL,GOBIERNO LOCAL,2193247-280513-705548-2065036-108912,2023,6,1,0.99,NORMAL,NORMAL,NORMAL,NORMAL,NORMAL,NORMAL
2193247,OTROS,MULTIDEPARTAMENTAL,GOBIERNO LOCAL,2193247-280513-691232-2052839-108912,2023,1,1,0.95,NORMAL,NORMAL,ALERTA,NORMAL,NORMAL,NORMAL
2193247,OTROS,MULTIDEPARTAMENTAL,GOBIERNO LOCAL,2193247-280513-705548-2065036-108912,2023,1,1,0.95,NORMAL,NORMAL,NORMAL,NORMAL,NORMAL,NORMAL
2193247,OTROS,MULTIDEPARTAMENTAL,GOBIERNO LOCAL,2193247-280513-691232-2052839-108912,2023,5,1,0.97,NORMAL,NORMAL,ALERTA,NORMAL,NORMAL,NORMAL
2193247,OTROS,MULTIDEPARTAMENTAL,GOBIERNO LOCAL,2193247-280513-705548-2065036-108912,2023,5,1,0.97,NORMAL,NORMAL,NORMAL,NORMAL,NORMAL,NORMAL
2193247,OTROS,MULTIDEPARTAMENTAL,GOBIERNO LOCAL,2193247-280513-691232-2052839-108912,2023,3,1,0.97,NORMAL,NORMAL,ALERTA,NORMAL,NORMAL,NORMAL
2193247,OTROS,MULTIDEPARTAMENTAL,GOBIERNO LOCAL,2193247-280513-705548-2065036-108912,2023,3,1,0.97,NORMAL,NORMAL,NORMAL,NORMAL,NORMAL,NORMAL
2193247,OTROS,MULTIDEPARTAMENTAL,GOBIERNO LOCAL,2193247-280513-691232-2052839-108912,2023,2,1,0.96,NORMAL,NORMAL,ALERTA,NORMAL,NORMAL,NORMAL
2193247,OTROS,MULTIDEPARTAMENTAL,GOBIERNO LOCAL,2193247-280513-705548-2065036-108912,2023,2,1,0.96,NORMAL,NORMAL,NORMAL,NORMAL,NORMAL,NORMAL
2193247,OTROS,MULTIDEPARTAMENTAL,GOBIERNO LOCAL,2193247-280513-698718-2061957-108914,NULL,NULL,0,0,NORMAL,NORMAL,NORMAL,NORMAL,NORMAL,NORMAL
2193247,OTROS,MULTIDEPARTAMENTAL,GOBIERNO LOCAL,2193247-280513-708529-2062106-108914,NULL,NULL,0,0,NORMAL,NORMAL,NORMAL,NORMAL,NORMAL,NORMAL
2193247,OTROS,MULTIDEPARTAMENTAL,GOBIERNO LOCAL,2193247-280513-703764-2062192-108916,NULL,NULL,0,0,NORMAL,NORMAL,NORMAL,ALERTA,NORMAL,ALERTA
2193247,OTROS,MULTIDEPARTAMENTAL,GOBIERNO LOCAL,2193247-280513-707016-2061614-108916,NULL,NULL,0,0,NORMAL,NORMAL,NORMAL,NORMAL,NORMAL,ALERTA
2193247,OTROS,MULTIDEPARTAMENTAL,GOBIERNO LOCAL,2193247-280513-735026-2078047-108917,2023,7,0.36,0.3,NORMAL,NORMAL,NORMAL,NORMAL,NORMAL,NORMAL
2193247,OTROS,MULTIDEPARTAMENTAL,GOBIERNO LOCAL,2193247-280513-843214-2161653-108917,2023,7,0.36,0.3,NORMAL,NORMAL,NORMAL,NORMAL,NORMAL,NORMAL
2193247,OTROS,MULTIDEPARTAMENTAL,GOBIERNO LOCAL,2193247-280513-878659-2170813-108917,2023,7,0.36,0.3,NORMAL,NORMAL,NORMAL,NORMAL,NORMAL,NORMAL
2193247,OTROS,MULTIDEPARTAMENTAL,GOBIERNO LOCAL,2193247-280513-735026-2078047-108917,2023,6,0.16,0.15,NORMAL,NORMAL,NORMAL,NORMAL,NORMAL,NORMAL
2193247,OTROS,MULTIDEPARTAMENTAL,GOBIERNO LOCAL,2193247-280513-843214-2161653-108917,2023,6,0.16,0.15,NORMAL,NORMAL,NORMAL,NORMAL,NORMAL,NORMAL
2193247,OTROS,MULTIDEPARTAMENTAL,GOBIERNO LOCAL,2193247-280513-878659-2170813-108917,2023,6,0.16,0.15,NORMAL,NORMAL,NORMAL,NORMAL,NORMAL,NORMAL
2193247,OTROS,MULTIDEPARTAMENTAL,GOBIERNO LOCAL,2193247-280513-735026-2078047-108917,2023,4,0.01,0.01,NORMAL,NORMAL,NORMAL,NORMAL,NORMAL,NORMAL
2193247,OTROS,MULTIDEPARTAMENTAL,GOBIERNO LOCAL,2193247-280513-843214-2161653-108917,2023,4,0.01,0.01,NORMAL,NORMAL,NORMAL,NORMAL,NORMAL,NORMAL
2193247,OTROS,MULTIDEPARTAMENTAL,GOBIERNO LOCAL,2193247-280513-878659-2170813-108917,2023,4,0.01,0.01,NORMAL,NORMAL,NORMAL,NORMAL,NORMAL,NORMAL
2193247,OTROS,MULTIDEPARTAMENTAL,GOBIERNO LOCAL,2193247-280513-735026-2078047-108917,2023,5,0.06,0.08,NORMAL,NORMAL,NORMAL,NORMAL,NORMAL,NORMAL
2193247,OTROS,MULTIDEPARTAMENTAL,GOBIERNO LOCAL,2193247-280513-843214-2161653-108917,2023,5,0.06,0.08,NORMAL,NORMAL,NORMAL,NORMAL,NORMAL,NORMAL
2193247,OTROS,MULTIDEPARTAMENTAL,GOBIERNO LOCAL,2193247-280513-878659-2170813-108917,2023,5,0.06,0.08,NORMAL,NORMAL,NORMAL,NORMAL,NORMAL,NORMAL
2193247,OTROS,MULTIDEPARTAMENTAL,GOBIERNO LOCAL,2193247-280513-735026-2078047-108917,2023,8,0.63,0.43,NORMAL,NORMAL,NORMAL,NORMAL,NORMAL,NORMAL
2193247,OTROS,MULTIDEPARTAMENTAL,GOBIERNO LOCAL,2193247-280513-843214-2161653-108917,2023,8,0.63,0.43,NORMAL,NORMAL,NORMAL,NORMAL,NORMAL,NORMAL
2193247,OTROS,MULTIDEPARTAMENTAL,GOBIERNO LOCAL,2193247-280513-878659-2170813-108917,2023,8,0.63,0.43,NORMAL,NORMAL,NORMAL,NORMAL,NORMAL,NORMAL
2402106,SALUD,HUANUCO,GOBIERNO REGIONAL,2402106-94845-696507-2054187-109529,NULL,NULL,0,0,NORMAL,NORMAL,NORMAL,NORMAL,NORMAL,NORMAL
2259669,OTROS,MULTIDEPARTAMENTAL,GOBIERNO NACIONAL,2259669-220883-556517-2003673-111086,NULL,NULL,0,0,NORMAL,NORMAL,NORMAL,NORMAL,NORMAL,NORMAL
2259669,OTROS,MULTIDEPARTAMENTAL,GOBIERNO NACIONAL,2259669-220883-684421-2047595-111086,NULL,NULL,0,0,NORMAL,NORMAL,NORMAL,NORMAL,NORMAL,NORMAL
2066003,INDUSTRIA; COMERCIO Y SERVICIOS,MULTIDEPARTAMENTAL,GOBIERNO LOCAL,2066003-61210-624590-2127532-111275,NULL,NULL,0,0,NORMAL,NORMAL,ALERTA,NORMAL,NORMAL,NORMAL
2066003,INDUSTRIA; COMERCIO Y SERVICIOS,MULTIDEPARTAMENTAL,GOBIERNO LOCAL,2066003-61210-621692-2000183-111277,NULL,NULL,0,0,NORMAL,NORMAL,ALERTA,NORMAL,NORMAL,NORMAL
2392641,TRANSPORTE,HUANCAVELICA,GOBIERNO NACIONAL,2392641-2392641-631923-2003510-114078,NULL,NULL,0,0,NORMAL,NORMAL,NORMAL,NORMAL,NORMAL,NORMAL
2392641,TRANSPORTE,HUANCAVELICA,GOBIERNO NACIONAL,2392641-2392641-866186-2174904-114078,NULL,NULL,0,0,NORMAL,NORMAL,NORMAL,NORMAL,NORMAL,NORMAL
2262744,ENERGIA Y RECURSOS MINERALES,MULTIDEPARTAMENTAL,GOBIERNO REGIONAL,2262744-311131-631294-2008579-114812,NULL,NULL,0,0,NORMAL,NORMAL,NORMAL,NORMAL,NORMAL,NORMAL
2403922,SANEAMIENTO,AREQUIPA,GOBIERNO LOCAL,2403922-258244-631773-2013670-115003,NULL,NULL,0,0,NORMAL,NORMAL,NORMAL,NORMAL,NORMAL,NORMAL
2403922,SANEAMIENTO,AREQUIPA,GOBIERNO LOCAL,2403922-258244-633141-2013576-115003,NULL,NULL,0,0,NORMAL,NORMAL,NORMAL,NORMAL,NORMAL,NORMAL
2412955,SANEAMIENTO,LIMA,GOBIERNO NACIONAL,2412955-2412955-649178-2025819-115008,NULL,NULL,0,0,NORMAL,NORMAL,NORMAL,NORMAL,NORMAL,NORMAL
2340083,OTROS,MULTIDEPARTAMENTAL,GOBIERNO NACIONAL,2340083-378895-640980-2006405-115016,NULL,NULL,0,0,NORMAL,NORMAL,NORMAL,NORMAL,NORMAL,NORMAL
2387810,SANEAMIENTO,ANCASH,GOBIERNO NACIONAL,2387810-2387810-582351-2173525-115304,2023,1,1,0.64,NORMAL,NORMAL,NORMAL,NORMAL,NORMAL,NORMAL
2387810,SANEAMIENTO,ANCASH,GOBIERNO NACIONAL,2387810-2387810-582351-2173525-115304,2023,7,1,0.9,NORMAL,NORMAL,NORMAL,NORMAL,NORMAL,NORMAL
2387810,SANEAMIENTO,ANCASH,GOBIERNO NACIONAL,2387810-2387810-582351-2173525-115304,2023,4,1,0.82,NORMAL,NORMAL,NORMAL,NORMAL,NORMAL,NORMAL
2387810,SANEAMIENTO,ANCASH,GOBIERNO NACIONAL,2387810-2387810-582351-2173525-115304,2023,3,1,0.72,NORMAL,NORMAL,NORMAL,NORMAL,NORMAL,NORMAL
2387810,SANEAMIENTO,ANCASH,GOBIERNO NACIONAL,2387810-2387810-582351-2173525-115304,2023,4,1,0.8,NORMAL,NORMAL,NORMAL,NORMAL,NORMAL,NORMAL
2387810,SANEAMIENTO,ANCASH,GOBIERNO NACIONAL,2387810-2387810-582351-2173525-115304,2023,2,1,0.68,NORMAL,NORMAL,NORMAL,NORMAL,NORMAL,NORMAL
2387810,SANEAMIENTO,ANCASH,GOBIERNO NACIONAL,2387810-2387810-582351-2173525-115304,2023,8,1,0.93,NORMAL,NORMAL,NORMAL,NORMAL,NORMAL,NORMAL
2387810,SANEAMIENTO,ANCASH,GOBIERNO NACIONAL,2387810-2387810-582351-2173525-115304,2023,5,1,0.84,NORMAL,NORMAL,NORMAL,NORMAL,NORMAL,NORMAL
2387810,SANEAMIENTO,ANCASH,GOBIERNO NACIONAL,2387810-2387810-582351-2173525-115304,2023,6,1,0.87,NORMAL,NORMAL,NORMAL,NORMAL,NORMAL,NORMAL
2090887,SALUD Y SANEAMIENTO,MULTIDEPARTAMENTAL,GOBIERNO REGIONAL,2090887-3880-673389-2124894-115823,NULL,NULL,0,0,NORMAL,NORMAL,NORMAL,NORMAL,NORMAL,NORMAL
2454755,TRANSPORTE,SAN MARTIN,GOBIERNO LOCAL,2454755-2454755-621993-2003957-116356,NULL,NULL,0,0,NORMAL,NORMAL,NORMAL,NORMAL,NORMAL,NORMAL
2454755,TRANSPORTE,SAN MARTIN,GOBIERNO LOCAL,2454755-2454755-837834-2161318-116356,NULL,NULL,0,0,NORMAL,NORMAL,NORMAL,NORMAL,NORMAL,NORMAL
2055893,TRANSPORTE,MULTIDEPARTAMENTAL,GOBIERNO REGIONAL,2055893-48520-680485-2044147-118093,NULL,NULL,0,0,NORMAL,NORMAL,NORMAL,ALERTA,NORMAL,ALERTA
2055893,TRANSPORTE,MULTIDEPARTAMENTAL,GOBIERNO REGIONAL,2055893-48520-764309-2091884-118093,NULL,NULL,0,0,NORMAL,NORMAL,NORMAL,NORMAL,NORMAL,ALERTA
2193247,OTROS,MULTIDEPARTAMENTAL,GOBIERNO LOCAL,2193247-280513-592326-2069595-119151,NULL,NULL,0,0,NORMAL,NORMAL,NORMAL,NORMAL,NORMAL,NORMAL
2326592,AGROPECUARIA,HUANCAVELICA,GOBIERNO REGIONAL,2326592-363114-633184-2007815-119167,NULL,NULL,0,0,NORMAL,NORMAL,NORMAL,NORMAL,NORMAL,NORMAL
2414831,AGROPECUARIA,HUANCAVELICA,GOBIERNO REGIONAL,2414831-2414831-632129-2007833-119177,NULL,NULL,0,0,NORMAL,NORMAL,NORMAL,NORMAL,NORMAL,NORMAL
2193411,TRABAJO,MULTIDEPARTAMENTAL,GOBIERNO REGIONAL,2193411-205868-739874-2096798-121881,2023,7,0.04,0.06,NORMAL,NORMAL,NORMAL,NORMAL,NORMAL,NORMAL
2193411,TRABAJO,MULTIDEPARTAMENTAL,GOBIERNO REGIONAL,2193411-205868-770422-2110390-121881,2023,7,0.04,0.06,NORMAL,NORMAL,ALERTA,NORMAL,NORMAL,NORMAL
2193411,TRABAJO,MULTIDEPARTAMENTAL,GOBIERNO REGIONAL,2193411-205868-739874-2096798-121881,2023,1,0.01,0,NORMAL,NORMAL,NORMAL,NORMAL,NORMAL,NORMAL
2193411,TRABAJO,MULTIDEPARTAMENTAL,GOBIERNO REGIONAL,2193411-205868-770422-2110390-121881,2023,1,0.01,0,NORMAL,NORMAL,ALERTA,NORMAL,NORMAL,NORMAL
2331034,SALUD,LA LIBERTAD,GOBIERNO NACIONAL,2331034-369573-619988-2006266-122362,NULL,NULL,0,0,NORMAL,NORMAL,NORMAL,NORMAL,NORMAL,NORMAL
2055893,TRANSPORTE,MULTIDEPARTAMENTAL,GOBIERNO REGIONAL,2055893-48520-491374-2130802-12346,NULL,NULL,0,0,NORMAL,NORMAL,ALERTA,NORMAL,NORMAL,NORMAL
2031000,AGRARIA,MULTIDEPARTAMENTAL,GOBIERNO REGIONAL,2031000-14583-668776-2030828-124333,NULL,NULL,0,0,NORMAL,NORMAL,NORMAL,NORMAL,NORMAL,NORMAL
2031000,AGRARIA,MULTIDEPARTAMENTAL,GOBIERNO REGIONAL,2031000-14583-681388-2038499-124333,NULL,NULL,0,0,NORMAL,NORMAL,NORMAL,NORMAL,NORMAL,NORMAL
2386120,TRANSPORTE,AYACUCHO,GOBIERNO REGIONAL,2386120-2386120-636909-2009130-126276,NULL,NULL,0,0,NORMAL,NORMAL,NORMAL,NORMAL,NORMAL,NORMAL
2386120,TRANSPORTE,AYACUCHO,GOBIERNO REGIONAL,2386120-2386120-853767-2163761-126276,NULL,NULL,0,0,NORMAL,NORMAL,NORMAL,NORMAL,NORMAL,NORMAL
2386120,TRANSPORTE,AYACUCHO,GOBIERNO REGIONAL,2386120-2386120-842485-2163769-126277,NULL,NULL,0,0,NORMAL,NORMAL,NORMAL,NORMAL,NORMAL,NORMAL
2386120,TRANSPORTE,AYACUCHO,GOBIERNO REGIONAL,2386120-2386120-631171-2009100-126277,NULL,NULL,0,0,NORMAL,NORMAL,NORMAL,NORMAL,NORMAL,NORMAL
2393340,TRANSPORTE,CUSCO,GOBIERNO REGIONAL,2393340-2393340-631196-2007473-126280,NULL,NULL,0,0,NORMAL,NORMAL,NORMAL,NORMAL,NORMAL,NORMAL
2393340,TRANSPORTE,CUSCO,GOBIERNO REGIONAL,2393340-2393340-657616-2023296-126280,NULL,NULL,0,0,NORMAL,NORMAL,NORMAL,NORMAL,NORMAL,NORMAL
2058733,TRANSPORTE,MULTIDEPARTAMENTAL,GOBIERNO NACIONAL,2058733-3272-671673-2032849-127408,NULL,NULL,0,0,NORMAL,NORMAL,NORMAL,NORMAL,NORMAL,NORMAL
2451550,TRANSPORTE,HUANCAVELICA,GOBIERNO NACIONAL,2451550-2451550-702502-2059380-127427,NULL,NULL,0,0,NORMAL,NORMAL,NORMAL,NORMAL,NORMAL,NORMAL
2300355,TRANSPORTE,PUNO,GOBIERNO NACIONAL,2300355-336084-636997-2017813-127558,NULL,NULL,0,0,NORMAL,NORMAL,NORMAL,NORMAL,NORMAL,NORMAL
2300355,TRANSPORTE,PUNO,GOBIERNO NACIONAL,2300355-336084-748047-2089989-127558,NULL,NULL,0,0,NORMAL,NORMAL,NORMAL,NORMAL,NORMAL,NORMAL
2392977,TRANSPORTE,MOQUEGUA,GOBIERNO NACIONAL,2392977-2392977-638751-2043011-127708,NULL,NULL,0,0,NORMAL,NORMAL,NORMAL,NORMAL,NORMAL,NORMAL
2337718,TRANSPORTE,CUSCO,GOBIERNO NACIONAL,2337718-376654-641973-2022745-128472,NULL,NULL,0,0,NORMAL,NORMAL,NORMAL,NORMAL,NORMAL,NORMAL
2428087,SANEAMIENTO,TACNA,GOBIERNO NACIONAL,2428087-2428087-643231-2018416-129252,NULL,NULL,0,0,NORMAL,NORMAL,NORMAL,NORMAL,NORMAL,NORMAL
2428087,SANEAMIENTO,TACNA,GOBIERNO NACIONAL,2428087-2428087-680915-2032854-129252,NULL,NULL,0,0,NORMAL,NORMAL,NORMAL,NORMAL,NORMAL,NORMAL
2425240,TRANSPORTE,MULTIDEPARTAMENTAL,GOBIERNO NACIONAL,2425240-2425240-643287-2025634-129257,NULL,NULL,0,0,NORMAL,NORMAL,NORMAL,NORMAL,NORMAL,NORMAL
2425240,TRANSPORTE,MULTIDEPARTAMENTAL,GOBIERNO NACIONAL,2425240-2425240-644176-2047150-129392,NULL,NULL,0,0,NORMAL,NORMAL,NORMAL,NORMAL,NORMAL,ALERTA
2487020,AGROPECUARIA,MULTIDEPARTAMENTAL,GOBIERNO NACIONAL,2487020-2487020-702640-2062038-129393,NULL,NULL,0,0,NORMAL,NORMAL,NORMAL,NORMAL,NORMAL,NORMAL
2487020,AGROPECUARIA,MULTIDEPARTAMENTAL,GOBIERNO NACIONAL,2487020-2487020-707056-2061035-129393,NULL,NULL,0,0,NORMAL,NORMAL,NORMAL,NORMAL,NORMAL,NORMAL
2425240,TRANSPORTE,MULTIDEPARTAMENTAL,GOBIERNO NACIONAL,2425240-2425240-649549-2013506-129613,NULL,NULL,0,0,NORMAL,NORMAL,NORMAL,NORMAL,NORMAL,NORMAL
2425240,TRANSPORTE,MULTIDEPARTAMENTAL,GOBIERNO NACIONAL,2425240-2425240-645876-2010352-129614,NULL,NULL,0,0,NORMAL,NORMAL,NORMAL,NORMAL,NORMAL,NORMAL
2173969,TRANSPORTE,ANCASH,GOBIERNO LOCAL,2173969-216587-646747-2037229-130180,NULL,NULL,0,0,NORMAL,NORMAL,NORMAL,NORMAL,NORMAL,NORMAL
2173969,TRANSPORTE,ANCASH,GOBIERNO LOCAL,2173969-216587-671381-2037263-130180,NULL,NULL,0,0,NORMAL,NORMAL,NORMAL,NORMAL,NORMAL,NORMAL
2173121,TRANSPORTE,MULTIDEPARTAMENTAL,GOBIERNO NACIONAL,2173121-103730-648018-2001228-130338,NULL,NULL,0,0,NORMAL,NORMAL,NORMAL,NORMAL,NORMAL,NORMAL
2425240,TRANSPORTE,MULTIDEPARTAMENTAL,GOBIERNO NACIONAL,2425240-2425240-649683-2019501-130452,NULL,NULL,0,0,NORMAL,NORMAL,NORMAL,NORMAL,NORMAL,NORMAL
2425240,TRANSPORTE,MULTIDEPARTAMENTAL,GOBIERNO NACIONAL,2425240-2425240-656768-2020868-130759,NULL,NULL,0,0,NORMAL,NORMAL,NORMAL,NORMAL,NORMAL,NORMAL
2425240,TRANSPORTE,MULTIDEPARTAMENTAL,GOBIERNO NACIONAL,2425240-2425240-653403-2015192-130759,NULL,NULL,0,0,NORMAL,NORMAL,NORMAL,NORMAL,NORMAL,NORMAL
2233842,TRANSPORTE,MULTIDEPARTAMENTAL,GOBIERNO NACIONAL,2233842-92806-664959-2016133-130764,NULL,NULL,0,0,NORMAL,NORMAL,NORMAL,NORMAL,NORMAL,NORMAL
2233842,TRANSPORTE,MULTIDEPARTAMENTAL,GOBIERNO NACIONAL,2233842-92806-667999-2017167-130764,NULL,NULL,0,0,NORMAL,NORMAL,NORMAL,NORMAL,NORMAL,NORMAL
2493096,TRANSPORTE,ANCASH,GOBIERNO LOCAL,2493096-2493096-652517-2033185-130851,NULL,NULL,0,0,NORMAL,NORMAL,NORMAL,NORMAL,NORMAL,NORMAL
2425240,TRANSPORTE,MULTIDEPARTAMENTAL,GOBIERNO NACIONAL,2425240-2425240-652455-2015002-130909,NULL,NULL,0,0,NORMAL,NORMAL,NORMAL,NORMAL,NORMAL,NORMAL
2425240,TRANSPORTE,MULTIDEPARTAMENTAL,GOBIERNO NACIONAL,2425240-2425240-654896-2016762-131498,NULL,NULL,0,0,NORMAL,NORMAL,NORMAL,NORMAL,NORMAL,NORMAL
2425240,TRANSPORTE,MULTIDEPARTAMENTAL,GOBIERNO NACIONAL,2425240-2425240-654909-2017911-131543,NULL,NULL,0,0,NORMAL,NORMAL,NORMAL,NORMAL,NORMAL,NORMAL
2425240,TRANSPORTE,MULTIDEPARTAMENTAL,GOBIERNO NACIONAL,2425240-2425240-655293-2022588-131543,NULL,NULL,0,0,NORMAL,NORMAL,NORMAL,NORMAL,NORMAL,NORMAL
2471736,AGROPECUARIA,SAN MARTIN,GOBIERNO LOCAL,2471736-2471736-655576-2020834-131605,NULL,NULL,0,0,NORMAL,NORMAL,NORMAL,NORMAL,NORMAL,NORMAL
2425240,TRANSPORTE,MULTIDEPARTAMENTAL,GOBIERNO NACIONAL,2425240-2425240-655983-2017334-132111,NULL,NULL,0,0,NORMAL,NORMAL,NORMAL,NORMAL,NORMAL,NORMAL
2472603,TRANSPORTE,PIURA,GOBIERNO NACIONAL,2472603-2472603-656014-2036906-132120,NULL,NULL,0,0,NORMAL,NORMAL,NORMAL,NORMAL,NORMAL,NORMAL
2193247,OTROS,MULTIDEPARTAMENTAL,GOBIERNO LOCAL,2193247-280513-663558-2028340-133488,NULL,NULL,0,0,NORMAL,NORMAL,NORMAL,NORMAL,NORMAL,NORMAL
2193247,OTROS,MULTIDEPARTAMENTAL,GOBIERNO LOCAL,2193247-280513-679386-2040081-133488,NULL,NULL,0,0,NORMAL,NORMAL,NORMAL,NORMAL,NORMAL,NORMAL
2233850,TRABAJO,MULTIDEPARTAMENTAL,GOBIERNO NACIONAL,2233850-239307-674801-2036277-133753,NULL,NULL,0,0,NORMAL,NORMAL,NORMAL,NORMAL,NORMAL,NORMAL
2233850,TRABAJO,MULTIDEPARTAMENTAL,GOBIERNO NACIONAL,2233850-239307-674870-2036286-133755,NULL,NULL,0,0,NORMAL,NORMAL,NORMAL,NORMAL,ALERTA,NORMAL
2233850,TRABAJO,MULTIDEPARTAMENTAL,GOBIERNO NACIONAL,2233850-239307-674853-2036314-133756,2023,1,1,0.89,NORMAL,NORMAL,NORMAL,NORMAL,ALERTA,NORMAL
2393366,TRANSPORTE,ICA,GOBIERNO NACIONAL,2393366-2393366-660818-2039877-133911,NULL,NULL,0,0,NORMAL,NORMAL,NORMAL,NORMAL,NORMAL,NORMAL
2080694,TRANSPORTE,MULTIDEPARTAMENTAL,GOBIERNO LOCAL,2080694-77545-661992-2038656-134497,NULL,NULL,0,0,NORMAL,NORMAL,NORMAL,NORMAL,NORMAL,NORMAL
2080694,TRANSPORTE,MULTIDEPARTAMENTAL,GOBIERNO LOCAL,2080694-77545-673882-2038678-134497,NULL,NULL,0,0,NORMAL,NORMAL,NORMAL,NORMAL,NORMAL,NORMAL
2194993,ADMINISTRACION Y PLANEAMIENTO,MULTIDEPARTAMENTAL,GOBIERNO NACIONAL,2194993-255906-747262-2084411-134953,NULL,NULL,0,0,NORMAL,NORMAL,NORMAL,NORMAL,NORMAL,NORMAL
2194993,ADMINISTRACION Y PLANEAMIENTO,MULTIDEPARTAMENTAL,GOBIERNO NACIONAL,2194993-255906-811767-2128027-134953,NULL,NULL,0,0,NORMAL,NORMAL,NORMAL,NORMAL,NORMAL,NORMAL
2357438,ORDEN PÚBLICO Y SEGURIDAD,PUNO,GOBIERNO REGIONAL,2357438-2357438-666873-2038448-135093,NULL,NULL,0,0,NORMAL,NORMAL,NORMAL,NORMAL,NORMAL,NORMAL
2357438,ORDEN PÚBLICO Y SEGURIDAD,PUNO,GOBIERNO REGIONAL,2357438-2357438-708379-2067721-135093,NULL,NULL,0,0,NORMAL,NORMAL,NORMAL,NORMAL,NORMAL,NORMAL
2282760,TRABAJO,MULTIDEPARTAMENTAL,GOBIERNO NACIONAL,2282760-172973-696209-2059355-135454,2023,1,0.28,0.25,NORMAL,NORMAL,NORMAL,NORMAL,NORMAL,NORMAL
2282760,TRABAJO,MULTIDEPARTAMENTAL,GOBIERNO NACIONAL,2282760-172973-696209-2059355-135454,2023,7,0.41,0.33,NORMAL,NORMAL,NORMAL,NORMAL,NORMAL,NORMAL
2282760,TRABAJO,MULTIDEPARTAMENTAL,GOBIERNO NACIONAL,2282760-172973-696209-2059355-135454,2023,3,0.28,0.27,NORMAL,NORMAL,NORMAL,NORMAL,NORMAL,NORMAL
2282760,TRABAJO,MULTIDEPARTAMENTAL,GOBIERNO NACIONAL,2282760-172973-696209-2059355-135454,2023,4,0.34,0.29,NORMAL,NORMAL,NORMAL,NORMAL,NORMAL,NORMAL
2282760,TRABAJO,MULTIDEPARTAMENTAL,GOBIERNO NACIONAL,2282760-172973-696209-2059355-135454,2023,5,0.39,0.3,NORMAL,NORMAL,NORMAL,NORMAL,NORMAL,NORMAL
2282760,TRABAJO,MULTIDEPARTAMENTAL,GOBIERNO NACIONAL,2282760-172973-696209-2059355-135454,2023,6,0.39,0.3,NORMAL,NORMAL,NORMAL,NORMAL,NORMAL,NORMAL
2282760,TRABAJO,MULTIDEPARTAMENTAL,GOBIERNO NACIONAL,2282760-172973-696209-2059355-135454,2023,2,0.3,0.25,NORMAL,NORMAL,NORMAL,NORMAL,NORMAL,NORMAL
2233850,TRABAJO,MULTIDEPARTAMENTAL,GOBIERNO NACIONAL,2233850-239307-656598-2033398-137209,NULL,NULL,0,0,NORMAL,NORMAL,ALERTA,NORMAL,NORMAL,NORMAL
2233850,TRABAJO,MULTIDEPARTAMENTAL,GOBIERNO NACIONAL,2233850-239307-672349-2029810-137209,NULL,NULL,0,0,NORMAL,NORMAL,ALERTA,NORMAL,NORMAL,NORMAL
2233850,TRABAJO,MULTIDEPARTAMENTAL,GOBIERNO NACIONAL,2233850-239307-682914-2038742-137213,NULL,NULL,0,0,NORMAL,NORMAL,NORMAL,NORMAL,NORMAL,NORMAL
2027711,TRANSPORTE,MULTIDEPARTAMENTAL,GOBIERNO NACIONAL,2027711-3876-682536-2050524-138320,2023,6,1,0.64,NORMAL,NORMAL,NORMAL,NORMAL,NORMAL,NORMAL
2027711,TRANSPORTE,MULTIDEPARTAMENTAL,GOBIERNO NACIONAL,2027711-3876-686773-2058157-138320,2023,6,1,0.64,NORMAL,NORMAL,NORMAL,NORMAL,NORMAL,NORMAL
2027711,TRANSPORTE,MULTIDEPARTAMENTAL,GOBIERNO NACIONAL,2027711-3876-682536-2050524-138320,2023,7,1,0.68,NORMAL,NORMAL,NORMAL,NORMAL,NORMAL,NORMAL
2027711,TRANSPORTE,MULTIDEPARTAMENTAL,GOBIERNO NACIONAL,2027711-3876-686773-2058157-138320,2023,7,1,0.68,NORMAL,NORMAL,NORMAL,NORMAL,NORMAL,NORMAL
2027711,TRANSPORTE,MULTIDEPARTAMENTAL,GOBIERNO NACIONAL,2027711-3876-682536-2050524-138320,2023,2,1,0.5,NORMAL,NORMAL,NORMAL,NORMAL,NORMAL,NORMAL
2027711,TRANSPORTE,MULTIDEPARTAMENTAL,GOBIERNO NACIONAL,2027711-3876-686773-2058157-138320,2023,2,1,0.5,NORMAL,NORMAL,NORMAL,NORMAL,NORMAL,NORMAL
2027711,TRANSPORTE,MULTIDEPARTAMENTAL,GOBIERNO NACIONAL,2027711-3876-682536-2050524-138320,2023,4,1,0.52,NORMAL,NORMAL,NORMAL,NORMAL,NORMAL,NORMAL
2027711,TRANSPORTE,MULTIDEPARTAMENTAL,GOBIERNO NACIONAL,2027711-3876-686773-2058157-138320,2023,4,1,0.52,NORMAL,NORMAL,NORMAL,NORMAL,NORMAL,NORMAL
2027711,TRANSPORTE,MULTIDEPARTAMENTAL,GOBIERNO NACIONAL,2027711-3876-682536-2050524-138320,2023,1,1,0.43,NORMAL,NORMAL,NORMAL,NORMAL,NORMAL,NORMAL
2027711,TRANSPORTE,MULTIDEPARTAMENTAL,GOBIERNO NACIONAL,2027711-3876-686773-2058157-138320,2023,1,1,0.43,NORMAL,NORMAL,NORMAL,NORMAL,NORMAL,NORMAL
2027711,TRANSPORTE,MULTIDEPARTAMENTAL,GOBIERNO NACIONAL,2027711-3876-682536-2050524-138320,2023,3,1,0.51,NORMAL,NORMAL,NORMAL,NORMAL,NORMAL,NORMAL
2027711,TRANSPORTE,MULTIDEPARTAMENTAL,GOBIERNO NACIONAL,2027711-3876-686773-2058157-138320,2023,3,1,0.51,NORMAL,NORMAL,NORMAL,NORMAL,NORMAL,NORMAL
2027711,TRANSPORTE,MULTIDEPARTAMENTAL,GOBIERNO NACIONAL,2027711-3876-682536-2050524-138320,2023,5,1,0.54,NORMAL,NORMAL,NORMAL,NORMAL,NORMAL,NORMAL
2027711,TRANSPORTE,MULTIDEPARTAMENTAL,GOBIERNO NACIONAL,2027711-3876-686773-2058157-138320,2023,5,1,0.54,NORMAL,NORMAL,NORMAL,NORMAL,NORMAL,NORMAL
2161813,OTROS,MULTIDEPARTAMENTAL,GOBIERNO NACIONAL,2161813-216050-683419-2032335-138910,NULL,NULL,0,0,NORMAL,NORMAL,NORMAL,NORMAL,NORMAL,NORMAL
2470680,TRANSPORTE,PIURA,GOBIERNO NACIONAL,2470680-2470680-693030-2055637-138923,NULL,NULL,0,0,NORMAL,NORMAL,NORMAL,NORMAL,NORMAL,NORMAL
2494306,SANEAMIENTO,LIMA,GOBIERNO NACIONAL,2494306-2494306-686122-2046729-138963,NULL,NULL,0,0,NORMAL,NORMAL,NORMAL,NORMAL,NORMAL,NORMAL
2300016,OTROS,MULTIDEPARTAMENTAL,GOBIERNO NACIONAL,2300016-314709-739838-2085159-138996,2023,4,0.37,0.18,NORMAL,NORMAL,NORMAL,NORMAL,NORMAL,NORMAL
2300016,OTROS,MULTIDEPARTAMENTAL,GOBIERNO NACIONAL,2300016-314709-739838-2085159-138996,2023,6,0.65,0.23,NORMAL,NORMAL,NORMAL,NORMAL,NORMAL,NORMAL
2300016,OTROS,MULTIDEPARTAMENTAL,GOBIERNO NACIONAL,2300016-314709-739838-2085159-138996,2023,3,0.37,0.18,NORMAL,NORMAL,NORMAL,NORMAL,NORMAL,NORMAL
2300016,OTROS,MULTIDEPARTAMENTAL,GOBIERNO NACIONAL,2300016-314709-739838-2085159-138996,2023,1,0.37,0.18,NORMAL,NORMAL,NORMAL,NORMAL,NORMAL,NORMAL
2300016,OTROS,MULTIDEPARTAMENTAL,GOBIERNO NACIONAL,2300016-314709-739838-2085159-138996,2023,5,0.6,0.19,NORMAL,NORMAL,NORMAL,NORMAL,NORMAL,NORMAL
2300016,OTROS,MULTIDEPARTAMENTAL,GOBIERNO NACIONAL,2300016-314709-739838-2085159-138996,2023,2,0.37,0.18,NORMAL,NORMAL,NORMAL,NORMAL,NORMAL,NORMAL
2300016,OTROS,MULTIDEPARTAMENTAL,GOBIERNO NACIONAL,2300016-314709-739838-2085159-138996,2023,7,0.49,0.26,NORMAL,NORMAL,NORMAL,NORMAL,NORMAL,NORMAL
2284956,OTROS,MULTIDEPARTAMENTAL,GOBIERNO NACIONAL,2284956-303267-727717-2096706-138999,2023,1,0.16,0.21,NORMAL,NORMAL,NORMAL,NORMAL,NORMAL,NORMAL
2284956,OTROS,MULTIDEPARTAMENTAL,GOBIERNO NACIONAL,2284956-303267-727717-2096706-138999,2023,7,0.37,0.31,NORMAL,NORMAL,NORMAL,NORMAL,NORMAL,NORMAL
2284956,OTROS,MULTIDEPARTAMENTAL,GOBIERNO NACIONAL,2284956-303267-727717-2096706-138999,2023,2,0.19,0.23,NORMAL,NORMAL,NORMAL,NORMAL,NORMAL,NORMAL
2284956,OTROS,MULTIDEPARTAMENTAL,GOBIERNO NACIONAL,2284956-303267-727717-2096706-138999,2023,6,0.34,0.29,NORMAL,NORMAL,NORMAL,NORMAL,NORMAL,NORMAL
2284956,OTROS,MULTIDEPARTAMENTAL,GOBIERNO NACIONAL,2284956-303267-727717-2096706-138999,2023,3,0.03,0.01,NORMAL,NORMAL,NORMAL,NORMAL,NORMAL,NORMAL
2284956,OTROS,MULTIDEPARTAMENTAL,GOBIERNO NACIONAL,2284956-303267-727717-2096706-138999,2023,4,0.25,0.25,NORMAL,NORMAL,NORMAL,NORMAL,NORMAL,NORMAL
2284956,OTROS,MULTIDEPARTAMENTAL,GOBIERNO NACIONAL,2284956-303267-727717-2096706-138999,2023,5,0.29,0.28,NORMAL,NORMAL,NORMAL,NORMAL,NORMAL,NORMAL
2395022,SANEAMIENTO,LIMA,GOBIERNO NACIONAL,2395022-2395022-683269-2037468-139004,NULL,NULL,0,0,NORMAL,NORMAL,NORMAL,NORMAL,NORMAL,NORMAL
2163489,AGRARIA,MULTIDEPARTAMENTAL,GOBIERNO NACIONAL,2163489-216434-835552-2147552-139063,NULL,NULL,0,0,NORMAL,NORMAL,NORMAL,NORMAL,NORMAL,NORMAL
2190272,TRABAJO,MULTIDEPARTAMENTAL,GOBIERNO NACIONAL,2190272-259262-700080-2045963-139381,2023,1,0.93,0.92,NORMAL,NORMAL,NORMAL,NORMAL,NORMAL,NORMAL
2190272,TRABAJO,MULTIDEPARTAMENTAL,GOBIERNO NACIONAL,2190272-259262-700080-2045963-139381,2023,3,0.94,0.93,NORMAL,NORMAL,NORMAL,NORMAL,NORMAL,NORMAL
2190272,TRABAJO,MULTIDEPARTAMENTAL,GOBIERNO NACIONAL,2190272-259262-700080-2045963-139381,2023,2,0.93,0.92,NORMAL,NORMAL,NORMAL,NORMAL,NORMAL,NORMAL
2190272,TRABAJO,MULTIDEPARTAMENTAL,GOBIERNO NACIONAL,2190272-259262-700080-2045963-139381,2023,4,0.95,0.94,NORMAL,NORMAL,NORMAL,NORMAL,NORMAL,NORMAL
2190272,TRABAJO,MULTIDEPARTAMENTAL,GOBIERNO NACIONAL,2190272-259262-700080-2045963-139381,2023,5,0.97,0.95,NORMAL,NORMAL,NORMAL,NORMAL,NORMAL,NORMAL
2328039,DEFENSA Y SEGURIDAD NACIONAL,MULTIDEPARTAMENTAL,GOBIERNO NACIONAL,2328039-308669-726853-2070457-140616,NULL,NULL,0,0,NORMAL,NORMAL,NORMAL,NORMAL,NORMAL,NORMAL
2328039,DEFENSA Y SEGURIDAD NACIONAL,MULTIDEPARTAMENTAL,GOBIERNO NACIONAL,2328039-308669-733820-2070458-140616,NULL,NULL,0,0,NORMAL,NORMAL,NORMAL,NORMAL,NORMAL,NORMAL
2328039,DEFENSA Y SEGURIDAD NACIONAL,MULTIDEPARTAMENTAL,GOBIERNO NACIONAL,2328039-308669-733857-2070460-140616,NULL,NULL,0,0,NORMAL,NORMAL,NORMAL,NORMAL,NORMAL,NORMAL
2378135,PESCA,PIURA,GOBIERNO REGIONAL,2378135-2378135-725280-2075413-140660,NULL,NULL,0,0,NORMAL,NORMAL,NORMAL,NORMAL,NORMAL,NORMAL
2378135,PESCA,PIURA,GOBIERNO REGIONAL,2378135-2378135-744606-2081915-140660,NULL,NULL,0,0,NORMAL,NORMAL,NORMAL,NORMAL,NORMAL,NORMAL
2343984,ENERGIA Y RECURSOS MINERALES,MULTIDEPARTAMENTAL,GOBIERNO NACIONAL,2343984-382554-696238-2067909-141090,NULL,NULL,0,0,NORMAL,NORMAL,NORMAL,ALERTA,NORMAL,NORMAL
2343984,ENERGIA Y RECURSOS MINERALES,MULTIDEPARTAMENTAL,GOBIERNO NACIONAL,2343984-382554-709979-2084829-141090,NULL,NULL,0,0,NORMAL,NORMAL,NORMAL,ALERTA,NORMAL,NORMAL
2344004,ENERGIA Y RECURSOS MINERALES,MULTIDEPARTAMENTAL,GOBIERNO NACIONAL,2344004-382572-696364-2068147-141091,NULL,NULL,0,0,NORMAL,ALERTA,NORMAL,NORMAL,NORMAL,NORMAL
2344004,ENERGIA Y RECURSOS MINERALES,MULTIDEPARTAMENTAL,GOBIERNO NACIONAL,2344004-382572-719936-2084804-141091,NULL,NULL,0,0,NORMAL,ALERTA,NORMAL,NORMAL,NORMAL,NORMAL
2344004,ENERGIA Y RECURSOS MINERALES,MULTIDEPARTAMENTAL,GOBIERNO NACIONAL,2344004-382572-734917-2079058-141092,NULL,NULL,0,0,NORMAL,ALERTA,NORMAL,ALERTA,NORMAL,NORMAL
2344004,ENERGIA Y RECURSOS MINERALES,MULTIDEPARTAMENTAL,GOBIERNO NACIONAL,2344004-382572-719906-2084816-141092,NULL,NULL,0,0,NORMAL,ALERTA,NORMAL,ALERTA,NORMAL,NORMAL
2344004,ENERGIA Y RECURSOS MINERALES,MULTIDEPARTAMENTAL,GOBIERNO NACIONAL,2344004-382572-709977-2084826-141093,NULL,NULL,0,0,NORMAL,NORMAL,NORMAL,NORMAL,NORMAL,NORMAL
2344004,ENERGIA Y RECURSOS MINERALES,MULTIDEPARTAMENTAL,GOBIERNO NACIONAL,2344004-382572-696594-2067901-141093,NULL,NULL,0,0,NORMAL,NORMAL,NORMAL,NORMAL,NORMAL,NORMAL
2344004,ENERGIA Y RECURSOS MINERALES,MULTIDEPARTAMENTAL,GOBIERNO NACIONAL,2344004-382572-697157-2067916-141094,NULL,NULL,0,0,NORMAL,NORMAL,NORMAL,ALERTA,NORMAL,NORMAL
2194709,TRABAJO,MULTIDEPARTAMENTAL,GOBIERNO REGIONAL,2194709-231989-709352-2073447-141104,NULL,NULL,0,0,NORMAL,NORMAL,NORMAL,NORMAL,NORMAL,NORMAL
2194709,TRABAJO,MULTIDEPARTAMENTAL,GOBIERNO REGIONAL,2194709-231989-739211-2108440-141104,NULL,NULL,0,0,NORMAL,NORMAL,NORMAL,NORMAL,NORMAL,NORMAL
2233850,TRABAJO,MULTIDEPARTAMENTAL,GOBIERNO NACIONAL,2233850-239307-712351-2058738-141153,2023,1,0.89,0.46,NORMAL,NORMAL,NORMAL,NORMAL,NORMAL,NORMAL
2233850,TRABAJO,MULTIDEPARTAMENTAL,GOBIERNO NACIONAL,2233850-239307-724083-2063590-141153,2023,1,0.89,0.46,NORMAL,NORMAL,NORMAL,NORMAL,NORMAL,NORMAL
2233850,TRABAJO,MULTIDEPARTAMENTAL,GOBIERNO NACIONAL,2233850-239307-731572-2069043-141153,2023,1,0.89,0.46,NORMAL,NORMAL,NORMAL,NORMAL,NORMAL,NORMAL
2233850,TRABAJO,MULTIDEPARTAMENTAL,GOBIERNO NACIONAL,2233850-239307-731693-2069052-141153,2023,1,0.89,0.46,NORMAL,NORMAL,NORMAL,NORMAL,NORMAL,NORMAL
2233850,TRABAJO,MULTIDEPARTAMENTAL,GOBIERNO NACIONAL,2233850-239307-734864-2071276-141153,2023,1,0.89,0.46,NORMAL,NORMAL,NORMAL,NORMAL,NORMAL,NORMAL
2233850,TRABAJO,MULTIDEPARTAMENTAL,GOBIERNO NACIONAL,2233850-239307-861304-2156132-141153,2023,1,0.89,0.46,NORMAL,NORMAL,NORMAL,NORMAL,NORMAL,NORMAL
2233850,TRABAJO,MULTIDEPARTAMENTAL,GOBIERNO NACIONAL,2233850-239307-712351-2058738-141153,2023,4,0.88,0.49,NORMAL,NORMAL,NORMAL,NORMAL,NORMAL,NORMAL
2233850,TRABAJO,MULTIDEPARTAMENTAL,GOBIERNO NACIONAL,2233850-239307-724083-2063590-141153,2023,4,0.88,0.49,NORMAL,NORMAL,NORMAL,NORMAL,NORMAL,NORMAL
2233850,TRABAJO,MULTIDEPARTAMENTAL,GOBIERNO NACIONAL,2233850-239307-731572-2069043-141153,2023,4,0.88,0.49,NORMAL,NORMAL,NORMAL,NORMAL,NORMAL,NORMAL
2233850,TRABAJO,MULTIDEPARTAMENTAL,GOBIERNO NACIONAL,2233850-239307-731693-2069052-141153,2023,4,0.88,0.49,NORMAL,NORMAL,NORMAL,NORMAL,NORMAL,NORMAL
2233850,TRABAJO,MULTIDEPARTAMENTAL,GOBIERNO NACIONAL,2233850-239307-734864-2071276-141153,2023,4,0.88,0.49,NORMAL,NORMAL,NORMAL,NORMAL,NORMAL,NORMAL
2233850,TRABAJO,MULTIDEPARTAMENTAL,GOBIERNO NACIONAL,2233850-239307-861304-2156132-141153,2023,4,0.88,0.49,NORMAL,NORMAL,NORMAL,NORMAL,NORMAL,NORMAL
2511978,SALUD,ANCASH,GOBIERNO NACIONAL,2511978-2511978-715875-2057224-141280,2023,3,1,0.57,NORMAL,NORMAL,NORMAL,ALERTA,NORMAL,ALERTA
2511978,SALUD,ANCASH,GOBIERNO NACIONAL,2511978-2511978-715875-2057224-141280,2023,6,1,0.61,NORMAL,NORMAL,NORMAL,ALERTA,NORMAL,ALERTA
2511978,SALUD,ANCASH,GOBIERNO NACIONAL,2511978-2511978-715875-2057224-141280,2023,4,1,0.58,NORMAL,NORMAL,NORMAL,ALERTA,NORMAL,ALERTA
2511978,SALUD,ANCASH,GOBIERNO NACIONAL,2511978-2511978-715875-2057224-141280,2023,5,1,0.6,NORMAL,NORMAL,NORMAL,ALERTA,NORMAL,ALERTA
2511978,SALUD,ANCASH,GOBIERNO NACIONAL,2511978-2511978-715875-2057224-141280,2023,1,1,0.52,NORMAL,NORMAL,NORMAL,ALERTA,NORMAL,ALERTA
2511978,SALUD,ANCASH,GOBIERNO NACIONAL,2511978-2511978-715875-2057224-141280,2023,7,1,0.62,NORMAL,NORMAL,NORMAL,ALERTA,NORMAL,ALERTA
2511978,SALUD,ANCASH,GOBIERNO NACIONAL,2511978-2511978-715875-2057224-141280,2023,2,1,0.55,NORMAL,NORMAL,NORMAL,ALERTA,NORMAL,ALERTA
2362485,SALUD,ANCASH,GOBIERNO REGIONAL,2362485-2362485-715882-2057437-141282,2023,3,1,0.49,NORMAL,NORMAL,NORMAL,ALERTA,NORMAL,ALERTA
2362485,SALUD,ANCASH,GOBIERNO REGIONAL,2362485-2362485-715882-2057437-141282,2023,5,1,0.53,NORMAL,NORMAL,NORMAL,ALERTA,NORMAL,ALERTA
2362485,SALUD,ANCASH,GOBIERNO REGIONAL,2362485-2362485-715882-2057437-141282,2023,2,1,0.47,NORMAL,NORMAL,NORMAL,ALERTA,NORMAL,ALERTA
2362485,SALUD,ANCASH,GOBIERNO REGIONAL,2362485-2362485-715882-2057437-141282,2023,6,1,0.54,NORMAL,NORMAL,NORMAL,ALERTA,NORMAL,ALERTA
2362485,SALUD,ANCASH,GOBIERNO REGIONAL,2362485-2362485-715882-2057437-141282,2023,1,1,0.5,NORMAL,NORMAL,NORMAL,ALERTA,NORMAL,ALERTA
2362485,SALUD,ANCASH,GOBIERNO REGIONAL,2362485-2362485-715882-2057437-141282,2023,4,1,0.51,NORMAL,NORMAL,NORMAL,ALERTA,NORMAL,ALERTA
2362485,SALUD,ANCASH,GOBIERNO REGIONAL,2362485-2362485-715882-2057437-141282,2023,7,1,0.55,NORMAL,NORMAL,NORMAL,ALERTA,NORMAL,ALERTA
2496772,ORDEN PÚBLICO Y SEGURIDAD,TUMBES,GOBIERNO NACIONAL,2496772-2496772-701979-2046977-141923,NULL,NULL,0,0,NORMAL,NORMAL,NORMAL,NORMAL,NORMAL,NORMAL
2499886,ORDEN PÚBLICO Y SEGURIDAD,LIMA,GOBIERNO NACIONAL,2499886-2499886-701912-2046940-141926,NULL,NULL,0,0,NORMAL,ALERTA,NORMAL,NORMAL,NORMAL,NORMAL
2498739,ORDEN PÚBLICO Y SEGURIDAD,LIMA,GOBIERNO NACIONAL,2498739-2498739-701912-2046940-141927,NULL,NULL,0,0,NORMAL,ALERTA,NORMAL,NORMAL,NORMAL,NORMAL
2510582,TRANSPORTE,PIURA,GOBIERNO REGIONAL,2510582-2510582-794558-2121907-142752,NULL,NULL,0,0,NORMAL,NORMAL,NORMAL,NORMAL,NORMAL,NORMAL
2510582,TRANSPORTE,PIURA,GOBIERNO REGIONAL,2510582-2510582-795515-2115293-142752,NULL,NULL,0,0,NORMAL,NORMAL,NORMAL,NORMAL,NORMAL,NORMAL
2234988,TRANSPORTE,MULTIDEPARTAMENTAL,GOBIERNO NACIONAL,2234988-86897-716584-2058471-142784,NULL,NULL,0,0,NORMAL,NORMAL,NORMAL,NORMAL,NORMAL,NORMAL
2495613,TRANSPORTE,CALLAO,GOBIERNO NACIONAL,2495613-2495613-704327-2069511-142811,NULL,NULL,0,0,NORMAL,NORMAL,NORMAL,NORMAL,NORMAL,NORMAL
2446345,ORDEN PÚBLICO Y SEGURIDAD,LA LIBERTAD,GOBIERNO REGIONAL,2446345-2446345-705281-2049567-142821,2023,3,0.92,0.54,NORMAL,NORMAL,NORMAL,NORMAL,NORMAL,NORMAL
2446345,ORDEN PÚBLICO Y SEGURIDAD,LA LIBERTAD,GOBIERNO REGIONAL,2446345-2446345-705281-2049567-142821,2023,2,0.8,0.49,NORMAL,NORMAL,NORMAL,NORMAL,NORMAL,NORMAL
2446345,ORDEN PÚBLICO Y SEGURIDAD,LA LIBERTAD,GOBIERNO REGIONAL,2446345-2446345-705281-2049567-142821,2023,5,1,0.55,NORMAL,NORMAL,NORMAL,NORMAL,NORMAL,NORMAL
2446345,ORDEN PÚBLICO Y SEGURIDAD,LA LIBERTAD,GOBIERNO REGIONAL,2446345-2446345-705281-2049567-142821,2023,1,0.68,0.47,NORMAL,NORMAL,NORMAL,NORMAL,NORMAL,NORMAL
2446345,ORDEN PÚBLICO Y SEGURIDAD,LA LIBERTAD,GOBIERNO REGIONAL,2446345-2446345-705281-2049567-142821,2023,7,1,0.74,NORMAL,NORMAL,NORMAL,NORMAL,NORMAL,NORMAL
2446345,ORDEN PÚBLICO Y SEGURIDAD,LA LIBERTAD,GOBIERNO REGIONAL,2446345-2446345-705281-2049567-142821,2023,6,1,0.65,NORMAL,NORMAL,NORMAL,NORMAL,NORMAL,NORMAL
2446345,ORDEN PÚBLICO Y SEGURIDAD,LA LIBERTAD,GOBIERNO REGIONAL,2446345-2446345-705281-2049567-142821,2023,4,1,0.55,NORMAL,NORMAL,NORMAL,NORMAL,NORMAL,NORMAL
2503297,ORDEN PÚBLICO Y SEGURIDAD,LA LIBERTAD,GOBIERNO REGIONAL,2503297-2503297-705281-2049567-142822,NULL,NULL,0,0,NORMAL,NORMAL,NORMAL,NORMAL,NORMAL,NORMAL
2512108,EDUCACIÓN,AREQUIPA,GOBIERNO LOCAL,2512108-2512108-719115-2070204-142870,NULL,NULL,0,0,NORMAL,NORMAL,NORMAL,NORMAL,NORMAL,NORMAL
2026767,TRANSPORTE,MULTIDEPARTAMENTAL,GOBIERNO NACIONAL,2026767-16256-709096-2067605-143536,NULL,NULL,0,0,NORMAL,NORMAL,NORMAL,NORMAL,NORMAL,NORMAL
2344004,ENERGIA Y RECURSOS MINERALES,MULTIDEPARTAMENTAL,GOBIERNO NACIONAL,2344004-382572-715859-2072330-144011,NULL,NULL,0,0,NORMAL,NORMAL,NORMAL,NORMAL,NORMAL,NORMAL
2234982,TRANSPORTE,MULTIDEPARTAMENTAL,GOBIERNO NACIONAL,2234982-108598-741570-2098048-144235,NULL,NULL,0,0,NORMAL,NORMAL,NORMAL,NORMAL,NORMAL,NORMAL
2344004,ENERGIA Y RECURSOS MINERALES,MULTIDEPARTAMENTAL,GOBIERNO NACIONAL,2344004-382572-729473-2087592-144271,NULL,NULL,0,0,NORMAL,NORMAL,NORMAL,ALERTA,NORMAL,ALERTA
2253121,TRABAJO,MULTIDEPARTAMENTAL,GOBIERNO NACIONAL,2253121-301371-724591-2082967-144325,NULL,NULL,0,0,NORMAL,NORMAL,NORMAL,NORMAL,NORMAL,NORMAL
2266239,TRANSPORTE,TUMBES,GOBIERNO NACIONAL,2266239-22422-713490-2069085-144334,NULL,NULL,0,0,NORMAL,NORMAL,NORMAL,NORMAL,NORMAL,NORMAL
2501395,ORDEN PÚBLICO Y SEGURIDAD,ANCASH,GOBIERNO NACIONAL,2501395-2501395-715869-2057425-144752,NULL,NULL,0,0,NORMAL,NORMAL,NORMAL,NORMAL,NORMAL,NORMAL
2501291,ORDEN PÚBLICO Y SEGURIDAD,ANCASH,GOBIERNO NACIONAL,2501291-2501291-715869-2057425-144753,NULL,NULL,0,0,NORMAL,NORMAL,NORMAL,NORMAL,NORMAL,NORMAL
2192219,TRABAJO,MULTIDEPARTAMENTAL,GOBIERNO REGIONAL,2192219-176879-727561-2082955-144910,2023,5,0.36,0.37,NORMAL,NORMAL,NORMAL,NORMAL,NORMAL,NORMAL
2192219,TRABAJO,MULTIDEPARTAMENTAL,GOBIERNO REGIONAL,2192219-176879-732793-2082796-144910,2023,5,0.36,0.37,NORMAL,NORMAL,NORMAL,NORMAL,NORMAL,NORMAL
2192219,TRABAJO,MULTIDEPARTAMENTAL,GOBIERNO REGIONAL,2192219-176879-727561-2082955-144910,2023,2,0.36,0.35,NORMAL,NORMAL,NORMAL,NORMAL,NORMAL,NORMAL
2192219,TRABAJO,MULTIDEPARTAMENTAL,GOBIERNO REGIONAL,2192219-176879-732793-2082796-144910,2023,2,0.36,0.35,NORMAL,NORMAL,NORMAL,NORMAL,NORMAL,NORMAL
2192219,TRABAJO,MULTIDEPARTAMENTAL,GOBIERNO REGIONAL,2192219-176879-727561-2082955-144910,2023,3,0.36,0.35,NORMAL,NORMAL,NORMAL,NORMAL,NORMAL,NORMAL
2192219,TRABAJO,MULTIDEPARTAMENTAL,GOBIERNO REGIONAL,2192219-176879-732793-2082796-144910,2023,3,0.36,0.35,NORMAL,NORMAL,NORMAL,NORMAL,NORMAL,NORMAL
2192219,TRABAJO,MULTIDEPARTAMENTAL,GOBIERNO REGIONAL,2192219-176879-727561-2082955-144910,2023,1,0.36,0.35,NORMAL,NORMAL,NORMAL,NORMAL,NORMAL,NORMAL
2192219,TRABAJO,MULTIDEPARTAMENTAL,GOBIERNO REGIONAL,2192219-176879-732793-2082796-144910,2023,1,0.36,0.35,NORMAL,NORMAL,NORMAL,NORMAL,NORMAL,NORMAL
2192219,TRABAJO,MULTIDEPARTAMENTAL,GOBIERNO REGIONAL,2192219-176879-727561-2082955-144910,2023,6,0.36,0.37,NORMAL,NORMAL,NORMAL,NORMAL,NORMAL,NORMAL
2192219,TRABAJO,MULTIDEPARTAMENTAL,GOBIERNO REGIONAL,2192219-176879-732793-2082796-144910,2023,6,0.36,0.37,NORMAL,NORMAL,NORMAL,NORMAL,NORMAL,NORMAL
2192219,TRABAJO,MULTIDEPARTAMENTAL,GOBIERNO REGIONAL,2192219-176879-727561-2082955-144910,2023,4,0.36,0.37,NORMAL,NORMAL,NORMAL,NORMAL,NORMAL,NORMAL
2192219,TRABAJO,MULTIDEPARTAMENTAL,GOBIERNO REGIONAL,2192219-176879-732793-2082796-144910,2023,4,0.36,0.37,NORMAL,NORMAL,NORMAL,NORMAL,NORMAL,NORMAL
2192219,TRABAJO,MULTIDEPARTAMENTAL,GOBIERNO REGIONAL,2192219-176879-727561-2082955-144910,2023,7,0.36,0.37,NORMAL,NORMAL,NORMAL,NORMAL,NORMAL,NORMAL
2192219,TRABAJO,MULTIDEPARTAMENTAL,GOBIERNO REGIONAL,2192219-176879-732793-2082796-144910,2023,7,0.36,0.37,NORMAL,NORMAL,NORMAL,NORMAL,NORMAL,NORMAL
2508148,ORDEN PÚBLICO Y SEGURIDAD,LA LIBERTAD,GOBIERNO REGIONAL,2508148-2508148-718827-2059561-145003,NULL,NULL,0,0,NORMAL,NORMAL,NORMAL,NORMAL,NORMAL,NORMAL
2499818,ORDEN PÚBLICO Y SEGURIDAD,ANCASH,GOBIERNO NACIONAL,2499818-2499818-719600-2060109-145004,NULL,NULL,0,0,NORMAL,NORMAL,NORMAL,NORMAL,NORMAL,NORMAL
2501802,ORDEN PÚBLICO Y SEGURIDAD,MULTIDEPARTAMENTAL,GOBIERNO NACIONAL,2501802-2501802-719510-2060104-145481,NULL,NULL,0,0,NORMAL,NORMAL,NORMAL,NORMAL,NORMAL,NORMAL
2501657,ORDEN PÚBLICO Y SEGURIDAD,LA LIBERTAD,GOBIERNO NACIONAL,2501657-2501657-719510-2060104-145483,NULL,NULL,0,0,NORMAL,NORMAL,NORMAL,NORMAL,NORMAL,NORMAL
2501721,ORDEN PÚBLICO Y SEGURIDAD,LA LIBERTAD,GOBIERNO NACIONAL,2501721-2501721-719510-2060104-145484,NULL,NULL,0,0,NORMAL,NORMAL,NORMAL,NORMAL,NORMAL,NORMAL
2058698,TRANSPORTE,MULTIDEPARTAMENTAL,GOBIERNO NACIONAL,2058698-10447-724030-2079272-146037,NULL,NULL,0,0,NORMAL,NORMAL,NORMAL,NORMAL,NORMAL,NORMAL
2110581,TRANSPORTE,MULTIDEPARTAMENTAL,GOBIERNO NACIONAL,2110581-11432-724030-2079272-146038,NULL,NULL,0,0,NORMAL,NORMAL,NORMAL,NORMAL,NORMAL,NORMAL
2338279,TRANSPORTE,CAJAMARCA,GOBIERNO NACIONAL,2338279-377183-724906-2077174-146140,NULL,NULL,0,0,NORMAL,NORMAL,NORMAL,NORMAL,NORMAL,NORMAL
2327694,TRANSPORTE,SAN MARTIN,GOBIERNO NACIONAL,2327694-364106-725234-2079257-146172,NULL,NULL,0,0,NORMAL,NORMAL,NORMAL,NORMAL,NORMAL,NORMAL
2343984,ENERGIA Y RECURSOS MINERALES,MULTIDEPARTAMENTAL,GOBIERNO NACIONAL,2343984-382554-727368-2122016-146965,NULL,NULL,0,0,NORMAL,NORMAL,NORMAL,NORMAL,NORMAL,NORMAL
2502822,TRANSPORTE,CUSCO,GOBIERNO REGIONAL,2502822-2502822-749611-2090784-148627,NULL,NULL,0,0,NORMAL,NORMAL,NORMAL,NORMAL,NORMAL,NORMAL
2502822,TRANSPORTE,CUSCO,GOBIERNO REGIONAL,2502822-2502822-782486-2112848-148627,NULL,NULL,0,0,NORMAL,NORMAL,NORMAL,NORMAL,NORMAL,NORMAL
2329618,TRABAJO,MULTIDEPARTAMENTAL,GOBIERNO REGIONAL,2329618-365930-776041-2105638-150346,2023,2,0.27,0.27,NORMAL,NORMAL,NORMAL,NORMAL,NORMAL,NORMAL
2329618,TRABAJO,MULTIDEPARTAMENTAL,GOBIERNO REGIONAL,2329618-365930-776041-2105638-150346,2023,1,0.27,0.27,NORMAL,NORMAL,NORMAL,NORMAL,NORMAL,NORMAL
2329618,TRABAJO,MULTIDEPARTAMENTAL,GOBIERNO REGIONAL,2329618-365930-776041-2105638-150346,2023,6,0.29,0.32,NORMAL,NORMAL,NORMAL,NORMAL,NORMAL,NORMAL
2329618,TRABAJO,MULTIDEPARTAMENTAL,GOBIERNO REGIONAL,2329618-365930-776041-2105638-150346,2023,8,0.55,0.38,NORMAL,NORMAL,NORMAL,NORMAL,NORMAL,NORMAL
2329618,TRABAJO,MULTIDEPARTAMENTAL,GOBIERNO REGIONAL,2329618-365930-776041-2105638-150346,2023,5,0.4,0.28,NORMAL,NORMAL,NORMAL,NORMAL,NORMAL,NORMAL
2329618,TRABAJO,MULTIDEPARTAMENTAL,GOBIERNO REGIONAL,2329618-365930-776041-2105638-150346,2023,4,0.27,0.27,NORMAL,NORMAL,NORMAL,NORMAL,NORMAL,NORMAL
2329618,TRABAJO,MULTIDEPARTAMENTAL,GOBIERNO REGIONAL,2329618-365930-776041-2105638-150346,2023,7,0.4,0.34,NORMAL,NORMAL,NORMAL,NORMAL,NORMAL,NORMAL
2329618,TRABAJO,MULTIDEPARTAMENTAL,GOBIERNO REGIONAL,2329618-365930-776041-2105638-150346,2023,3,0.27,0.27,NORMAL,NORMAL,NORMAL,NORMAL,NORMAL,NORMAL
2190272,TRABAJO,MULTIDEPARTAMENTAL,GOBIERNO NACIONAL,2190272-259262-743511-2076594-150370,2023,5,0.21,0.06,NORMAL,NORMAL,NORMAL,NORMAL,NORMAL,NORMAL
2190272,TRABAJO,MULTIDEPARTAMENTAL,GOBIERNO NACIONAL,2190272-259262-743511-2076594-150370,2023,6,0.23,0.07,NORMAL,NORMAL,NORMAL,NORMAL,NORMAL,NORMAL
2190272,TRABAJO,MULTIDEPARTAMENTAL,GOBIERNO NACIONAL,2190272-259262-743511-2076594-150370,2023,3,0.17,0.05,NORMAL,NORMAL,NORMAL,NORMAL,NORMAL,NORMAL
2190272,TRABAJO,MULTIDEPARTAMENTAL,GOBIERNO NACIONAL,2190272-259262-743511-2076594-150370,2023,1,0.15,0.03,NORMAL,NORMAL,NORMAL,NORMAL,NORMAL,NORMAL
2190272,TRABAJO,MULTIDEPARTAMENTAL,GOBIERNO NACIONAL,2190272-259262-743511-2076594-150370,2023,8,0.23,0.07,NORMAL,NORMAL,NORMAL,NORMAL,NORMAL,NORMAL
2190272,TRABAJO,MULTIDEPARTAMENTAL,GOBIERNO NACIONAL,2190272-259262-743511-2076594-150370,2023,7,0.25,0.07,NORMAL,NORMAL,NORMAL,NORMAL,NORMAL,NORMAL
2190272,TRABAJO,MULTIDEPARTAMENTAL,GOBIERNO NACIONAL,2190272-259262-743511-2076594-150370,2023,4,0.19,0.05,NORMAL,NORMAL,NORMAL,NORMAL,NORMAL,NORMAL
2530648,ENERGÍA,LORETO,GOBIERNO NACIONAL,2530648-2530648-798195-2131672-151347,NULL,NULL,0,0,NORMAL,NORMAL,NORMAL,NORMAL,NORMAL,NORMAL
2530648,ENERGÍA,LORETO,GOBIERNO NACIONAL,2530648-2530648-873095-2175081-151347,NULL,NULL,0,0,NORMAL,NORMAL,NORMAL,NORMAL,NORMAL,NORMAL
2337745,TRANSPORTE,AREQUIPA,GOBIERNO REGIONAL,2337745-376679-811539-2144452-151408,NULL,NULL,0,0,NORMAL,NORMAL,NORMAL,NORMAL,NORMAL,NORMAL
2502679,SALUD,CAJAMARCA,GOBIERNO NACIONAL,2502679-2502679-750568-2089687-152012,NULL,NULL,0,0,NORMAL,NORMAL,NORMAL,NORMAL,NORMAL,NORMAL
2502679,SALUD,CAJAMARCA,GOBIERNO NACIONAL,2502679-2502679-767031-2107161-152012,NULL,NULL,0,0,NORMAL,NORMAL,NORMAL,NORMAL,NORMAL,NORMAL
2428356,SALUD,CAJAMARCA,GOBIERNO REGIONAL,2428356-2428356-763890-2091852-152016,NULL,NULL,0,0,NORMAL,NORMAL,NORMAL,NORMAL,NORMAL,NORMAL
2428356,SALUD,CAJAMARCA,GOBIERNO REGIONAL,2428356-2428356-767107-2099542-152016,NULL,NULL,0,0,NORMAL,NORMAL,NORMAL,NORMAL,NORMAL,NORMAL
2183907,OTROS,MULTIDEPARTAMENTAL,GOBIERNO REGIONAL,2183907-268462-765220-2111244-152191,2023,3,0.46,0.1,NORMAL,NORMAL,ALERTA,NORMAL,NORMAL,NORMAL
2183907,OTROS,MULTIDEPARTAMENTAL,GOBIERNO REGIONAL,2183907-268462-774107-2106156-152191,2023,3,0.46,0.1,NORMAL,NORMAL,NORMAL,NORMAL,NORMAL,NORMAL
2183907,OTROS,MULTIDEPARTAMENTAL,GOBIERNO REGIONAL,2183907-268462-765220-2111244-152191,2023,4,0.55,0.1,NORMAL,NORMAL,ALERTA,NORMAL,NORMAL,NORMAL
2183907,OTROS,MULTIDEPARTAMENTAL,GOBIERNO REGIONAL,2183907-268462-774107-2106156-152191,2023,4,0.55,0.1,NORMAL,NORMAL,NORMAL,NORMAL,NORMAL,NORMAL
2183907,OTROS,MULTIDEPARTAMENTAL,GOBIERNO REGIONAL,2183907-268462-765220-2111244-152191,2023,2,0.36,0.08,NORMAL,NORMAL,ALERTA,NORMAL,NORMAL,NORMAL
2183907,OTROS,MULTIDEPARTAMENTAL,GOBIERNO REGIONAL,2183907-268462-774107-2106156-152191,2023,2,0.36,0.08,NORMAL,NORMAL,NORMAL,NORMAL,NORMAL,NORMAL
2412703,PLANEAMIENTO; GESTIÓN Y RESERVA DE CONTINGENCIA,LIMA,GOBIERNO NACIONAL,2412703-2412703-777241-2164311-152911,2023,5,0.06,0.08,NORMAL,NORMAL,NORMAL,ALERTA,NORMAL,NORMAL
2412703,PLANEAMIENTO; GESTIÓN Y RESERVA DE CONTINGENCIA,LIMA,GOBIERNO NACIONAL,2412703-2412703-826086-2184736-152911,2023,5,0.06,0.08,NORMAL,NORMAL,NORMAL,ALERTA,NORMAL,ALERTA
2412703,PLANEAMIENTO; GESTIÓN Y RESERVA DE CONTINGENCIA,LIMA,GOBIERNO NACIONAL,2412703-2412703-777241-2164311-152911,2023,8,0.51,0.34,NORMAL,NORMAL,NORMAL,ALERTA,NORMAL,NORMAL
2412703,PLANEAMIENTO; GESTIÓN Y RESERVA DE CONTINGENCIA,LIMA,GOBIERNO NACIONAL,2412703-2412703-826086-2184736-152911,2023,8,0.51,0.34,NORMAL,NORMAL,NORMAL,ALERTA,NORMAL,ALERTA
2412703,PLANEAMIENTO; GESTIÓN Y RESERVA DE CONTINGENCIA,LIMA,GOBIERNO NACIONAL,2412703-2412703-777241-2164311-152911,2023,6,0.18,0.16,NORMAL,NORMAL,NORMAL,ALERTA,NORMAL,NORMAL
2412703,PLANEAMIENTO; GESTIÓN Y RESERVA DE CONTINGENCIA,LIMA,GOBIERNO NACIONAL,2412703-2412703-826086-2184736-152911,2023,6,0.18,0.16,NORMAL,NORMAL,NORMAL,ALERTA,NORMAL,ALERTA
2412703,PLANEAMIENTO; GESTIÓN Y RESERVA DE CONTINGENCIA,LIMA,GOBIERNO NACIONAL,2412703-2412703-777241-2164311-152911,2023,7,0.31,0.22,NORMAL,NORMAL,NORMAL,ALERTA,NORMAL,NORMAL
2412703,PLANEAMIENTO; GESTIÓN Y RESERVA DE CONTINGENCIA,LIMA,GOBIERNO NACIONAL,2412703-2412703-826086-2184736-152911,2023,7,0.31,0.22,NORMAL,NORMAL,NORMAL,ALERTA,NORMAL,ALERTA
2473375,TRANSPORTE,CALLAO,GOBIERNO NACIONAL,2473375-2473375-769507-2097720-153456,NULL,NULL,0,0,NORMAL,NORMAL,NORMAL,NORMAL,NORMAL,NORMAL
2403503,SANEAMIENTO,LIMA,GOBIERNO NACIONAL,2403503-167501-771812-2107949-155990,NULL,NULL,0,0,NORMAL,NORMAL,NORMAL,NORMAL,NORMAL,NORMAL
2329618,TRABAJO,MULTIDEPARTAMENTAL,GOBIERNO REGIONAL,2329618-365930-788990-2124348-156086,NULL,NULL,0,0,NORMAL,NORMAL,NORMAL,NORMAL,NORMAL,NORMAL
2343984,ENERGIA Y RECURSOS MINERALES,MULTIDEPARTAMENTAL,GOBIERNO NACIONAL,2343984-382554-775383-2139382-156608,2023,5,0.77,0.58,NORMAL,NORMAL,NORMAL,ALERTA,NORMAL,NORMAL
2343984,ENERGIA Y RECURSOS MINERALES,MULTIDEPARTAMENTAL,GOBIERNO NACIONAL,2343984-382554-811201-2132272-156608,2023,5,0.77,0.58,NORMAL,NORMAL,NORMAL,ALERTA,NORMAL,NORMAL
2343984,ENERGIA Y RECURSOS MINERALES,MULTIDEPARTAMENTAL,GOBIERNO NACIONAL,2343984-382554-775383-2139382-156608,2023,1,0.28,0.38,NORMAL,NORMAL,NORMAL,ALERTA,NORMAL,NORMAL
2343984,ENERGIA Y RECURSOS MINERALES,MULTIDEPARTAMENTAL,GOBIERNO NACIONAL,2343984-382554-811201-2132272-156608,2023,1,0.28,0.38,NORMAL,NORMAL,NORMAL,ALERTA,NORMAL,NORMAL
2343984,ENERGIA Y RECURSOS MINERALES,MULTIDEPARTAMENTAL,GOBIERNO NACIONAL,2343984-382554-775383-2139382-156608,2023,2,0.39,0.45,NORMAL,NORMAL,NORMAL,ALERTA,NORMAL,NORMAL
2343984,ENERGIA Y RECURSOS MINERALES,MULTIDEPARTAMENTAL,GOBIERNO NACIONAL,2343984-382554-811201-2132272-156608,2023,2,0.39,0.45,NORMAL,NORMAL,NORMAL,ALERTA,NORMAL,NORMAL
2343984,ENERGIA Y RECURSOS MINERALES,MULTIDEPARTAMENTAL,GOBIERNO NACIONAL,2343984-382554-775383-2139382-156608,2023,3,0.51,0.46,NORMAL,NORMAL,NORMAL,ALERTA,NORMAL,NORMAL
2343984,ENERGIA Y RECURSOS MINERALES,MULTIDEPARTAMENTAL,GOBIERNO NACIONAL,2343984-382554-811201-2132272-156608,2023,3,0.51,0.46,NORMAL,NORMAL,NORMAL,ALERTA,NORMAL,NORMAL
2343984,ENERGIA Y RECURSOS MINERALES,MULTIDEPARTAMENTAL,GOBIERNO NACIONAL,2343984-382554-775383-2139382-156608,2023,7,0.9,0.75,NORMAL,NORMAL,NORMAL,ALERTA,NORMAL,NORMAL
2343984,ENERGIA Y RECURSOS MINERALES,MULTIDEPARTAMENTAL,GOBIERNO NACIONAL,2343984-382554-811201-2132272-156608,2023,7,0.9,0.75,NORMAL,NORMAL,NORMAL,ALERTA,NORMAL,NORMAL
2343984,ENERGIA Y RECURSOS MINERALES,MULTIDEPARTAMENTAL,GOBIERNO NACIONAL,2343984-382554-775383-2139382-156608,2023,6,0.83,0.66,NORMAL,NORMAL,NORMAL,ALERTA,NORMAL,NORMAL
2343984,ENERGIA Y RECURSOS MINERALES,MULTIDEPARTAMENTAL,GOBIERNO NACIONAL,2343984-382554-811201-2132272-156608,2023,6,0.83,0.66,NORMAL,NORMAL,NORMAL,ALERTA,NORMAL,NORMAL
2343984,ENERGIA Y RECURSOS MINERALES,MULTIDEPARTAMENTAL,GOBIERNO NACIONAL,2343984-382554-775383-2139382-156608,2023,4,0.56,0.47,NORMAL,NORMAL,NORMAL,ALERTA,NORMAL,NORMAL
2343984,ENERGIA Y RECURSOS MINERALES,MULTIDEPARTAMENTAL,GOBIERNO NACIONAL,2343984-382554-811201-2132272-156608,2023,4,0.56,0.47,NORMAL,NORMAL,NORMAL,ALERTA,NORMAL,NORMAL
2344004,ENERGIA Y RECURSOS MINERALES,MULTIDEPARTAMENTAL,GOBIERNO NACIONAL,2344004-382572-775383-2139382-156609,2023,7,0.78,0.52,NORMAL,NORMAL,NORMAL,NORMAL,NORMAL,NORMAL
2344004,ENERGIA Y RECURSOS MINERALES,MULTIDEPARTAMENTAL,GOBIERNO NACIONAL,2344004-382572-822852-2140396-156609,2023,7,0.78,0.52,NORMAL,NORMAL,NORMAL,NORMAL,NORMAL,NORMAL
2344004,ENERGIA Y RECURSOS MINERALES,MULTIDEPARTAMENTAL,GOBIERNO NACIONAL,2344004-382572-775383-2139382-156609,2023,2,0.25,0.26,NORMAL,NORMAL,NORMAL,NORMAL,NORMAL,NORMAL
2344004,ENERGIA Y RECURSOS MINERALES,MULTIDEPARTAMENTAL,GOBIERNO NACIONAL,2344004-382572-822852-2140396-156609,2023,2,0.25,0.26,NORMAL,NORMAL,NORMAL,NORMAL,NORMAL,NORMAL
2344004,ENERGIA Y RECURSOS MINERALES,MULTIDEPARTAMENTAL,GOBIERNO NACIONAL,2344004-382572-775383-2139382-156609,2023,3,0.38,0.34,NORMAL,NORMAL,NORMAL,NORMAL,NORMAL,NORMAL
2344004,ENERGIA Y RECURSOS MINERALES,MULTIDEPARTAMENTAL,GOBIERNO NACIONAL,2344004-382572-822852-2140396-156609,2023,3,0.38,0.34,NORMAL,NORMAL,NORMAL,NORMAL,NORMAL,NORMAL
2344004,ENERGIA Y RECURSOS MINERALES,MULTIDEPARTAMENTAL,GOBIERNO NACIONAL,2344004-382572-775383-2139382-156609,2023,5,0.73,0.43,NORMAL,NORMAL,NORMAL,NORMAL,NORMAL,NORMAL
2344004,ENERGIA Y RECURSOS MINERALES,MULTIDEPARTAMENTAL,GOBIERNO NACIONAL,2344004-382572-822852-2140396-156609,2023,5,0.73,0.43,NORMAL,NORMAL,NORMAL,NORMAL,NORMAL,NORMAL
2344004,ENERGIA Y RECURSOS MINERALES,MULTIDEPARTAMENTAL,GOBIERNO NACIONAL,2344004-382572-775383-2139382-156609,2023,6,0.53,0.47,NORMAL,NORMAL,NORMAL,NORMAL,NORMAL,NORMAL
2344004,ENERGIA Y RECURSOS MINERALES,MULTIDEPARTAMENTAL,GOBIERNO NACIONAL,2344004-382572-822852-2140396-156609,2023,6,0.53,0.47,NORMAL,NORMAL,NORMAL,NORMAL,NORMAL,NORMAL
2344004,ENERGIA Y RECURSOS MINERALES,MULTIDEPARTAMENTAL,GOBIERNO NACIONAL,2344004-382572-775383-2139382-156609,2023,4,0.53,0.38,NORMAL,NORMAL,NORMAL,NORMAL,NORMAL,NORMAL
2344004,ENERGIA Y RECURSOS MINERALES,MULTIDEPARTAMENTAL,GOBIERNO NACIONAL,2344004-382572-822852-2140396-156609,2023,4,0.53,0.38,NORMAL,NORMAL,NORMAL,NORMAL,NORMAL,NORMAL
2344004,ENERGIA Y RECURSOS MINERALES,MULTIDEPARTAMENTAL,GOBIERNO NACIONAL,2344004-382572-775383-2139382-156609,2023,1,0.25,0.21,NORMAL,NORMAL,NORMAL,NORMAL,NORMAL,NORMAL
2344004,ENERGIA Y RECURSOS MINERALES,MULTIDEPARTAMENTAL,GOBIERNO NACIONAL,2344004-382572-822852-2140396-156609,2023,1,0.25,0.21,NORMAL,NORMAL,NORMAL,NORMAL,NORMAL,NORMAL
2343984,ENERGIA Y RECURSOS MINERALES,MULTIDEPARTAMENTAL,GOBIERNO NACIONAL,2343984-382554-775384-2139238-156611,NULL,NULL,0,0,NORMAL,ALERTA,NORMAL,ALERTA,NORMAL,ALERTA
2343984,ENERGIA Y RECURSOS MINERALES,MULTIDEPARTAMENTAL,GOBIERNO NACIONAL,2343984-382554-796240-2127944-156611,NULL,NULL,0,0,NORMAL,ALERTA,NORMAL,ALERTA,NORMAL,ALERTA
2344004,ENERGIA Y RECURSOS MINERALES,MULTIDEPARTAMENTAL,GOBIERNO NACIONAL,2344004-382572-803024-2127961-156612,2023,3,0.49,0.49,NORMAL,NORMAL,NORMAL,NORMAL,NORMAL,NORMAL
2344004,ENERGIA Y RECURSOS MINERALES,MULTIDEPARTAMENTAL,GOBIERNO NACIONAL,2344004-382572-803024-2127961-156612,2023,5,0.75,0.58,NORMAL,NORMAL,NORMAL,NORMAL,NORMAL,NORMAL
2344004,ENERGIA Y RECURSOS MINERALES,MULTIDEPARTAMENTAL,GOBIERNO NACIONAL,2344004-382572-803024-2127961-156612,2023,6,0.98,0.65,NORMAL,NORMAL,NORMAL,NORMAL,NORMAL,NORMAL
2344004,ENERGIA Y RECURSOS MINERALES,MULTIDEPARTAMENTAL,GOBIERNO NACIONAL,2344004-382572-803024-2127961-156612,2023,2,0.47,0.42,NORMAL,NORMAL,NORMAL,NORMAL,NORMAL,NORMAL
2344004,ENERGIA Y RECURSOS MINERALES,MULTIDEPARTAMENTAL,GOBIERNO NACIONAL,2344004-382572-803024-2127961-156612,2023,7,0.78,0.73,NORMAL,NORMAL,NORMAL,NORMAL,NORMAL,NORMAL
2344004,ENERGIA Y RECURSOS MINERALES,MULTIDEPARTAMENTAL,GOBIERNO NACIONAL,2344004-382572-803024-2127961-156612,2023,1,0.41,0.37,NORMAL,NORMAL,NORMAL,NORMAL,NORMAL,NORMAL
2344004,ENERGIA Y RECURSOS MINERALES,MULTIDEPARTAMENTAL,GOBIERNO NACIONAL,2344004-382572-803024-2127961-156612,2023,4,0.57,0.47,NORMAL,NORMAL,NORMAL,NORMAL,NORMAL,NORMAL
2344004,ENERGIA Y RECURSOS MINERALES,MULTIDEPARTAMENTAL,GOBIERNO NACIONAL,2344004-382572-809167-2135355-156613,2023,7,0.97,0.66,NORMAL,NORMAL,NORMAL,NORMAL,NORMAL,NORMAL
2344004,ENERGIA Y RECURSOS MINERALES,MULTIDEPARTAMENTAL,GOBIERNO NACIONAL,2344004-382572-775404-2139241-156613,2023,7,0.97,0.66,NORMAL,NORMAL,NORMAL,NORMAL,NORMAL,NORMAL
2344004,ENERGIA Y RECURSOS MINERALES,MULTIDEPARTAMENTAL,GOBIERNO NACIONAL,2344004-382572-809167-2135355-156613,2023,6,0.87,0.54,NORMAL,NORMAL,NORMAL,NORMAL,NORMAL,NORMAL
2344004,ENERGIA Y RECURSOS MINERALES,MULTIDEPARTAMENTAL,GOBIERNO NACIONAL,2344004-382572-775404-2139241-156613,2023,6,0.87,0.54,NORMAL,NORMAL,NORMAL,NORMAL,NORMAL,NORMAL
2344004,ENERGIA Y RECURSOS MINERALES,MULTIDEPARTAMENTAL,GOBIERNO NACIONAL,2344004-382572-809167-2135355-156613,2023,2,0.47,0.32,NORMAL,NORMAL,NORMAL,NORMAL,NORMAL,NORMAL
2344004,ENERGIA Y RECURSOS MINERALES,MULTIDEPARTAMENTAL,GOBIERNO NACIONAL,2344004-382572-775404-2139241-156613,2023,2,0.47,0.32,NORMAL,NORMAL,NORMAL,NORMAL,NORMAL,NORMAL
2344004,ENERGIA Y RECURSOS MINERALES,MULTIDEPARTAMENTAL,GOBIERNO NACIONAL,2344004-382572-809167-2135355-156613,2023,3,0.59,0.36,NORMAL,NORMAL,NORMAL,NORMAL,NORMAL,NORMAL
2344004,ENERGIA Y RECURSOS MINERALES,MULTIDEPARTAMENTAL,GOBIERNO NACIONAL,2344004-382572-775404-2139241-156613,2023,3,0.59,0.36,NORMAL,NORMAL,NORMAL,NORMAL,NORMAL,NORMAL
2344004,ENERGIA Y RECURSOS MINERALES,MULTIDEPARTAMENTAL,GOBIERNO NACIONAL,2344004-382572-809167-2135355-156613,2023,4,0.69,0.41,NORMAL,NORMAL,NORMAL,NORMAL,NORMAL,NORMAL
2344004,ENERGIA Y RECURSOS MINERALES,MULTIDEPARTAMENTAL,GOBIERNO NACIONAL,2344004-382572-775404-2139241-156613,2023,4,0.69,0.41,NORMAL,NORMAL,NORMAL,NORMAL,NORMAL,NORMAL
2344004,ENERGIA Y RECURSOS MINERALES,MULTIDEPARTAMENTAL,GOBIERNO NACIONAL,2344004-382572-809167-2135355-156613,2023,1,0.35,0.28,NORMAL,NORMAL,NORMAL,NORMAL,NORMAL,NORMAL
2344004,ENERGIA Y RECURSOS MINERALES,MULTIDEPARTAMENTAL,GOBIERNO NACIONAL,2344004-382572-775404-2139241-156613,2023,1,0.35,0.28,NORMAL,NORMAL,NORMAL,NORMAL,NORMAL,NORMAL
2344004,ENERGIA Y RECURSOS MINERALES,MULTIDEPARTAMENTAL,GOBIERNO NACIONAL,2344004-382572-809167-2135355-156613,2023,5,0.77,0.46,NORMAL,NORMAL,NORMAL,NORMAL,NORMAL,NORMAL
2344004,ENERGIA Y RECURSOS MINERALES,MULTIDEPARTAMENTAL,GOBIERNO NACIONAL,2344004-382572-775404-2139241-156613,2023,5,0.77,0.46,NORMAL,NORMAL,NORMAL,NORMAL,NORMAL,NORMAL
2344004,ENERGIA Y RECURSOS MINERALES,MULTIDEPARTAMENTAL,GOBIERNO NACIONAL,2344004-382572-809167-2135355-156613,2023,2,0.34,0.32,NORMAL,NORMAL,NORMAL,NORMAL,NORMAL,NORMAL
2344004,ENERGIA Y RECURSOS MINERALES,MULTIDEPARTAMENTAL,GOBIERNO NACIONAL,2344004-382572-775404-2139241-156613,2023,2,0.34,0.32,NORMAL,NORMAL,NORMAL,NORMAL,NORMAL,NORMAL
2343984,ENERGIA Y RECURSOS MINERALES,MULTIDEPARTAMENTAL,GOBIERNO NACIONAL,2343984-382554-863720-2170428-156614,2023,4,0.09,0.04,NORMAL,NORMAL,NORMAL,NORMAL,NORMAL,NORMAL
2343984,ENERGIA Y RECURSOS MINERALES,MULTIDEPARTAMENTAL,GOBIERNO NACIONAL,2343984-382554-863720-2170428-156614,2023,7,0.38,0.2,NORMAL,NORMAL,NORMAL,NORMAL,NORMAL,NORMAL
2343984,ENERGIA Y RECURSOS MINERALES,MULTIDEPARTAMENTAL,GOBIERNO NACIONAL,2343984-382554-863720-2170428-156614,2023,6,0.24,0.15,NORMAL,NORMAL,NORMAL,NORMAL,NORMAL,NORMAL
2343984,ENERGIA Y RECURSOS MINERALES,MULTIDEPARTAMENTAL,GOBIERNO NACIONAL,2343984-382554-863720-2170428-156614,2023,2,0.02,0.01,NORMAL,NORMAL,NORMAL,NORMAL,NORMAL,NORMAL
2343984,ENERGIA Y RECURSOS MINERALES,MULTIDEPARTAMENTAL,GOBIERNO NACIONAL,2343984-382554-863720-2170428-156614,2023,3,0.03,0.02,NORMAL,NORMAL,NORMAL,NORMAL,NORMAL,NORMAL
2343984,ENERGIA Y RECURSOS MINERALES,MULTIDEPARTAMENTAL,GOBIERNO NACIONAL,2343984-382554-863720-2170428-156614,2023,5,0.17,0.11,NORMAL,NORMAL,NORMAL,NORMAL,NORMAL,NORMAL
2343984,ENERGIA Y RECURSOS MINERALES,MULTIDEPARTAMENTAL,GOBIERNO NACIONAL,2343984-382554-828935-2150823-156615,2023,4,0.11,0.03,NORMAL,NORMAL,NORMAL,NORMAL,NORMAL,NORMAL
2343984,ENERGIA Y RECURSOS MINERALES,MULTIDEPARTAMENTAL,GOBIERNO NACIONAL,2343984-382554-828935-2150823-156615,2023,7,0.66,0.07,NORMAL,NORMAL,NORMAL,NORMAL,NORMAL,NORMAL
2343984,ENERGIA Y RECURSOS MINERALES,MULTIDEPARTAMENTAL,GOBIERNO NACIONAL,2343984-382554-828935-2150823-156615,2023,5,0.25,0.04,NORMAL,NORMAL,NORMAL,NORMAL,NORMAL,NORMAL
2343984,ENERGIA Y RECURSOS MINERALES,MULTIDEPARTAMENTAL,GOBIERNO NACIONAL,2343984-382554-828935-2150823-156615,2023,3,0.02,0.02,NORMAL,NORMAL,NORMAL,NORMAL,NORMAL,NORMAL
2343984,ENERGIA Y RECURSOS MINERALES,MULTIDEPARTAMENTAL,GOBIERNO NACIONAL,2343984-382554-828935-2150823-156615,2023,6,0.53,0.04,NORMAL,NORMAL,NORMAL,NORMAL,NORMAL,NORMAL
2343984,ENERGIA Y RECURSOS MINERALES,MULTIDEPARTAMENTAL,GOBIERNO NACIONAL,2343984-382554-848717-2159087-156617,2023,3,0.05,0.02,NORMAL,NORMAL,NORMAL,NORMAL,NORMAL,NORMAL
2335905,OTROS,MULTIDEPARTAMENTAL,GOBIERNO REGIONAL,2335905-374962-845920-2167911-156662,NULL,NULL,0,0,NORMAL,NORMAL,NORMAL,NORMAL,NORMAL,NORMAL
2534855,SALUD,CAJAMARCA,GOBIERNO REGIONAL,2534855-2534855-779529-2122319-157262,NULL,NULL,0,0,NORMAL,NORMAL,NORMAL,NORMAL,NORMAL,NORMAL
2534855,SALUD,CAJAMARCA,GOBIERNO REGIONAL,2534855-2534855-803552-2122374-157262,NULL,NULL,0,0,NORMAL,NORMAL,NORMAL,NORMAL,NORMAL,NORMAL
2539902,SALUD,CAJAMARCA,GOBIERNO REGIONAL,2539902-2539902-779518-2119958-157263,NULL,NULL,0,0,NORMAL,NORMAL,NORMAL,NORMAL,NORMAL,NORMAL
2539902,SALUD,CAJAMARCA,GOBIERNO REGIONAL,2539902-2539902-789743-2119072-157263,NULL,NULL,0,0,NORMAL,NORMAL,NORMAL,NORMAL,NORMAL,NORMAL
2164051,OTROS,MULTIDEPARTAMENTAL,GOBIERNO REGIONAL,2164051-184530-845890-2152233-157425,2023,3,0.02,0.03,NORMAL,NORMAL,NORMAL,NORMAL,NORMAL,NORMAL
2164051,OTROS,MULTIDEPARTAMENTAL,GOBIERNO REGIONAL,2164051-184530-864433-2164265-157425,2023,3,0.02,0.03,NORMAL,NORMAL,ALERTA,NORMAL,NORMAL,NORMAL
2164051,OTROS,MULTIDEPARTAMENTAL,GOBIERNO REGIONAL,2164051-184530-845890-2152233-157425,2023,1,0,0.01,NORMAL,NORMAL,NORMAL,NORMAL,NORMAL,NORMAL
2164051,OTROS,MULTIDEPARTAMENTAL,GOBIERNO REGIONAL,2164051-184530-864433-2164265-157425,2023,1,0,0.01,NORMAL,NORMAL,ALERTA,NORMAL,NORMAL,NORMAL
2164051,OTROS,MULTIDEPARTAMENTAL,GOBIERNO REGIONAL,2164051-184530-845890-2152233-157425,2023,7,0.16,0.09,NORMAL,NORMAL,NORMAL,NORMAL,NORMAL,NORMAL
2164051,OTROS,MULTIDEPARTAMENTAL,GOBIERNO REGIONAL,2164051-184530-864433-2164265-157425,2023,7,0.16,0.09,NORMAL,NORMAL,ALERTA,NORMAL,NORMAL,NORMAL
2164051,OTROS,MULTIDEPARTAMENTAL,GOBIERNO REGIONAL,2164051-184530-845890-2152233-157425,2023,4,0.03,0.05,NORMAL,NORMAL,NORMAL,NORMAL,NORMAL,NORMAL
2164051,OTROS,MULTIDEPARTAMENTAL,GOBIERNO REGIONAL,2164051-184530-864433-2164265-157425,2023,4,0.03,0.05,NORMAL,NORMAL,ALERTA,NORMAL,NORMAL,NORMAL
2164051,OTROS,MULTIDEPARTAMENTAL,GOBIERNO REGIONAL,2164051-184530-845890-2152233-157425,2023,6,0.07,0.09,NORMAL,NORMAL,NORMAL,NORMAL,NORMAL,NORMAL
2164051,OTROS,MULTIDEPARTAMENTAL,GOBIERNO REGIONAL,2164051-184530-864433-2164265-157425,2023,6,0.07,0.09,NORMAL,NORMAL,ALERTA,NORMAL,NORMAL,NORMAL
2164051,OTROS,MULTIDEPARTAMENTAL,GOBIERNO REGIONAL,2164051-184530-845890-2152233-157425,2023,5,0.05,0.07,NORMAL,NORMAL,NORMAL,NORMAL,NORMAL,NORMAL
2164051,OTROS,MULTIDEPARTAMENTAL,GOBIERNO REGIONAL,2164051-184530-864433-2164265-157425,2023,5,0.05,0.07,NORMAL,NORMAL,ALERTA,NORMAL,NORMAL,NORMAL
2164051,OTROS,MULTIDEPARTAMENTAL,GOBIERNO REGIONAL,2164051-184530-845890-2152233-157425,2023,2,0.01,0.02,NORMAL,NORMAL,NORMAL,NORMAL,NORMAL,NORMAL
2164051,OTROS,MULTIDEPARTAMENTAL,GOBIERNO REGIONAL,2164051-184530-864433-2164265-157425,2023,2,0.01,0.02,NORMAL,NORMAL,ALERTA,NORMAL,NORMAL,NORMAL
2526257,SALUD,LORETO,GOBIERNO REGIONAL,2526257-2526257-787803-2120506-157638,NULL,NULL,0,0,NORMAL,NORMAL,NORMAL,NORMAL,NORMAL,NORMAL
2526257,SALUD,LORETO,GOBIERNO REGIONAL,2526257-2526257-818891-2141124-157638,NULL,NULL,0,0,NORMAL,NORMAL,NORMAL,NORMAL,NORMAL,NORMAL
2382880,JUSTICIA,PIURA,GOBIERNO REGIONAL,2382880-2382880-783281-2120097-157653,NULL,NULL,0,0,NORMAL,NORMAL,NORMAL,NORMAL,NORMAL,NORMAL
2382880,JUSTICIA,PIURA,GOBIERNO REGIONAL,2382880-2382880-808142-2126621-157653,NULL,NULL,0,0,NORMAL,NORMAL,NORMAL,NORMAL,NORMAL,NORMAL
2500094,ORDEN PÚBLICO Y SEGURIDAD,MULTIDEPARTAMENTAL,GOBIERNO NACIONAL,2500094-2500094-781513-2101534-157697,NULL,NULL,0,0,NORMAL,NORMAL,NORMAL,NORMAL,NORMAL,NORMAL
2506324,ORDEN PÚBLICO Y SEGURIDAD,MULTIDEPARTAMENTAL,GOBIERNO NACIONAL,2506324-2506324-781513-2101534-157698,NULL,NULL,0,0,NORMAL,NORMAL,NORMAL,NORMAL,NORMAL,NORMAL
2344004,ENERGIA Y RECURSOS MINERALES,MULTIDEPARTAMENTAL,GOBIERNO NACIONAL,2344004-382572-782855-2140237-157822,NULL,NULL,0,0,NORMAL,NORMAL,NORMAL,NORMAL,NORMAL,NORMAL
2344004,ENERGIA Y RECURSOS MINERALES,MULTIDEPARTAMENTAL,GOBIERNO NACIONAL,2344004-382572-846096-2157409-157823,2023,1,0.63,0.57,NORMAL,NORMAL,NORMAL,NORMAL,NORMAL,NORMAL
2344004,ENERGIA Y RECURSOS MINERALES,MULTIDEPARTAMENTAL,GOBIERNO NACIONAL,2344004-382572-782853-2140234-157823,2023,1,0.63,0.57,NORMAL,NORMAL,NORMAL,NORMAL,NORMAL,NORMAL
2494144,EDUCACIÓN,JUNIN,GOBIERNO REGIONAL,2494144-2494144-792971-2132605-158003,2023,2,0.03,0.03,NORMAL,ALERTA,NORMAL,NORMAL,NORMAL,NORMAL
2494144,EDUCACIÓN,JUNIN,GOBIERNO REGIONAL,2494144-2494144-862805-2165816-158003,2023,2,0.03,0.03,NORMAL,ALERTA,NORMAL,ALERTA,NORMAL,ALERTA
2494144,EDUCACIÓN,JUNIN,GOBIERNO REGIONAL,2494144-2494144-792971-2132605-158003,2023,6,0.08,0.09,NORMAL,ALERTA,NORMAL,NORMAL,NORMAL,NORMAL
2494144,EDUCACIÓN,JUNIN,GOBIERNO REGIONAL,2494144-2494144-862805-2165816-158003,2023,6,0.08,0.09,NORMAL,ALERTA,NORMAL,ALERTA,NORMAL,ALERTA
2494144,EDUCACIÓN,JUNIN,GOBIERNO REGIONAL,2494144-2494144-792971-2132605-158003,2023,3,0.04,0.04,NORMAL,ALERTA,NORMAL,NORMAL,NORMAL,NORMAL
2494144,EDUCACIÓN,JUNIN,GOBIERNO REGIONAL,2494144-2494144-862805-2165816-158003,2023,3,0.04,0.04,NORMAL,ALERTA,NORMAL,ALERTA,NORMAL,ALERTA
2494144,EDUCACIÓN,JUNIN,GOBIERNO REGIONAL,2494144-2494144-792971-2132605-158003,2023,5,0.06,0.08,NORMAL,ALERTA,NORMAL,NORMAL,NORMAL,NORMAL
2494144,EDUCACIÓN,JUNIN,GOBIERNO REGIONAL,2494144-2494144-862805-2165816-158003,2023,5,0.06,0.08,NORMAL,ALERTA,NORMAL,ALERTA,NORMAL,ALERTA
2494144,EDUCACIÓN,JUNIN,GOBIERNO REGIONAL,2494144-2494144-792971-2132605-158003,2023,1,0.03,0.02,NORMAL,ALERTA,NORMAL,NORMAL,NORMAL,NORMAL
2494144,EDUCACIÓN,JUNIN,GOBIERNO REGIONAL,2494144-2494144-862805-2165816-158003,2023,1,0.03,0.02,NORMAL,ALERTA,NORMAL,ALERTA,NORMAL,ALERTA
2540449,AGROPECUARIA,ANCASH,GOBIERNO REGIONAL,2540449-2540449-804591-2127248-161130,NULL,NULL,0,0,NORMAL,NORMAL,NORMAL,NORMAL,NORMAL,NORMAL
2412703,PLANEAMIENTO; GESTIÓN Y RESERVA DE CONTINGENCIA,LIMA,GOBIERNO NACIONAL,2412703-2412703-819493-2184883-161132,NULL,NULL,0,0,NORMAL,NORMAL,NORMAL,NORMAL,NORMAL,NORMAL
2501633,SANEAMIENTO,LIMA,GOBIERNO NACIONAL,2501633-2501633-830937-2142082-161960,NULL,NULL,0,0,NORMAL,NORMAL,NORMAL,NORMAL,NORMAL,NORMAL
2233850,TRABAJO,MULTIDEPARTAMENTAL,GOBIERNO NACIONAL,2233850-239307-823249-2135603-162027,2023,4,0.74,0.24,NORMAL,NORMAL,NORMAL,NORMAL,NORMAL,NORMAL
2233850,TRABAJO,MULTIDEPARTAMENTAL,GOBIERNO NACIONAL,2233850-239307-823249-2135603-162027,2023,2,0.74,0.21,NORMAL,NORMAL,NORMAL,NORMAL,NORMAL,NORMAL
2233850,TRABAJO,MULTIDEPARTAMENTAL,GOBIERNO NACIONAL,2233850-239307-823249-2135603-162027,2023,1,0.74,0.21,NORMAL,NORMAL,NORMAL,NORMAL,NORMAL,NORMAL
2233850,TRABAJO,MULTIDEPARTAMENTAL,GOBIERNO NACIONAL,2233850-239307-823249-2135603-162027,2023,3,0.74,0.21,NORMAL,NORMAL,NORMAL,NORMAL,NORMAL,NORMAL
2525796,ORDEN PÚBLICO Y SEGURIDAD,LIMA,GOBIERNO NACIONAL,2525796-2525796-807059-2115965-162538,NULL,NULL,0,0,NORMAL,NORMAL,NORMAL,NORMAL,NORMAL,NORMAL
2479971,SANEAMIENTO,AREQUIPA,GOBIERNO LOCAL,2479971-2479971-892317-2186347-163741,NULL,NULL,0,0,NORMAL,NORMAL,NORMAL,NORMAL,NORMAL,NORMAL
2334119,PLANEAMIENTO; GESTIÓN Y RESERVA DE CONTINGENCIA,LAMBAYEQUE,GOBIERNO NACIONAL,2334119-2334119-817840-2130968-164855,NULL,NULL,0,0,NORMAL,NORMAL,NORMAL,NORMAL,NORMAL,NORMAL
2334119,PLANEAMIENTO; GESTIÓN Y RESERVA DE CONTINGENCIA,LAMBAYEQUE,GOBIERNO NACIONAL,2334119-2334119-899442-2198922-164855,NULL,NULL,0,0,NORMAL,NORMAL,NORMAL,NORMAL,NORMAL,NORMAL
2471722,PLANEAMIENTO; GESTIÓN Y RESERVA DE CONTINGENCIA,LIMA,GOBIERNO NACIONAL,2471722-2471722-818155-2130970-164856,NULL,NULL,0,0,NORMAL,NORMAL,NORMAL,NORMAL,NORMAL,NORMAL
2532678,SANEAMIENTO,PIURA,GOBIERNO NACIONAL,2532678-2532678-818927-2123971-164917,NULL,NULL,0,0,NORMAL,NORMAL,NORMAL,NORMAL,NORMAL,NORMAL
2110581,TRANSPORTE,MULTIDEPARTAMENTAL,GOBIERNO NACIONAL,2110581-11432-699489-2067437-16513,NULL,NULL,0,0,NORMAL,NORMAL,NORMAL,NORMAL,NORMAL,NORMAL
2479971,SANEAMIENTO,AREQUIPA,GOBIERNO LOCAL,2479971-2479971-820095-2143955-165523,NULL,NULL,0,0,NORMAL,NORMAL,NORMAL,NORMAL,NORMAL,NORMAL
2532763,SANEAMIENTO,PIURA,GOBIERNO NACIONAL,2532763-2532763-829462-2130739-166726,NULL,NULL,0,0,NORMAL,NORMAL,NORMAL,NORMAL,NORMAL,NORMAL
2233850,TRABAJO,MULTIDEPARTAMENTAL,GOBIERNO NACIONAL,2233850-239307-830183-2139521-166882,2023,2,0.73,0.34,NORMAL,NORMAL,NORMAL,ALERTA,NORMAL,ALERTA
2233850,TRABAJO,MULTIDEPARTAMENTAL,GOBIERNO NACIONAL,2233850-239307-830183-2139521-166882,2023,4,0.73,0.34,NORMAL,NORMAL,NORMAL,ALERTA,NORMAL,ALERTA
2233850,TRABAJO,MULTIDEPARTAMENTAL,GOBIERNO NACIONAL,2233850-239307-830183-2139521-166882,2023,3,0.73,0.34,NORMAL,NORMAL,NORMAL,ALERTA,NORMAL,ALERTA
2233850,TRABAJO,MULTIDEPARTAMENTAL,GOBIERNO NACIONAL,2233850-239307-830183-2139521-166882,2023,1,0.73,0.34,NORMAL,NORMAL,NORMAL,ALERTA,NORMAL,ALERTA
2501633,SANEAMIENTO,LIMA,GOBIERNO NACIONAL,2501633-2501633-831096-2149812-167630,NULL,NULL,0,0,NORMAL,NORMAL,NORMAL,NORMAL,NORMAL,NORMAL
2509330,AGROPECUARIA,TACNA,GOBIERNO LOCAL,2509330-2509330-835772-2149848-168500,NULL,NULL,0,0,NORMAL,NORMAL,NORMAL,NORMAL,NORMAL,NORMAL
2376184,OTROS,MULTIDEPARTAMENTAL,GOBIERNO NACIONAL,2376184-296934-845678-2169485-168784,NULL,NULL,0,0,NORMAL,NORMAL,NORMAL,NORMAL,NORMAL,NORMAL
2524692,ORDEN PÚBLICO Y SEGURIDAD,ICA,GOBIERNO REGIONAL,2524692-2524692-838734-2137079-168881,NULL,NULL,0,0,NORMAL,NORMAL,NORMAL,NORMAL,NORMAL,NORMAL
2309846,OTROS,MULTIDEPARTAMENTAL,GOBIERNO NACIONAL,2309846-333160-879389-2187816-169496,NULL,NULL,0,0,NORMAL,NORMAL,NORMAL,NORMAL,NORMAL,NORMAL
2251269,TRABAJO,MULTIDEPARTAMENTAL,GOBIERNO REGIONAL,2251269-299165-891795-2194787-169532,2023,4,0.01,0.01,NORMAL,ALERTA,NORMAL,NORMAL,NORMAL,NORMAL
2251269,TRABAJO,MULTIDEPARTAMENTAL,GOBIERNO REGIONAL,2251269-299165-891795-2194787-169532,2023,7,0.04,0.04,NORMAL,ALERTA,NORMAL,NORMAL,NORMAL,NORMAL
2251269,TRABAJO,MULTIDEPARTAMENTAL,GOBIERNO REGIONAL,2251269-299165-891795-2194787-169532,2023,5,0.01,0.01,NORMAL,ALERTA,NORMAL,NORMAL,NORMAL,NORMAL
2251269,TRABAJO,MULTIDEPARTAMENTAL,GOBIERNO REGIONAL,2251269-299165-891795-2194787-169532,2023,6,0.02,0.03,NORMAL,ALERTA,NORMAL,NORMAL,NORMAL,NORMAL
2427358,SALUD,APURIMAC,GOBIERNO NACIONAL,2427358-2427358-881574-2182436-169628,NULL,NULL,0,0,NORMAL,NORMAL,NORMAL,NORMAL,NORMAL,NORMAL
2427358,SALUD,APURIMAC,GOBIERNO NACIONAL,2427358-2427358-901959-2200762-169628,NULL,NULL,0,0,NORMAL,NORMAL,NORMAL,NORMAL,NORMAL,NORMAL
2346750,SALUD,CAJAMARCA,GOBIERNO NACIONAL,2346750-2346750-843777-2158284-169751,2023,4,0.02,0.1,NORMAL,NORMAL,ALERTA,NORMAL,NORMAL,NORMAL
2346750,SALUD,CAJAMARCA,GOBIERNO NACIONAL,2346750-2346750-855158-2172532-169751,2023,4,0.02,0.1,NORMAL,NORMAL,ALERTA,NORMAL,NORMAL,NORMAL
2346750,SALUD,CAJAMARCA,GOBIERNO NACIONAL,2346750-2346750-843777-2158284-169751,2023,5,0.11,0.21,NORMAL,NORMAL,ALERTA,NORMAL,NORMAL,NORMAL
2346750,SALUD,CAJAMARCA,GOBIERNO NACIONAL,2346750-2346750-855158-2172532-169751,2023,5,0.11,0.21,NORMAL,NORMAL,ALERTA,NORMAL,NORMAL,NORMAL
2346750,SALUD,CAJAMARCA,GOBIERNO NACIONAL,2346750-2346750-843777-2158284-169751,2023,6,0.21,0.24,NORMAL,NORMAL,ALERTA,NORMAL,NORMAL,NORMAL
2346750,SALUD,CAJAMARCA,GOBIERNO NACIONAL,2346750-2346750-855158-2172532-169751,2023,6,0.21,0.24,NORMAL,NORMAL,ALERTA,NORMAL,NORMAL,NORMAL
2328039,DEFENSA Y SEGURIDAD NACIONAL,MULTIDEPARTAMENTAL,GOBIERNO NACIONAL,2328039-308669-852688-2152982-171562,NULL,NULL,0,0,NORMAL,NORMAL,NORMAL,ALERTA,NORMAL,NORMAL
2525415,SANEAMIENTO,LIMA,GOBIERNO NACIONAL,2525415-2525415-850175-2170878-171833,NULL,NULL,0,0,NORMAL,NORMAL,NORMAL,NORMAL,NORMAL,NORMAL
2525415,SANEAMIENTO,LIMA,GOBIERNO NACIONAL,2525415-2525415-864537-2169921-171833,NULL,NULL,0,0,NORMAL,NORMAL,NORMAL,NORMAL,NORMAL,NORMAL
2084815,SALUD Y SANEAMIENTO,MULTIDEPARTAMENTAL,GOBIERNO LOCAL,2084815-74176-865826-2173901-174311,NULL,NULL,0,0,NORMAL,NORMAL,NORMAL,NORMAL,NORMAL,NORMAL
2084815,SALUD Y SANEAMIENTO,MULTIDEPARTAMENTAL,GOBIERNO LOCAL,2084815-74176-920686-2200980-174311,NULL,NULL,0,0,NORMAL,NORMAL,NORMAL,NORMAL,NORMAL,NORMAL
2555903,TRANSPORTE,UCAYALI,GOBIERNO REGIONAL,2555903-2555903-896909-2184770-176267,NULL,NULL,0,0,NORMAL,NORMAL,NORMAL,NORMAL,NORMAL,NORMAL
2560253,SALUD,TUMBES,GOBIERNO REGIONAL,2560253-2560253-872989-2168467-176993,NULL,NULL,0,0,NORMAL,NORMAL,NORMAL,NORMAL,NORMAL,NORMAL
2560253,SALUD,TUMBES,GOBIERNO REGIONAL,2560253-2560253-873027-2175066-176993,NULL,NULL,0,0,NORMAL,NORMAL,NORMAL,NORMAL,NORMAL,NORMAL
2539202,SANEAMIENTO,LA LIBERTAD,GOBIERNO NACIONAL,2539202-2539202-880875-2170206-179053,NULL,NULL,0,0,NORMAL,NORMAL,NORMAL,NORMAL,NORMAL,NORMAL
2545188,SANEAMIENTO,LAMBAYEQUE,GOBIERNO NACIONAL,2545188-2545188-881533-2170533-179056,NULL,NULL,0,0,NORMAL,NORMAL,NORMAL,NORMAL,NORMAL,NORMAL
2542271,SANEAMIENTO,PIURA,GOBIERNO NACIONAL,2542271-2542271-881598-2170756-179057,NULL,NULL,0,0,NORMAL,NORMAL,NORMAL,NORMAL,NORMAL,NORMAL
2542639,SANEAMIENTO,TUMBES,GOBIERNO NACIONAL,2542639-2542639-882742-2171762-179281,NULL,NULL,0,0,NORMAL,NORMAL,NORMAL,NORMAL,NORMAL,NORMAL
2002060,TRANSPORTE,MULTIDEPARTAMENTAL,GOBIERNO NACIONAL,2002060-2434-702592-2064311-19777,NULL,NULL,0,0,NORMAL,NORMAL,NORMAL,NORMAL,NORMAL,NORMAL
2055915,TRANSPORTE,MULTIDEPARTAMENTAL,GOBIERNO REGIONAL,2055915-51611-480274-2128869-1985,NULL,NULL,0,0,NORMAL,NORMAL,NORMAL,NORMAL,NORMAL,NORMAL
2178454,TRABAJO,MULTIDEPARTAMENTAL,GOBIERNO REGIONAL,2178454-249565-665294-2038104-21740,NULL,NULL,0,0,NORMAL,NORMAL,NORMAL,NORMAL,NORMAL,NORMAL
2282330,PESCA,MULTIDEPARTAMENTAL,GOBIERNO NACIONAL,2282330-285705-717909-2070673-28809,NULL,NULL,0,0,NORMAL,NORMAL,NORMAL,NORMAL,NORMAL,NORMAL
2196451,TRABAJO,MULTIDEPARTAMENTAL,GOBIERNO REGIONAL,2196451-283399-624113-2017721-29053,2023,5,0.31,0.33,NORMAL,ALERTA,NORMAL,NORMAL,NORMAL,NORMAL
2196451,TRABAJO,MULTIDEPARTAMENTAL,GOBIERNO REGIONAL,2196451-283399-688311-2044722-29053,2023,5,0.31,0.33,NORMAL,ALERTA,ALERTA,NORMAL,NORMAL,NORMAL
2196451,TRABAJO,MULTIDEPARTAMENTAL,GOBIERNO REGIONAL,2196451-283399-624113-2017721-29053,2023,1,0.26,0.32,NORMAL,ALERTA,NORMAL,NORMAL,NORMAL,NORMAL
2196451,TRABAJO,MULTIDEPARTAMENTAL,GOBIERNO REGIONAL,2196451-283399-688311-2044722-29053,2023,1,0.26,0.32,NORMAL,ALERTA,ALERTA,NORMAL,NORMAL,NORMAL
2196451,TRABAJO,MULTIDEPARTAMENTAL,GOBIERNO REGIONAL,2196451-283399-624113-2017721-29053,2023,2,0.31,0.33,NORMAL,ALERTA,NORMAL,NORMAL,NORMAL,NORMAL
2196451,TRABAJO,MULTIDEPARTAMENTAL,GOBIERNO REGIONAL,2196451-283399-688311-2044722-29053,2023,2,0.31,0.33,NORMAL,ALERTA,ALERTA,NORMAL,NORMAL,NORMAL
2196451,TRABAJO,MULTIDEPARTAMENTAL,GOBIERNO REGIONAL,2196451-283399-624113-2017721-29053,2023,4,0.31,0.33,NORMAL,ALERTA,NORMAL,NORMAL,NORMAL,NORMAL
2196451,TRABAJO,MULTIDEPARTAMENTAL,GOBIERNO REGIONAL,2196451-283399-688311-2044722-29053,2023,4,0.31,0.33,NORMAL,ALERTA,ALERTA,NORMAL,NORMAL,NORMAL
2196451,TRABAJO,MULTIDEPARTAMENTAL,GOBIERNO REGIONAL,2196451-283399-624113-2017721-29053,2023,3,0.31,0.33,NORMAL,ALERTA,NORMAL,NORMAL,NORMAL,NORMAL
2196451,TRABAJO,MULTIDEPARTAMENTAL,GOBIERNO REGIONAL,2196451-283399-688311-2044722-29053,2023,3,0.31,0.33,NORMAL,ALERTA,ALERTA,NORMAL,NORMAL,NORMAL
2196451,TRABAJO,MULTIDEPARTAMENTAL,GOBIERNO REGIONAL,2196451-283399-624113-2017721-29053,2023,7,0.36,0.33,NORMAL,ALERTA,NORMAL,NORMAL,NORMAL,NORMAL
2196451,TRABAJO,MULTIDEPARTAMENTAL,GOBIERNO REGIONAL,2196451-283399-688311-2044722-29053,2023,7,0.36,0.33,NORMAL,ALERTA,ALERTA,NORMAL,NORMAL,NORMAL
2196451,TRABAJO,MULTIDEPARTAMENTAL,GOBIERNO REGIONAL,2196451-283399-624113-2017721-29053,2023,6,0.3,0.33,NORMAL,ALERTA,NORMAL,NORMAL,NORMAL,NORMAL
2196451,TRABAJO,MULTIDEPARTAMENTAL,GOBIERNO REGIONAL,2196451-283399-688311-2044722-29053,2023,6,0.3,0.33,NORMAL,ALERTA,ALERTA,NORMAL,NORMAL,NORMAL
2228738,DEFENSA Y SEGURIDAD NACIONAL,MULTIDEPARTAMENTAL,GOBIERNO REGIONAL,2228738-1909-575707-2137526-29998,NULL,NULL,0,0,NORMAL,NORMAL,ALERTA,NORMAL,NORMAL,NORMAL
2164051,OTROS,MULTIDEPARTAMENTAL,GOBIERNO REGIONAL,2164051-184530-709234-2059440-31212,NULL,NULL,0,0,NORMAL,NORMAL,ALERTA,NORMAL,NORMAL,NORMAL
2148795,TRANSPORTE,MULTIDEPARTAMENTAL,GOBIERNO REGIONAL,2148795-104575-661402-2029879-3165,NULL,NULL,0,0,NORMAL,NORMAL,NORMAL,NORMAL,NORMAL,NORMAL
2233735,ENERGIA Y RECURSOS MINERALES,MULTIDEPARTAMENTAL,GOBIERNO REGIONAL,2233735-136200-849659-2158846-32774,NULL,NULL,0,0,NORMAL,NORMAL,NORMAL,NORMAL,NORMAL,ALERTA
2233735,ENERGIA Y RECURSOS MINERALES,MULTIDEPARTAMENTAL,GOBIERNO REGIONAL,2233735-136200-899929-2188756-32774,NULL,NULL,0,0,NORMAL,NORMAL,NORMAL,ALERTA,NORMAL,ALERTA
2110320,TRANSPORTE,MULTIDEPARTAMENTAL,GOBIERNO NACIONAL,2110320-3373-711711-2074748-33358,NULL,NULL,0,0,NORMAL,NORMAL,ALERTA,NORMAL,NORMAL,NORMAL
2195373,OTROS,MULTIDEPARTAMENTAL,GOBIERNO REGIONAL,2195373-290489-650901-2060462-33536,NULL,NULL,0,0,NORMAL,NORMAL,NORMAL,NORMAL,NORMAL,NORMAL
2195373,OTROS,MULTIDEPARTAMENTAL,GOBIERNO REGIONAL,2195373-290489-717677-2071371-33536,NULL,NULL,0,0,NORMAL,NORMAL,NORMAL,NORMAL,NORMAL,NORMAL
2195373,OTROS,MULTIDEPARTAMENTAL,GOBIERNO REGIONAL,2195373-290489-830070-2142572-33536,NULL,NULL,0,0,NORMAL,NORMAL,NORMAL,NORMAL,NORMAL,NORMAL
2078482,SALUD Y SANEAMIENTO,MULTIDEPARTAMENTAL,GOBIERNO NACIONAL,2078482-65891-770982-2103149-33681,NULL,NULL,0,0,NORMAL,NORMAL,NORMAL,NORMAL,NORMAL,NORMAL
2130855,OTROS,MULTIDEPARTAMENTAL,GOBIERNO REGIONAL,2130855-133630-573956-2018271-33900,NULL,NULL,0,0,NORMAL,NORMAL,ALERTA,NORMAL,NORMAL,NORMAL
2234996,AGRARIA,MULTIDEPARTAMENTAL,GOBIERNO NACIONAL,2234996-260577-671999-2023243-36858,NULL,NULL,0,0,NORMAL,NORMAL,NORMAL,NORMAL,NORMAL,NORMAL
2251269,TRABAJO,MULTIDEPARTAMENTAL,GOBIERNO REGIONAL,2251269-299165-843857-2170867-39565,NULL,NULL,0,0,NORMAL,NORMAL,NORMAL,NORMAL,NORMAL,NORMAL
2318537,TRABAJO,MULTIDEPARTAMENTAL,GOBIERNO NACIONAL,2318537-185240-689283-2038940-41505,NULL,NULL,0,0,NORMAL,NORMAL,NORMAL,NORMAL,NORMAL,NORMAL
2318537,TRABAJO,MULTIDEPARTAMENTAL,GOBIERNO NACIONAL,2318537-185240-731927-2084705-41505,NULL,NULL,0,0,NORMAL,NORMAL,NORMAL,NORMAL,NORMAL,NORMAL
2188537,AGRARIA,MULTIDEPARTAMENTAL,GOBIERNO NACIONAL,2188537-274830-920010-2201544-43380,NULL,NULL,0,0,NORMAL,NORMAL,NORMAL,NORMAL,NORMAL,NORMAL
2029683,TRANSPORTE,MULTIDEPARTAMENTAL,GOBIERNO NACIONAL,2029683-3527-639021-2017003-43642,NULL,NULL,0,0,NORMAL,NORMAL,NORMAL,NORMAL,NORMAL,NORMAL
2029683,TRANSPORTE,MULTIDEPARTAMENTAL,GOBIERNO NACIONAL,2029683-3527-659859-2026271-43642,NULL,NULL,0,0,NORMAL,NORMAL,NORMAL,NORMAL,NORMAL,NORMAL
2015918,TRANSPORTE,MULTIDEPARTAMENTAL,GOBIERNO NACIONAL,2015918-1249-721938-2074791-45660,NULL,NULL,0,0,NORMAL,ALERTA,NORMAL,NORMAL,NORMAL,NORMAL
2282760,TRABAJO,MULTIDEPARTAMENTAL,GOBIERNO NACIONAL,2282760-172973-688300-2045681-47658,NULL,NULL,0,0,NORMAL,NORMAL,NORMAL,NORMAL,NORMAL,NORMAL
2489058,TRANSPORTE,LORETO,GOBIERNO REGIONAL,2489058-2489058-891853-2187416-500659,NULL,NULL,0,0,NORMAL,NORMAL,NORMAL,NORMAL,NORMAL,NORMAL
2489058,TRANSPORTE,LORETO,GOBIERNO REGIONAL,2489058-2489058-894077-2187247-500659,NULL,NULL,0,0,NORMAL,NORMAL,NORMAL,NORMAL,NORMAL,NORMAL
2525722,SALUD,LIMA,GOBIERNO NACIONAL,2525722-2525722-907015-2199913-502191,NULL,NULL,0,0,NORMAL,NORMAL,NORMAL,NORMAL,NORMAL,NORMAL
2506092,ORDEN PÚBLICO Y SEGURIDAD,LIMA,GOBIERNO NACIONAL,2506092-2506092-933575-2201164-505383,NULL,NULL,0,0,NORMAL,NORMAL,NORMAL,NORMAL,NORMAL,NORMAL
2527677,ORDEN PÚBLICO Y SEGURIDAD,MULTIDEPARTAMENTAL,GOBIERNO REGIONAL,2527677-2527677-933478-2201070-505394,NULL,NULL,0,0,NORMAL,NORMAL,NORMAL,NORMAL,NORMAL,NORMAL
2305241,OTROS,MULTIDEPARTAMENTAL,GOBIERNO NACIONAL,2305241-177553-686451-2070820-51734,2023,3,1,0.96,NORMAL,NORMAL,NORMAL,NORMAL,NORMAL,NORMAL
2305241,OTROS,MULTIDEPARTAMENTAL,GOBIERNO NACIONAL,2305241-177553-686493-2087875-51734,2023,3,1,0.96,NORMAL,NORMAL,NORMAL,NORMAL,NORMAL,NORMAL
2305241,OTROS,MULTIDEPARTAMENTAL,GOBIERNO NACIONAL,2305241-177553-686451-2070820-51734,2023,2,1,0.96,NORMAL,NORMAL,NORMAL,NORMAL,NORMAL,NORMAL
2305241,OTROS,MULTIDEPARTAMENTAL,GOBIERNO NACIONAL,2305241-177553-686493-2087875-51734,2023,2,1,0.96,NORMAL,NORMAL,NORMAL,NORMAL,NORMAL,NORMAL
2305241,OTROS,MULTIDEPARTAMENTAL,GOBIERNO NACIONAL,2305241-177553-686451-2070820-51734,2023,6,1,0.96,NORMAL,NORMAL,NORMAL,NORMAL,NORMAL,NORMAL
2305241,OTROS,MULTIDEPARTAMENTAL,GOBIERNO NACIONAL,2305241-177553-686493-2087875-51734,2023,6,1,0.96,NORMAL,NORMAL,NORMAL,NORMAL,NORMAL,NORMAL
2305241,OTROS,MULTIDEPARTAMENTAL,GOBIERNO NACIONAL,2305241-177553-686451-2070820-51734,2023,4,1,0.96,NORMAL,NORMAL,NORMAL,NORMAL,NORMAL,NORMAL
2305241,OTROS,MULTIDEPARTAMENTAL,GOBIERNO NACIONAL,2305241-177553-686493-2087875-51734,2023,4,1,0.96,NORMAL,NORMAL,NORMAL,NORMAL,NORMAL,NORMAL
2305241,OTROS,MULTIDEPARTAMENTAL,GOBIERNO NACIONAL,2305241-177553-686451-2070820-51734,2023,5,1,0.96,NORMAL,NORMAL,NORMAL,NORMAL,NORMAL,NORMAL
2305241,OTROS,MULTIDEPARTAMENTAL,GOBIERNO NACIONAL,2305241-177553-686493-2087875-51734,2023,5,1,0.96,NORMAL,NORMAL,NORMAL,NORMAL,NORMAL,NORMAL
2305241,OTROS,MULTIDEPARTAMENTAL,GOBIERNO NACIONAL,2305241-177553-686451-2070820-51734,2023,8,1,0.96,NORMAL,NORMAL,NORMAL,NORMAL,NORMAL,NORMAL
2305241,OTROS,MULTIDEPARTAMENTAL,GOBIERNO NACIONAL,2305241-177553-686493-2087875-51734,2023,8,1,0.96,NORMAL,NORMAL,NORMAL,NORMAL,NORMAL,NORMAL
2305241,OTROS,MULTIDEPARTAMENTAL,GOBIERNO NACIONAL,2305241-177553-686451-2070820-51734,2023,7,1,0.96,NORMAL,NORMAL,NORMAL,NORMAL,NORMAL,NORMAL
2305241,OTROS,MULTIDEPARTAMENTAL,GOBIERNO NACIONAL,2305241-177553-686493-2087875-51734,2023,7,1,0.96,NORMAL,NORMAL,NORMAL,NORMAL,NORMAL,NORMAL
2305241,OTROS,MULTIDEPARTAMENTAL,GOBIERNO NACIONAL,2305241-177553-686451-2070820-51734,2023,1,0.99,0.94,NORMAL,NORMAL,NORMAL,NORMAL,NORMAL,NORMAL
2305241,OTROS,MULTIDEPARTAMENTAL,GOBIERNO NACIONAL,2305241-177553-686493-2087875-51734,2023,1,0.99,0.94,NORMAL,NORMAL,NORMAL,NORMAL,NORMAL,NORMAL
2186942,COMUNICACIONES,MULTIDEPARTAMENTAL,GOBIERNO NACIONAL,2186942-276849-656386-2014296-52010,NULL,NULL,0,0,NORMAL,NORMAL,NORMAL,ALERTA,NORMAL,ALERTA
2311841,OTROS,MULTIDEPARTAMENTAL,GOBIERNO LOCAL,2311841-128903-654886-2079561-58678,NULL,NULL,0,0,NORMAL,NORMAL,NORMAL,NORMAL,NORMAL,NORMAL
2194709,TRABAJO,MULTIDEPARTAMENTAL,GOBIERNO REGIONAL,2194709-231989-645029-2000154-59304,NULL,NULL,0,0,NORMAL,NORMAL,NORMAL,NORMAL,NORMAL,NORMAL
2263613,TRABAJO,MULTIDEPARTAMENTAL,GOBIERNO NACIONAL,2263613-315331-654206-2008578-59593,NULL,NULL,0,0,NORMAL,NORMAL,NORMAL,NORMAL,NORMAL,NORMAL
2166858,AGRARIA,MULTIDEPARTAMENTAL,GOBIERNO NACIONAL,2166858-10703-786923-2119129-61095,2023,4,0.93,0.89,NORMAL,NORMAL,ALERTA,NORMAL,NORMAL,NORMAL
2166858,AGRARIA,MULTIDEPARTAMENTAL,GOBIERNO NACIONAL,2166858-10703-786923-2119129-61095,2023,3,0.93,0.89,NORMAL,NORMAL,ALERTA,NORMAL,NORMAL,NORMAL
2166858,AGRARIA,MULTIDEPARTAMENTAL,GOBIERNO NACIONAL,2166858-10703-786923-2119129-61095,2023,5,0.93,0.89,NORMAL,NORMAL,ALERTA,NORMAL,NORMAL,NORMAL
2166858,AGRARIA,MULTIDEPARTAMENTAL,GOBIERNO NACIONAL,2166858-10703-786923-2119129-61095,2023,6,0.93,0.89,NORMAL,NORMAL,ALERTA,NORMAL,NORMAL,NORMAL
2166858,AGRARIA,MULTIDEPARTAMENTAL,GOBIERNO NACIONAL,2166858-10703-786923-2119129-61095,2023,2,0.93,0.89,NORMAL,NORMAL,ALERTA,NORMAL,NORMAL,NORMAL
2166858,AGRARIA,MULTIDEPARTAMENTAL,GOBIERNO NACIONAL,2166858-10703-786923-2119129-61095,2023,8,0.93,0.84,NORMAL,NORMAL,ALERTA,NORMAL,NORMAL,NORMAL
2166858,AGRARIA,MULTIDEPARTAMENTAL,GOBIERNO NACIONAL,2166858-10703-786923-2119129-61095,2023,7,0.93,0.89,NORMAL,NORMAL,ALERTA,NORMAL,NORMAL,NORMAL
2166858,AGRARIA,MULTIDEPARTAMENTAL,GOBIERNO NACIONAL,2166858-10703-786923-2119129-61095,2023,1,0.93,0.89,NORMAL,NORMAL,ALERTA,NORMAL,NORMAL,NORMAL
2281442,OTROS,MULTIDEPARTAMENTAL,GOBIERNO REGIONAL,2281442-324555-911561-2199221-61561,2023,3,1,0.19,NORMAL,NORMAL,ALERTA,NORMAL,NORMAL,NORMAL
2281442,OTROS,MULTIDEPARTAMENTAL,GOBIERNO REGIONAL,2281442-324555-911561-2199221-61561,2023,4,1,0.19,NORMAL,NORMAL,ALERTA,NORMAL,NORMAL,NORMAL
2281442,OTROS,MULTIDEPARTAMENTAL,GOBIERNO REGIONAL,2281442-324555-911561-2199221-61561,2023,5,1,0.19,NORMAL,NORMAL,ALERTA,NORMAL,NORMAL,NORMAL
2281442,OTROS,MULTIDEPARTAMENTAL,GOBIERNO REGIONAL,2281442-324555-911561-2199221-61561,2023,1,1,0.19,NORMAL,NORMAL,ALERTA,NORMAL,NORMAL,NORMAL
2281442,OTROS,MULTIDEPARTAMENTAL,GOBIERNO REGIONAL,2281442-324555-911561-2199221-61561,2023,2,1,0.19,NORMAL,NORMAL,ALERTA,NORMAL,NORMAL,NORMAL
2281442,OTROS,MULTIDEPARTAMENTAL,GOBIERNO REGIONAL,2281442-324555-911561-2199221-61561,2023,7,1,0.19,NORMAL,NORMAL,ALERTA,NORMAL,NORMAL,NORMAL
2193999,AGRARIA,MULTIDEPARTAMENTAL,GOBIERNO NACIONAL,2193999-202849-850228-2150802-64289,NULL,NULL,0,0,NORMAL,NORMAL,ALERTA,NORMAL,NORMAL,NORMAL
2233862,TRABAJO,MULTIDEPARTAMENTAL,GOBIERNO REGIONAL,2233862-246218-385171-2174502-64412,NULL,NULL,0,0,NORMAL,NORMAL,NORMAL,NORMAL,NORMAL,NORMAL
2157301,SALUD Y SANEAMIENTO,MULTIDEPARTAMENTAL,GOBIERNO REGIONAL,2157301-95555-621192-2012416-66057,NULL,NULL,0,0,NORMAL,NORMAL,NORMAL,ALERTA,NORMAL,ALERTA
2300078,TRABAJO,MULTIDEPARTAMENTAL,GOBIERNO REGIONAL,2300078-322746-600372-2012884-69352,2023,6,0.77,0.77,NORMAL,NORMAL,NORMAL,ALERTA,NORMAL,ALERTA
2300078,TRABAJO,MULTIDEPARTAMENTAL,GOBIERNO REGIONAL,2300078-322746-600372-2012884-69352,2023,5,0.75,0.75,NORMAL,NORMAL,NORMAL,ALERTA,NORMAL,ALERTA
2300078,TRABAJO,MULTIDEPARTAMENTAL,GOBIERNO REGIONAL,2300078-322746-600372-2012884-69352,2023,1,0.71,0.71,NORMAL,NORMAL,NORMAL,ALERTA,NORMAL,ALERTA
2300078,TRABAJO,MULTIDEPARTAMENTAL,GOBIERNO REGIONAL,2300078-322746-600372-2012884-69352,2023,4,1,0.74,NORMAL,NORMAL,NORMAL,ALERTA,NORMAL,ALERTA
2300078,TRABAJO,MULTIDEPARTAMENTAL,GOBIERNO REGIONAL,2300078-322746-600372-2012884-69352,2023,2,0.72,0.72,NORMAL,NORMAL,NORMAL,ALERTA,NORMAL,ALERTA
2300078,TRABAJO,MULTIDEPARTAMENTAL,GOBIERNO REGIONAL,2300078-322746-600372-2012884-69352,2023,3,0.73,0.72,NORMAL,NORMAL,NORMAL,ALERTA,NORMAL,ALERTA
2077939,AGRARIA,MULTIDEPARTAMENTAL,GOBIERNO REGIONAL,2077939-43531-811740-2121350-69425,2023,6,0.24,0.24,NORMAL,NORMAL,ALERTA,NORMAL,NORMAL,NORMAL
2077939,AGRARIA,MULTIDEPARTAMENTAL,GOBIERNO REGIONAL,2077939-43531-811740-2121350-69425,2023,5,0.24,0.24,NORMAL,NORMAL,ALERTA,NORMAL,NORMAL,NORMAL
2077939,AGRARIA,MULTIDEPARTAMENTAL,GOBIERNO REGIONAL,2077939-43531-811740-2121350-69425,2023,8,0.27,0.24,NORMAL,NORMAL,ALERTA,NORMAL,NORMAL,NORMAL
2077939,AGRARIA,MULTIDEPARTAMENTAL,GOBIERNO REGIONAL,2077939-43531-811740-2121350-69425,2023,7,0.25,0.24,NORMAL,NORMAL,ALERTA,NORMAL,NORMAL,NORMAL
2177209,TRANSPORTE,MULTIDEPARTAMENTAL,GOBIERNO NACIONAL,2177209-9615-654568-2006761-72873,2023,7,1,0.56,NORMAL,NORMAL,NORMAL,ALERTA,NORMAL,ALERTA
2177209,TRANSPORTE,MULTIDEPARTAMENTAL,GOBIERNO NACIONAL,2177209-9615-656141-2008059-72873,2023,7,1,0.56,NORMAL,NORMAL,NORMAL,ALERTA,NORMAL,ALERTA
2177209,TRANSPORTE,MULTIDEPARTAMENTAL,GOBIERNO NACIONAL,2177209-9615-654568-2006761-72873,2023,1,0.52,0.52,NORMAL,NORMAL,NORMAL,ALERTA,NORMAL,ALERTA
2177209,TRANSPORTE,MULTIDEPARTAMENTAL,GOBIERNO NACIONAL,2177209-9615-656141-2008059-72873,2023,1,0.52,0.52,NORMAL,NORMAL,NORMAL,ALERTA,NORMAL,ALERTA
2177209,TRANSPORTE,MULTIDEPARTAMENTAL,GOBIERNO NACIONAL,2177209-9615-654568-2006761-72873,2023,2,0.54,0.53,NORMAL,NORMAL,NORMAL,ALERTA,NORMAL,ALERTA
2177209,TRANSPORTE,MULTIDEPARTAMENTAL,GOBIERNO NACIONAL,2177209-9615-656141-2008059-72873,2023,2,0.54,0.53,NORMAL,NORMAL,NORMAL,ALERTA,NORMAL,ALERTA
2177209,TRANSPORTE,MULTIDEPARTAMENTAL,GOBIERNO NACIONAL,2177209-9615-654568-2006761-72873,2023,4,0.55,0.54,NORMAL,NORMAL,NORMAL,ALERTA,NORMAL,ALERTA
2177209,TRANSPORTE,MULTIDEPARTAMENTAL,GOBIERNO NACIONAL,2177209-9615-656141-2008059-72873,2023,4,0.55,0.54,NORMAL,NORMAL,NORMAL,ALERTA,NORMAL,ALERTA
2177209,TRANSPORTE,MULTIDEPARTAMENTAL,GOBIERNO NACIONAL,2177209-9615-654568-2006761-72873,2023,6,1,0.55,NORMAL,NORMAL,NORMAL,ALERTA,NORMAL,ALERTA
2177209,TRANSPORTE,MULTIDEPARTAMENTAL,GOBIERNO NACIONAL,2177209-9615-656141-2008059-72873,2023,6,1,0.55,NORMAL,NORMAL,NORMAL,ALERTA,NORMAL,ALERTA
2177209,TRANSPORTE,MULTIDEPARTAMENTAL,GOBIERNO NACIONAL,2177209-9615-654568-2006761-72873,2023,5,0.58,0.54,NORMAL,NORMAL,NORMAL,ALERTA,NORMAL,ALERTA
2177209,TRANSPORTE,MULTIDEPARTAMENTAL,GOBIERNO NACIONAL,2177209-9615-656141-2008059-72873,2023,5,0.58,0.54,NORMAL,NORMAL,NORMAL,ALERTA,NORMAL,ALERTA
2177209,TRANSPORTE,MULTIDEPARTAMENTAL,GOBIERNO NACIONAL,2177209-9615-654568-2006761-72873,2023,3,1,0.54,NORMAL,NORMAL,NORMAL,ALERTA,NORMAL,ALERTA
2177209,TRANSPORTE,MULTIDEPARTAMENTAL,GOBIERNO NACIONAL,2177209-9615-656141-2008059-72873,2023,3,1,0.54,NORMAL,NORMAL,NORMAL,ALERTA,NORMAL,ALERTA
2234473,OTROS,MULTIDEPARTAMENTAL,GOBIERNO NACIONAL,2234473-249557-721246-2074192-76727,NULL,NULL,0,0,NORMAL,NORMAL,ALERTA,NORMAL,NORMAL,NORMAL
2234473,OTROS,MULTIDEPARTAMENTAL,GOBIERNO NACIONAL,2234473-249557-723735-2071348-76727,NULL,NULL,0,0,NORMAL,NORMAL,ALERTA,NORMAL,NORMAL,NORMAL
2234473,OTROS,MULTIDEPARTAMENTAL,GOBIERNO NACIONAL,2234473-249557-727380-2076646-76727,NULL,NULL,0,0,NORMAL,NORMAL,ALERTA,NORMAL,NORMAL,NORMAL
2234473,OTROS,MULTIDEPARTAMENTAL,GOBIERNO NACIONAL,2234473-249557-728571-2074170-76727,NULL,NULL,0,0,NORMAL,NORMAL,ALERTA,NORMAL,NORMAL,NORMAL
2234473,OTROS,MULTIDEPARTAMENTAL,GOBIERNO NACIONAL,2234473-249557-729905-2077976-76727,NULL,NULL,0,0,NORMAL,NORMAL,ALERTA,NORMAL,NORMAL,NORMAL
2234473,OTROS,MULTIDEPARTAMENTAL,GOBIERNO NACIONAL,2234473-249557-736367-2079728-76727,NULL,NULL,0,0,NORMAL,NORMAL,ALERTA,NORMAL,NORMAL,NORMAL
2234473,OTROS,MULTIDEPARTAMENTAL,GOBIERNO NACIONAL,2234473-249557-879973-2175865-76727,NULL,NULL,0,0,NORMAL,NORMAL,ALERTA,NORMAL,NORMAL,NORMAL
2234473,OTROS,MULTIDEPARTAMENTAL,GOBIERNO NACIONAL,2234473-249557-880497-2175879-76727,NULL,NULL,0,0,NORMAL,NORMAL,ALERTA,NORMAL,NORMAL,NORMAL
2234473,OTROS,MULTIDEPARTAMENTAL,GOBIERNO NACIONAL,2234473-249557-887229-2184981-76727,NULL,NULL,0,0,NORMAL,NORMAL,ALERTA,NORMAL,NORMAL,NORMAL
2031000,AGRARIA,MULTIDEPARTAMENTAL,GOBIERNO REGIONAL,2031000-14583-739392-2098568-77795,NULL,NULL,0,0,NORMAL,NORMAL,NORMAL,ALERTA,NORMAL,ALERTA
2031000,AGRARIA,MULTIDEPARTAMENTAL,GOBIERNO REGIONAL,2031000-14583-828169-2142140-77795,NULL,NULL,0,0,NORMAL,NORMAL,NORMAL,ALERTA,NORMAL,ALERTA
2031000,AGRARIA,MULTIDEPARTAMENTAL,GOBIERNO REGIONAL,2031000-14583-834037-2149486-77795,NULL,NULL,0,0,NORMAL,NORMAL,NORMAL,ALERTA,NORMAL,ALERTA
2322531,OTROS,MULTIDEPARTAMENTAL,GOBIERNO REGIONAL,2322531-359457-557990-2184303-79268,2023,2,0.98,0.58,NORMAL,NORMAL,NORMAL,ALERTA,NORMAL,ALERTA
2322531,OTROS,MULTIDEPARTAMENTAL,GOBIERNO REGIONAL,2322531-359457-557990-2184303-79268,2023,1,0.98,0.58,NORMAL,NORMAL,NORMAL,ALERTA,NORMAL,ALERTA
2322531,OTROS,MULTIDEPARTAMENTAL,GOBIERNO REGIONAL,2322531-359457-557990-2184303-79268,2023,2,0.98,0.58,NORMAL,NORMAL,NORMAL,ALERTA,NORMAL,ALERTA
2322531,OTROS,MULTIDEPARTAMENTAL,GOBIERNO REGIONAL,2322531-359457-557990-2184303-79268,2023,5,0.98,0.58,NORMAL,NORMAL,NORMAL,ALERTA,NORMAL,ALERTA
2322531,OTROS,MULTIDEPARTAMENTAL,GOBIERNO REGIONAL,2322531-359457-557990-2184303-79268,2023,4,0.98,0.58,NORMAL,NORMAL,NORMAL,ALERTA,NORMAL,ALERTA
2322531,OTROS,MULTIDEPARTAMENTAL,GOBIERNO REGIONAL,2322531-359457-557990-2184303-79268,2023,3,0.98,0.58,NORMAL,NORMAL,NORMAL,ALERTA,NORMAL,ALERTA
2322531,OTROS,MULTIDEPARTAMENTAL,GOBIERNO REGIONAL,2322531-359457-557990-2184303-79268,2023,6,0.98,0.58,NORMAL,NORMAL,NORMAL,ALERTA,NORMAL,ALERTA
2331873,TRABAJO,MULTIDEPARTAMENTAL,GOBIERNO REGIONAL,2331873-371182-565626-2176199-79281,NULL,NULL,0,0,NORMAL,NORMAL,NORMAL,NORMAL,NORMAL,NORMAL
2331873,TRABAJO,MULTIDEPARTAMENTAL,GOBIERNO REGIONAL,2331873-371182-619504-2008877-79281,NULL,NULL,0,0,NORMAL,NORMAL,NORMAL,NORMAL,NORMAL,NORMAL
2331873,TRABAJO,MULTIDEPARTAMENTAL,GOBIERNO REGIONAL,2331873-371182-619659-2008036-79281,NULL,NULL,0,0,NORMAL,NORMAL,NORMAL,NORMAL,NORMAL,NORMAL
2331873,TRABAJO,MULTIDEPARTAMENTAL,GOBIERNO REGIONAL,2331873-371182-638717-2026413-79281,NULL,NULL,0,0,NORMAL,NORMAL,NORMAL,NORMAL,NORMAL,NORMAL
2318535,TRABAJO,MULTIDEPARTAMENTAL,GOBIERNO NACIONAL,2318535-191091-877000-2175489-79744,NULL,NULL,0,0,NORMAL,NORMAL,NORMAL,NORMAL,NORMAL,NORMAL
2233958,TRANSPORTE,MULTIDEPARTAMENTAL,GOBIERNO NACIONAL,2233958-4588-771822-2161750-79749,NULL,NULL,0,0,NORMAL,NORMAL,NORMAL,NORMAL,NORMAL,NORMAL
2234988,TRANSPORTE,MULTIDEPARTAMENTAL,GOBIERNO NACIONAL,2234988-86897-551692-2106247-81363,NULL,NULL,0,0,NORMAL,NORMAL,NORMAL,NORMAL,NORMAL,NORMAL
2234988,TRANSPORTE,MULTIDEPARTAMENTAL,GOBIERNO NACIONAL,2234988-86897-662364-2029415-81363,NULL,NULL,0,0,NORMAL,NORMAL,NORMAL,NORMAL,NORMAL,NORMAL
2002210,TRANSPORTE,MULTIDEPARTAMENTAL,GOBIERNO NACIONAL,2002210-8880-869397-2169938-826,NULL,NULL,0,0,NORMAL,NORMAL,NORMAL,NORMAL,NORMAL,NORMAL
2002210,TRANSPORTE,MULTIDEPARTAMENTAL,GOBIERNO NACIONAL,2002210-8880-870112-2169901-826,NULL,NULL,0,0,NORMAL,NORMAL,NORMAL,NORMAL,NORMAL,NORMAL
2234355,TRABAJO,MULTIDEPARTAMENTAL,GOBIERNO NACIONAL,2234355-116051-659741-2012642-82706,2023,7,0.84,0.67,NORMAL,ALERTA,ALERTA,NORMAL,NORMAL,NORMAL
2234355,TRABAJO,MULTIDEPARTAMENTAL,GOBIERNO NACIONAL,2234355-116051-689292-2046091-82706,2023,7,0.84,0.67,NORMAL,ALERTA,ALERTA,NORMAL,NORMAL,NORMAL
2234355,TRABAJO,MULTIDEPARTAMENTAL,GOBIERNO NACIONAL,2234355-116051-659741-2012642-82706,2023,3,0.79,0.68,NORMAL,ALERTA,ALERTA,NORMAL,NORMAL,NORMAL
2234355,TRABAJO,MULTIDEPARTAMENTAL,GOBIERNO NACIONAL,2234355-116051-689292-2046091-82706,2023,3,0.79,0.68,NORMAL,ALERTA,ALERTA,NORMAL,NORMAL,NORMAL
2234355,TRABAJO,MULTIDEPARTAMENTAL,GOBIERNO NACIONAL,2234355-116051-659741-2012642-82706,2023,2,0.77,0.67,NORMAL,ALERTA,ALERTA,NORMAL,NORMAL,NORMAL
2234355,TRABAJO,MULTIDEPARTAMENTAL,GOBIERNO NACIONAL,2234355-116051-689292-2046091-82706,2023,2,0.77,0.67,NORMAL,ALERTA,ALERTA,NORMAL,NORMAL,NORMAL
2234355,TRABAJO,MULTIDEPARTAMENTAL,GOBIERNO NACIONAL,2234355-116051-659741-2012642-82706,2023,6,0.83,0.67,NORMAL,ALERTA,ALERTA,NORMAL,NORMAL,NORMAL
2234355,TRABAJO,MULTIDEPARTAMENTAL,GOBIERNO NACIONAL,2234355-116051-689292-2046091-82706,2023,6,0.83,0.67,NORMAL,ALERTA,ALERTA,NORMAL,NORMAL,NORMAL
2234355,TRABAJO,MULTIDEPARTAMENTAL,GOBIERNO NACIONAL,2234355-116051-659741-2012642-82706,2023,5,1,0.68,NORMAL,ALERTA,ALERTA,NORMAL,NORMAL,NORMAL
2234355,TRABAJO,MULTIDEPARTAMENTAL,GOBIERNO NACIONAL,2234355-116051-689292-2046091-82706,2023,5,1,0.68,NORMAL,ALERTA,ALERTA,NORMAL,NORMAL,NORMAL
2234355,TRABAJO,MULTIDEPARTAMENTAL,GOBIERNO NACIONAL,2234355-116051-659741-2012642-82706,2023,4,0.82,0.68,NORMAL,ALERTA,ALERTA,NORMAL,NORMAL,NORMAL
2234355,TRABAJO,MULTIDEPARTAMENTAL,GOBIERNO NACIONAL,2234355-116051-689292-2046091-82706,2023,4,0.82,0.68,NORMAL,ALERTA,ALERTA,NORMAL,NORMAL,NORMAL
2234355,TRABAJO,MULTIDEPARTAMENTAL,GOBIERNO NACIONAL,2234355-116051-659741-2012642-82706,2023,1,0.81,0.68,NORMAL,ALERTA,ALERTA,NORMAL,NORMAL,NORMAL
2234355,TRABAJO,MULTIDEPARTAMENTAL,GOBIERNO NACIONAL,2234355-116051-689292-2046091-82706,2023,1,0.81,0.68,NORMAL,ALERTA,ALERTA,NORMAL,NORMAL,NORMAL
2403504,SALUD Y SANEAMIENTO,MULTIDEPARTAMENTAL,GOBIERNO NACIONAL,2403504-95668-887027-2180323-83650,2023,3,1,0.85,NORMAL,NORMAL,NORMAL,ALERTA,NORMAL,ALERTA
2403504,SALUD Y SANEAMIENTO,MULTIDEPARTAMENTAL,GOBIERNO NACIONAL,2403504-95668-887027-2180323-83650,2023,7,1,0.85,NORMAL,NORMAL,NORMAL,ALERTA,NORMAL,ALERTA
2403504,SALUD Y SANEAMIENTO,MULTIDEPARTAMENTAL,GOBIERNO NACIONAL,2403504-95668-887027-2180323-83650,2023,6,1,0.85,NORMAL,NORMAL,NORMAL,ALERTA,NORMAL,ALERTA
2403504,SALUD Y SANEAMIENTO,MULTIDEPARTAMENTAL,GOBIERNO NACIONAL,2403504-95668-887027-2180323-83650,2023,5,1,0.85,NORMAL,NORMAL,NORMAL,ALERTA,NORMAL,ALERTA
2403504,SALUD Y SANEAMIENTO,MULTIDEPARTAMENTAL,GOBIERNO NACIONAL,2403504-95668-887027-2180323-83650,2023,4,1,0.85,NORMAL,NORMAL,NORMAL,ALERTA,NORMAL,ALERTA
2403504,SALUD Y SANEAMIENTO,MULTIDEPARTAMENTAL,GOBIERNO NACIONAL,2403504-95668-887027-2180323-83650,2023,2,1,0.85,NORMAL,NORMAL,NORMAL,ALERTA,NORMAL,ALERTA
2403504,SALUD Y SANEAMIENTO,MULTIDEPARTAMENTAL,GOBIERNO NACIONAL,2403504-95668-887027-2180323-83650,2023,4,1,0.85,NORMAL,NORMAL,NORMAL,ALERTA,NORMAL,ALERTA
2403504,SALUD Y SANEAMIENTO,MULTIDEPARTAMENTAL,GOBIERNO NACIONAL,2403504-95668-887027-2180323-83650,2023,1,1,0.84,NORMAL,NORMAL,NORMAL,ALERTA,NORMAL,ALERTA
2194709,TRABAJO,MULTIDEPARTAMENTAL,GOBIERNO REGIONAL,2194709-231989-669343-2022593-84300,NULL,NULL,0,0,NORMAL,NORMAL,NORMAL,NORMAL,NORMAL,NORMAL
2329618,TRABAJO,MULTIDEPARTAMENTAL,GOBIERNO REGIONAL,2329618-365930-803241-2125629-84896,NULL,NULL,0,0,NORMAL,NORMAL,NORMAL,NORMAL,NORMAL,NORMAL
2236530,TRANSPORTE,AREQUIPA,GOBIERNO LOCAL,2236530-249522-747170-2098229-85055,NULL,NULL,0,0,NORMAL,NORMAL,NORMAL,NORMAL,NORMAL,NORMAL
2236530,TRANSPORTE,AREQUIPA,GOBIERNO LOCAL,2236530-249522-752533-2094217-85055,NULL,NULL,0,0,NORMAL,NORMAL,NORMAL,NORMAL,NORMAL,NORMAL
2318430,TRABAJO,MULTIDEPARTAMENTAL,GOBIERNO NACIONAL,2318430-355479-691260-2049728-86587,NULL,NULL,0,0,NORMAL,NORMAL,NORMAL,NORMAL,NORMAL,NORMAL
2284956,OTROS,MULTIDEPARTAMENTAL,GOBIERNO NACIONAL,2284956-303267-719178-2093374-86858,NULL,NULL,0,0,NORMAL,NORMAL,NORMAL,NORMAL,NORMAL,NORMAL
2300016,OTROS,MULTIDEPARTAMENTAL,GOBIERNO NACIONAL,2300016-314709-718329-2077374-86930,NULL,NULL,0,0,NORMAL,NORMAL,NORMAL,NORMAL,NORMAL,NORMAL
2302972,PESCA,MULTIDEPARTAMENTAL,GOBIERNO NACIONAL,2302972-342038-702107-2057949-87051,NULL,NULL,0,0,NORMAL,NORMAL,NORMAL,NORMAL,NORMAL,NORMAL
2333341,TRABAJO,MULTIDEPARTAMENTAL,GOBIERNO LOCAL,2333341-372623-756930-2119863-88861,NULL,NULL,0,0,NORMAL,NORMAL,NORMAL,NORMAL,NORMAL,NORMAL
2333341,TRABAJO,MULTIDEPARTAMENTAL,GOBIERNO LOCAL,2333341-372623-840645-2156293-88861,NULL,NULL,0,0,NORMAL,NORMAL,NORMAL,NORMAL,NORMAL,NORMAL
2333341,TRABAJO,MULTIDEPARTAMENTAL,GOBIERNO LOCAL,2333341-372623-476807-2182289-88878,NULL,NULL,0,0,NORMAL,NORMAL,NORMAL,NORMAL,NORMAL,NORMAL
