COD_UNICO,IDENTIFICADOR_OBRA,CODIGO_OBRA,OBRA_RIESGO_DESC,OBRA_RIESGO,NOMBRE_OBRA
2002060,2002060-2434-702592-2064311-19777,19777,Extremadamente Riesgosa,4,Obra Carretera Puente Chino - AguaytÌa; sectores daÒados.
2002210,2002210-8880-869397-2169938-826,826,Medianamente Riesgosa,2,RehabilitaciÛn y Mejoramiento de la Carretera Chamaya ø Jaen ø San Ignacio ø RÌo Canchis; Tramo Pericos ø San Ignacio (Inc. VÌa de Evitamiento)
2002210,2002210-8880-870112-2169901-826,826,Medianamente Riesgosa,2,RehabilitaciÛn y Mejoramiento de la Carretera Chamaya ø Jaen ø San Ignacio ø RÌo Canchis; Tramo Pericos ø San Ignacio (Inc. VÌa de Evitamiento)
2015918,2015918-1249-721938-2074791-45660,45660,Extremadamente Riesgosa,4,Proyecto de IntegraciÛn Vial Tacna-La Paz; Tramo: Tacna-Collpa (Frontera con Bolivia); Sub Tramo Km 94+000 - Km 144+262.38
2026767,2026767-16256-709096-2067605-143536,143536,Extremadamente Riesgosa,4,CONSTRUCCI”N DE VARIANTE EN EL SECTOR TUTUMBARO Y REPARACI”N DE NUEVOS SECTORES INESTABLES DE LA CARRETERA: QUINUA - SAN FRANCISCO; TRAMO 2
2027711,2027711-3876-682536-2050524-138320,138320,Extremadamente Riesgosa,4,REHABILITACI”N Y MEJORAMIENTO DE LA CARRETERA PATAHUASI - YAURI - SICUANI; TRAMO: COLPAHUAYO - LANGUI
2027711,2027711-3876-686773-2058157-138320,138320,Extremadamente Riesgosa,4,REHABILITACI”N Y MEJORAMIENTO DE LA CARRETERA PATAHUASI - YAURI - SICUANI; TRAMO: COLPAHUAYO - LANGUI
2029683,2029683-3527-639021-2017003-43642,43642,Extremadamente Riesgosa,4,MEJORAMIENTO DE LA CARRETERA CARHUAMAYO - PAUCARTAMBO - EL MILAGRO - LLAUPI - OXAPAMPA TRAMO II KM 37 MAS 00 AL KM 45 MAS 300
2029683,2029683-3527-659859-2026271-43642,43642,Extremadamente Riesgosa,4,MEJORAMIENTO DE LA CARRETERA CARHUAMAYO - PAUCARTAMBO - EL MILAGRO - LLAUPI - OXAPAMPA TRAMO II KM 37 MAS 00 AL KM 45 MAS 300
2031000,2031000-14583-668776-2030828-124333,124333,Extremadamente Riesgosa,4,AFIANZAMIENTO DEL RESERVORIO POECHOS - SECTOR HIDRAULICO CHIRA PIURA - II ETAPA
2031000,2031000-14583-681388-2038499-124333,124333,Extremadamente Riesgosa,4,AFIANZAMIENTO DEL RESERVORIO POECHOS - SECTOR HIDRAULICO CHIRA PIURA - II ETAPA
2031000,2031000-14583-739392-2098568-77795,77795,Extremadamente Riesgosa,4,AFIANZAMIENTO DEL RESERVORIO POECHOS - SISTEMA HIDRAULICO CHIRA - PIURA
2031000,2031000-14583-828169-2142140-77795,77795,Extremadamente Riesgosa,4,AFIANZAMIENTO DEL RESERVORIO POECHOS - SISTEMA HIDRAULICO CHIRA - PIURA
2031000,2031000-14583-834037-2149486-77795,77795,Extremadamente Riesgosa,4,AFIANZAMIENTO DEL RESERVORIO POECHOS - SISTEMA HIDRAULICO CHIRA - PIURA
2055893,2055893-48520-491374-2130802-12346,12346,Medianamente Riesgosa,2,OBRA: CONSTRUCCION DE LA VIA COSTA VERDE - TRAMO CALLAO
2055893,2055893-48520-680485-2044147-118093,118093,Extremadamente Riesgosa,4,PROTECCI”N DEL TALUD SUPERIOR DE LA COSTA VERDE TRAMO CALLAO CÛdigo Unificado 2055893
2055893,2055893-48520-764309-2091884-118093,118093,Extremadamente Riesgosa,4,PROTECCI”N DEL TALUD SUPERIOR DE LA COSTA VERDE TRAMO CALLAO CÛdigo Unificado 2055893
2055915,2055915-51611-480274-2128869-1985,1985,Extremadamente Riesgosa,4,MEJORAMIENTO DE LA CARRETERA AZANGARO - SAYTOCOCHA - SANDIA - SAN JUAN DEL ORO; TRAMO II: MU—ANI - SAYTOCOCHA
2058698,2058698-10447-724030-2079272-146037,146037,Extremadamente Riesgosa,4,RehabilitaciÛn y Mejoramiento de la Carretera Chongoyape - Cochabamba - Cajamarca; Tramo Cochabamba - Chota - Tramo Hualgayoc - Dv; Yanacocha
2058733,2058733-3272-671673-2032849-127408,127408,Extremadamente Riesgosa,4,CONSTRUCCION Y MEJORAMIENTO CARRETERA CAMANA - DV.QUILCA - MATARANI - ILO - TACNA
2066003,2066003-61210-621692-2000183-111277,111277,Altamente Riesgosa,3,CONSTRUCCI”N DEL PABELL”N B3 - PAVIMENTACI”N EN EL GRAN MERCADO MAYORISTA DE LIMA
2066003,2066003-61210-624590-2127532-111275,111275,Extremadamente Riesgosa,4,CONSTRUCCI”N DEL PABELL”N B2 - PAVIMENTACI”N EN EL GRAN MERCADO MAYORISTA DE LIMA
2077939,2077939-43531-811740-2121350-69425,69425,Medianamente Riesgosa,2,AMPLIACION DE LA PRESA ANCASCOCHA Y AFIANZAMIENTO DEL VALLE DE YAUCA (AYACUCHO Y AREQUIPA)
2078482,2078482-65891-770982-2103149-33681,33681,Extremadamente Riesgosa,4,LOTE 1. PLANTA DE TRATAMIENTO DE AGUAS RESIDUALES; CAMARAS DE BOMBEO; LINEAS DE IMPULSION Y DISPOSICION FINAL
2080694,2080694-77545-661992-2038656-134497,134497,Medianamente Riesgosa,2,MEJORAMIENTO INTEGRAL Y SUSTENTABLE DE LOS SERVICIOS DE TRANSPORTE PUBLICO EN LA CIUDAD DE AREQUIPA; CORRESPONDIENTE AL COMPONENTE N∞1 ADECUADO MANTENIMIENTO Y MOBILIARIO URBANO; ACTIVIDAD N∞3 INVOLUCRA LA CONSTRUCCI”N DE PARADEROS
2080694,2080694-77545-673882-2038678-134497,134497,Medianamente Riesgosa,2,MEJORAMIENTO INTEGRAL Y SUSTENTABLE DE LOS SERVICIOS DE TRANSPORTE PUBLICO EN LA CIUDAD DE AREQUIPA; CORRESPONDIENTE AL COMPONENTE N∞1 ADECUADO MANTENIMIENTO Y MOBILIARIO URBANO; ACTIVIDAD N∞3 INVOLUCRA LA CONSTRUCCI”N DE PARADEROS
2084815,2084815-74176-865826-2173901-174311,174311,Extremadamente Riesgosa,4,MEJORAMIENTO Y AMPLIACI”N DE LOS SERVICIOS DE SANEAMIENTO Y FORTALECIMIENTO INSTITUCIONAL INTEGRAL DE LA EMAPA PASCO; PROVINCIA DE PASCO - PASCO; COMPONENTE II: COLECTOR PRIMARIO PATARCOCHA 
2084815,2084815-74176-920686-2200980-174311,174311,Extremadamente Riesgosa,4,MEJORAMIENTO Y AMPLIACI”N DE LOS SERVICIOS DE SANEAMIENTO Y FORTALECIMIENTO INSTITUCIONAL INTEGRAL DE LA EMAPA PASCO; PROVINCIA DE PASCO - PASCO; COMPONENTE II: COLECTOR PRIMARIO PATARCOCHA 
2090887,2090887-3880-673389-2124894-115823,115823,Bajamente Riesgosa,1,DRENAJE PLUVIAL DE LA CIUDAD DE JULIACA  (EXPEDIENTE T…CNICO DE SALDO DE OBRA)
2110320,2110320-3373-711711-2074748-33358,33358,Medianamente Riesgosa,2,REHABILITACION Y MEJORAMIENTO DE LA CARRETERA PUERTO BERMUDEZ - SAN ALEJANDRO; Tramo: Puerto Sungaro - Dv. San Alejandro
2110581,2110581-11432-699489-2067437-16513,16513,Extremadamente Riesgosa,4,Carretera San Marcos Cajabamba- Sausacocha; Tramo: San Marcos - Cajabamba 
2110581,2110581-11432-724030-2079272-146038,146038,Extremadamente Riesgosa,4,Mejoramiento de la Carretera San Marcos - Cajabamba - Sausacocha Tramo San Marcos Cajabamba
2130855,2130855-133630-573956-2018271-33900,33900,Extremadamente Riesgosa,4,MEJORAMIENTO DE LA CAPACIDAD RESOLUTIVA DE LOS SERVICIOS DE SALUD DEL HOSPITAL REGIONAL HERMILIO VALDIZAN DE HUANUCO-NIVEL III-1
2148795,2148795-104575-661402-2029879-3165,3165,Extremadamente Riesgosa,4,MEJORAMIENTO DE LA CARRETERA TA-109: TRAMO TICACO-CANDARAVE; TACNA
2157301,2157301-95555-621192-2012416-66057,66057,Extremadamente Riesgosa,4,MEJORA DE LA CAPACIDAD RESOLUTIVA Y OPERATIVA DEL HOSPITAL ROM¡N EGOAVIL PANDO DEL DISTRITO DE VILLA RICA; PROVINCIA OXAPAMPA; REGION PASCO
2158700,2158700-108630-682794-2037439-106748,106748,Extremadamente Riesgosa,4,Construccion de la Via de Evitamiento a la Ciudad de Abancay
2158700,2158700-108630-695489-2042633-106748,106748,Extremadamente Riesgosa,4,Construccion de la Via de Evitamiento a la Ciudad de Abancay
2161813,2161813-216050-683419-2032335-138910,138910,Altamente Riesgosa,3,BIOMEDICO MEJORADO - VIDENA
2163489,2163489-216434-835552-2147552-139063,139063,Bajamente Riesgosa,1,"OBRA ""RECUPERACI”N DEL SERVICIO DE INSTRUCCI”N B¡SICA DE VUELOS EN AERONAVES DE ALA FIJA DE LA FAP - GRUPO 51 EN LA BASE A…REA FAP CAPIT¡N ELÕAS OLIVERA - PISCO - ICA"""
2164051,2164051-184530-709234-2059440-31212,31212,Medianamente Riesgosa,2,MEJORAMIENTO DE LA CAPACIDAD RESOLUTIVA DEL HOSPITAL EL CARMEN HUANCAYO; REGION JUNIN
2164051,2164051-184530-845890-2152233-157425,157425,Extremadamente Riesgosa,4,MEJORAMIENTO DE LA CAPACIDAD RESOLUTIVA DEL HOSPITAL EL CARMEN HUANCAYO; REGION JUNIN - SALDO DE OBRA
2164051,2164051-184530-864433-2164265-157425,157425,Extremadamente Riesgosa,4,MEJORAMIENTO DE LA CAPACIDAD RESOLUTIVA DEL HOSPITAL EL CARMEN HUANCAYO; REGION JUNIN - SALDO DE OBRA
2166858,2166858-10703-786923-2119129-61095,61095,Extremadamente Riesgosa,4,CONTINUACION Y CULMINACION DEL PROYECTO DE IRRIGACION AMOJAO
2173121,2173121-103730-648018-2001228-130338,130338,Bajamente Riesgosa,1,REHABILITACION Y MEJORAMIENTO DE LA CARRETERA PE-3N LONGITUDINAL DE LA SIERRA NORTE; TRAMO COCHABAMBA - CUTERVO - SANTO DOMINGO DE LA CAPILLA - CHIPLE
2173969,2173969-216587-646747-2037229-130180,130180,Extremadamente Riesgosa,4,CREACION DE LA VIA DE CIRCUNVALACION DE LA CIUDAD DE CHIMBOTE;  PROVINCIA DEL SANTA; ANCASH; PRIMERA ETAPA CON CODIGO DE INVERSIONES N∞ 2173969
2173969,2173969-216587-671381-2037263-130180,130180,Extremadamente Riesgosa,4,CREACION DE LA VIA DE CIRCUNVALACION DE LA CIUDAD DE CHIMBOTE;  PROVINCIA DEL SANTA; ANCASH; PRIMERA ETAPA CON CODIGO DE INVERSIONES N∞ 2173969
2177209,2177209-9615-654568-2006761-72873,72873,Medianamente Riesgosa,2,Mejoramiento de la Carretera Hu·nuco La UniÛn Huallanca; Ruta PE 3N; Tramo I km 0 000 al km 52 920; Tramo II: km 52 920 al km 102 819; y Tramo III: km 102 819 al km 150 421 
2177209,2177209-9615-656141-2008059-72873,72873,Medianamente Riesgosa,2,Mejoramiento de la Carretera Hu·nuco La UniÛn Huallanca; Ruta PE 3N; Tramo I km 0 000 al km 52 920; Tramo II: km 52 920 al km 102 819; y Tramo III: km 102 819 al km 150 421 
2178454,2178454-249565-665294-2038104-21740,21740,Medianamente Riesgosa,2,MEJORAMIENTO DE LA CARRETERA VARIANTE DE UCHUMAYO; ENTRE EL PUENTE  SAN ISIDRO Y LA VIA DE EVITAMIENTO; DISTRITOS SACHACA; YANAHUARA Y CERRO COLORADO; PROVINCIA DE AREQUIPA-REGION AREQUIPA
2183907,2183907-268462-765220-2111244-152191,152191,Medianamente Riesgosa,2,MEJORAMIENTO Y AMPLIACION DE LOS SERVICIOS DE SALUD DEL HOSPITAL QUILLABAMBA DISTRITO DE SANTA ANA; PROVINCIA DE LA CONVENCION Y DEPARTAMENTO DE CUSCO - SALDO DE OBRA PRINCIPAL 
2183907,2183907-268462-774107-2106156-152191,152191,Bajamente Riesgosa,1,MEJORAMIENTO Y AMPLIACION DE LOS SERVICIOS DE SALUD DEL HOSPITAL QUILLABAMBA DISTRITO DE SANTA ANA; PROVINCIA DE LA CONVENCION Y DEPARTAMENTO DE CUSCO - SALDO DE OBRA PRINCIPAL 
2186942,2186942-276849-656386-2014296-52010,52010,Sin Riesgo,0,INSTALACION DEL SERVICIO DE READAPTACION SOCIAL EN EL NUEVO ESTABLECIMIENTO PENITENCIARIO DE ICA; DISTRITO DE SANTIAGO; PROVINCIA DE ICA; DEPARTAMENTO DE ICA.
2188537,2188537-274830-920010-2201544-43380,43380,Altamente Riesgosa,3,AMPLIACION Y MEJORAMIENTO DE LOS SERVICIOS DEL ASTILLERO DE ARSENAL NAVAL DE LA MARINA DE GUERRA DEL PERU EN LA BASE NAVAL DEL CALLAO
2190272,2190272-259262-700080-2045963-139381,139381,Bajamente Riesgosa,1,ConstrucciÛn de Movimiento de Tierras en mejoramiento y ampliaciÛn del servicio Aeroportuario en la regiÛn Cusco mediante el nuevo Aeropuerto Internacional de Chinchero Cusco
2190272,2190272-259262-743511-2076594-150370,150370,Sin Riesgo,0,"CONSTRUCCION DE LA OBRA PRINCIPAL DEL PROYECTO ""MEJORAMIENTO Y AMPLIACI”N DEL SERVICIO AEROPOTUARIO EN LA REGION CUSCO MEDIANTE EL NUEVO AEROPUERTO INTERNACIONAL DE CHINCHERO CUSCO AICC"
2192219,2192219-176879-727561-2082955-144910,144910,Extremadamente Riesgosa,4,MEJORAMIENTO DE LA CARRETERA PUCAPAMPA-CCASAPATA-CHU—UNAPAMPA-TINQUERCCASA-PADRE RUMI-PAUCARA
2192219,2192219-176879-732793-2082796-144910,144910,Extremadamente Riesgosa,4,MEJORAMIENTO DE LA CARRETERA PUCAPAMPA-CCASAPATA-CHU—UNAPAMPA-TINQUERCCASA-PADRE RUMI-PAUCARA
2193247,2193247-280513-592326-2069595-119151,119151,Bajamente Riesgosa,1,MEJORAMIENTO DEL SISTEMA DE AGUA POTABLE Y SANEAMIENTO EN EL CASERIO DE SAN MARTIN Y ANEXO MOLINO; CHARAMPAMPA; PASHUL Y PACA UP 57A
2193247,2193247-280513-663558-2028340-133488,133488,Bajamente Riesgosa,1,CONTRATACI”N DEL SERVICIO DE CONSULTORIA DE OBRA PARA ELABORACION DE TRES EXPEDIENTES TECNICOS DE LAS U.P. 59 CASERIO PASHUL ALTO; UP  87A  ANEXO PAJONAL Y CHUSPIRCA DE LIMON DE PORCUYA; UP  28 ANEXO PAMPA GRANDE DEL CASERIO LA TIZA    PROYECTO HUARMACA 
2193247,2193247-280513-679386-2040081-133488,133488,Medianamente Riesgosa,2,CONTRATACI”N DEL SERVICIO DE CONSULTORIA DE OBRA PARA ELABORACION DE TRES EXPEDIENTES TECNICOS DE LAS U.P. 59 CASERIO PASHUL ALTO; UP  87A  ANEXO PAJONAL Y CHUSPIRCA DE LIMON DE PORCUYA; UP  28 ANEXO PAMPA GRANDE DEL CASERIO LA TIZA    PROYECTO HUARMACA 
2193247,2193247-280513-691232-2052839-108912,108912,Extremadamente Riesgosa,4,INSTALACION; MEJORAMIENTO DEL SERVICIO DE AGUA POTABLE Y SANEAMIENTO DE 103 CASERIOS; DISTRITO DE HUARMACA - HUANCABAMBA - PIURA : UP 034 PALO BLANCO
2193247,2193247-280513-698718-2061957-108914,108914,Medianamente Riesgosa,2,MEJORAMIENTO DEL SERVICIO DE AGUA POTABLE Y SANEAMIENTO DE 103 CASERÕOS; DISTRITO DE HUARMACA; HUANCABAMBA; PIURA : UP 74 TUNAS
2193247,2193247-280513-703764-2062192-108916,108916,Medianamente Riesgosa,2,INSTALACI”N; MEJORAMIENTO DEL SERVICIO DE AGUA POTABLE Y SANEAMIENTO DE 103 CASERÕOS; DISTRITO DE HUARMACA; HUANCABAMBA; PIURA : UP 100 CEDRO
2193247,2193247-280513-705548-2065036-108912,108912,Extremadamente Riesgosa,4,INSTALACION; MEJORAMIENTO DEL SERVICIO DE AGUA POTABLE Y SANEAMIENTO DE 103 CASERIOS; DISTRITO DE HUARMACA - HUANCABAMBA - PIURA : UP 034 PALO BLANCO
2193247,2193247-280513-707016-2061614-108916,108916,Medianamente Riesgosa,2,INSTALACI”N; MEJORAMIENTO DEL SERVICIO DE AGUA POTABLE Y SANEAMIENTO DE 103 CASERÕOS; DISTRITO DE HUARMACA; HUANCABAMBA; PIURA : UP 100 CEDRO
2193247,2193247-280513-708529-2062106-108914,108914,Bajamente Riesgosa,1,MEJORAMIENTO DEL SERVICIO DE AGUA POTABLE Y SANEAMIENTO DE 103 CASERÕOS; DISTRITO DE HUARMACA; HUANCABAMBA; PIURA : UP 74 TUNAS
2193247,2193247-280513-735026-2078047-108917,108917,Bajamente Riesgosa,1,INSTALACI”N; MEJORAMIENTO DEL SERVICIO DE AGUA POTABLE Y SANEAMIENTO DE 103 CASERÕOS; DISTRITO DE HUARMACA; HUANCABAMBA; PIURA : UP 101 SAN ISIDRO
2193247,2193247-280513-843214-2161653-108917,108917,Medianamente Riesgosa,2,INSTALACI”N; MEJORAMIENTO DEL SERVICIO DE AGUA POTABLE Y SANEAMIENTO DE 103 CASERÕOS; DISTRITO DE HUARMACA; HUANCABAMBA; PIURA : UP 101 SAN ISIDRO
2193247,2193247-280513-878659-2170813-108917,108917,Bajamente Riesgosa,1,INSTALACI”N; MEJORAMIENTO DEL SERVICIO DE AGUA POTABLE Y SANEAMIENTO DE 103 CASERÕOS; DISTRITO DE HUARMACA; HUANCABAMBA; PIURA : UP 101 SAN ISIDRO
2193411,2193411-205868-739874-2096798-121881,121881,Extremadamente Riesgosa,4,MEJORAMIENTO DE LA CARRETERA HUANCAVELICA - YAULI - PUCAPAMPA (RUTA HV - 112)
2193411,2193411-205868-770422-2110390-121881,121881,Extremadamente Riesgosa,4,MEJORAMIENTO DE LA CARRETERA HUANCAVELICA - YAULI - PUCAPAMPA (RUTA HV - 112)
2193999,2193999-202849-850228-2150802-64289,64289,Altamente Riesgosa,3,ELABORACION EXPEDIENTE TECNICO Y CONSTRUCCION NUEVA BASE AERONAVAL DEL CALLAO
2194709,2194709-231989-645029-2000154-59304,59304,Medianamente Riesgosa,2,Mejoramiento de la Carretera Viscachani; Callalli; Sibayo; Caylloma; Provincia de Caylloma; RegiÛn Arequipa SNIP 231989
2194709,2194709-231989-669343-2022593-84300,84300,Bajamente Riesgosa,1,MEJORAMIENTO DE LA CARRETERA VISCACHANI - CALLALI - SIBAYO - CAYLLOMA; PROVINCIA CAYLLOMA; REGI”N AREQUIPA - SEGUNDA ETAPA TRAMO 01 KM. 0000 - KM. 0360) TRAMO 02 KM. 74.500 - KM. 98.500 
2194709,2194709-231989-709352-2073447-141104,141104,Extremadamente Riesgosa,4,EJECUCION DE SALDO DE OBRA PARA EL MEJORAMIENTO DE LA CARRETERA VISCACHANI;CALLALLI SIBAYO CAYLLOMA;PROVINCIA DE CAYLLOMA;REGION AREQUIPA II ETAPA;TRAMO 01: KM 0;000 ;KM 11;000 ;KM 12;000 ; KM 22;000. KM 23;000 36;920 Y RAMAL 02 KM 0;000; KM 0;360  TRAMO 02 : KM 84;000 ;KM 98;500 
2194709,2194709-231989-739211-2108440-141104,141104,Extremadamente Riesgosa,4,EJECUCION DE SALDO DE OBRA PARA EL MEJORAMIENTO DE LA CARRETERA VISCACHANI;CALLALLI SIBAYO CAYLLOMA;PROVINCIA DE CAYLLOMA;REGION AREQUIPA II ETAPA;TRAMO 01: KM 0;000 ;KM 11;000 ;KM 12;000 ; KM 22;000. KM 23;000 36;920 Y RAMAL 02 KM 0;000; KM 0;360  TRAMO 02 : KM 84;000 ;KM 98;500 
2194993,2194993-255906-747262-2084411-134953,134953,Medianamente Riesgosa,2,Acondicionamiento de infraestructura de las ·reas de trabajo de la EstaciÛn Experimental Agraria Chincha
2194993,2194993-255906-811767-2128027-134953,134953,Sin Riesgo,0,Acondicionamiento de infraestructura de las ·reas de trabajo de la EstaciÛn Experimental Agraria Chincha
2195373,2195373-290489-650901-2060462-33536,33536,Extremadamente Riesgosa,4,MEJORAMIENTO Y AMPLIACI”N DE LA PRESTACI”N DE SERVICIOS DEPORTIVOS EN EL ESTADIO CUNA DE LA LIBERTAD AMERICANA DEL COMPLEJO DEPORTIVO VENEZUELA; DISTRITO DE AYACUCHO;  HUAMANGA - AYACUCHO
2195373,2195373-290489-717677-2071371-33536,33536,Extremadamente Riesgosa,4,MEJORAMIENTO Y AMPLIACI”N DE LA PRESTACI”N DE SERVICIOS DEPORTIVOS EN EL ESTADIO CUNA DE LA LIBERTAD AMERICANA DEL COMPLEJO DEPORTIVO VENEZUELA; DISTRITO DE AYACUCHO;  HUAMANGA - AYACUCHO
2195373,2195373-290489-830070-2142572-33536,33536,Extremadamente Riesgosa,4,MEJORAMIENTO Y AMPLIACI”N DE LA PRESTACI”N DE SERVICIOS DEPORTIVOS EN EL ESTADIO CUNA DE LA LIBERTAD AMERICANA DEL COMPLEJO DEPORTIVO VENEZUELA; DISTRITO DE AYACUCHO;  HUAMANGA - AYACUCHO
2196451,2196451-283399-624113-2017721-29053,29053,Extremadamente Riesgosa,4,MEJ.VIAS DEP. AM-106; TRAMO: EMP. PE-5N (BALZAPATA) - JUMBILLA - ASUNCION EMP.PE-8B (MOLINOPAMPA); AM-110: CHACHAPOYAS - LEVANTO; TRAMO: EMP.PE-8B (TINGO) AM-111: EMP.PE-8B (TINGO) - LONGUITA -MARIA - KUELAP; PROV. CHACHAPOYAS-BONGARA Y LUYA-AMAZONAS
2196451,2196451-283399-688311-2044722-29053,29053,Extremadamente Riesgosa,4,MEJ.VIAS DEP. AM-106; TRAMO: EMP. PE-5N (BALZAPATA) - JUMBILLA - ASUNCION EMP.PE-8B (MOLINOPAMPA); AM-110: CHACHAPOYAS - LEVANTO; TRAMO: EMP.PE-8B (TINGO) AM-111: EMP.PE-8B (TINGO) - LONGUITA -MARIA - KUELAP; PROV. CHACHAPOYAS-BONGARA Y LUYA-AMAZONAS
2228738,2228738-1909-575707-2137526-29998,29998,Extremadamente Riesgosa,4,SECTOR I:    AGUAS ARRIBA DEL TRAMO URBANO  (CONTROL DE DESBORDES E INUNDACIONES EN EL RIO ICA Y QUEBRADA CANSAS/CHANCHAJALLA)
2233735,2233735-136200-849659-2158846-32774,32774,Extremadamente Riesgosa,4,AFIANZAMIENTO  HIDRICO   DE LA CUENCA DEL  RIO  GRANDE - SANTA CRUZ -PALPA
2233735,2233735-136200-899929-2188756-32774,32774,Extremadamente Riesgosa,4,AFIANZAMIENTO  HIDRICO   DE LA CUENCA DEL  RIO  GRANDE - SANTA CRUZ -PALPA
2233842,2233842-92806-664959-2016133-130764,130764,Bajamente Riesgosa,1,REUBICACI”N DE CAPTACI”N KM 25-850 POR INTERFERENCIA DE AUTOPISTA PUNO JULIACA; LOCALIDAD PAUCARCOLLA; PUNO- PUNO
2233842,2233842-92806-667999-2017167-130764,130764,Bajamente Riesgosa,1,REUBICACI”N DE CAPTACI”N KM 25-850 POR INTERFERENCIA DE AUTOPISTA PUNO JULIACA; LOCALIDAD PAUCARCOLLA; PUNO- PUNO
2233850,2233850-239307-656598-2033398-137209,137209,Medianamente Riesgosa,2,"""REUBICACI”N DE LA INFRAESTRUCTURA  DEL COMPLEJO POLIDEPORTIVO SAN COSME AFECTADA POR EL ¡REA DE CONCESI”N DE LA ESTACI”N E17-NICOL¡S AYLL”N"""
2233850,2233850-239307-672349-2029810-137209,137209,Medianamente Riesgosa,2,"""REUBICACI”N DE LA INFRAESTRUCTURA  DEL COMPLEJO POLIDEPORTIVO SAN COSME AFECTADA POR EL ¡REA DE CONCESI”N DE LA ESTACI”N E17-NICOL¡S AYLL”N"""
2233850,2233850-239307-674801-2036277-133753,133753,Extremadamente Riesgosa,4,INTERVENCI”N EN POZO DE ATAQUE; ESTACI”N GAMBETTA E-1; ESTACI”N CANTA CALLAO E-2; ESTACI”N BOCANEGRA E-3; POZO DE VENTILACI”N 1 - PV4 -1; POZO DE VENTILACI”N 2 - PV4 -2
2233850,2233850-239307-674853-2036314-133756,133756,Extremadamente Riesgosa,4,INTERVENCI”N EN LA ESTACI”N EL OLIVAR E-5 Y ESTACI”N QUILCA E-6
2233850,2233850-239307-674870-2036286-133755,133755,Extremadamente Riesgosa,4,INTERVENCI”N EN ESTACI”N AEROPUERTO E-4; ESTACI”N CARMEN DE LA LEGUA E-8; POZO DE VENTILACI”N 3 - PV4 -3; POZO DE VENTILACI”N 4 - PV4 -4; POZO DE VENTILACI”N 7 - PV4 -7B
2233850,2233850-239307-682914-2038742-137213,137213,Medianamente Riesgosa,2,REUBICACI”N DE LOS SERVICIOS HIGI…NICOS P⁄BLICOS QUE INTERFIERE AL ¡REA DE CONCESI”N DE LA ESTACI”N E-14  PLAZA MANCO CAPAC
2233850,2233850-239307-712351-2058738-141153,141153,Medianamente Riesgosa,2,CONSTRUCCION DE LA LINEA 2 Y RAMAL AV. FAUCETT-GAMBETTA DE LA RED BASICA DEL METRO DE LIMA Y CALLAO PROVINCIAS DE LIMA Y CALLAO; DEPARTAMENTO DE LIMA
2233850,2233850-239307-724083-2063590-141153,141153,Medianamente Riesgosa,2,CONSTRUCCION DE LA LINEA 2 Y RAMAL AV. FAUCETT-GAMBETTA DE LA RED BASICA DEL METRO DE LIMA Y CALLAO PROVINCIAS DE LIMA Y CALLAO; DEPARTAMENTO DE LIMA
2233850,2233850-239307-731572-2069043-141153,141153,Medianamente Riesgosa,2,CONSTRUCCION DE LA LINEA 2 Y RAMAL AV. FAUCETT-GAMBETTA DE LA RED BASICA DEL METRO DE LIMA Y CALLAO PROVINCIAS DE LIMA Y CALLAO; DEPARTAMENTO DE LIMA
2233850,2233850-239307-731693-2069052-141153,141153,Medianamente Riesgosa,2,CONSTRUCCION DE LA LINEA 2 Y RAMAL AV. FAUCETT-GAMBETTA DE LA RED BASICA DEL METRO DE LIMA Y CALLAO PROVINCIAS DE LIMA Y CALLAO; DEPARTAMENTO DE LIMA
2233850,2233850-239307-734864-2071276-141153,141153,Medianamente Riesgosa,2,CONSTRUCCION DE LA LINEA 2 Y RAMAL AV. FAUCETT-GAMBETTA DE LA RED BASICA DEL METRO DE LIMA Y CALLAO PROVINCIAS DE LIMA Y CALLAO; DEPARTAMENTO DE LIMA
2233850,2233850-239307-823249-2135603-162027,162027,Extremadamente Riesgosa,4,ReubicaciÛn de Redes para la ConstrucciÛn de la EstaciÛn 05 Carmen de la Legua de la LÌnea 2 Ramal 4 de la Red B·sica del Metro de Lima y Callao
2233850,2233850-239307-830183-2139521-166882,166882,Extremadamente Riesgosa,4,"EjecuciÛn de empalmes para liberaciÛn de interferencias de redes de agua potable y alcantarillado en la EstaciÛn Oscar R. Benavides E-06""."
2233850,2233850-239307-861304-2156132-141153,141153,Medianamente Riesgosa,2,CONSTRUCCION DE LA LINEA 2 Y RAMAL AV. FAUCETT-GAMBETTA DE LA RED BASICA DEL METRO DE LIMA Y CALLAO PROVINCIAS DE LIMA Y CALLAO; DEPARTAMENTO DE LIMA
2233862,2233862-246218-385171-2174502-64412,64412,Extremadamente Riesgosa,4,CONSTRUCCI”N DE LA VÕA REGIONAL AREQUIPA - LA JOYA; EN LAS PROGRESIVAS KM 0+00 AL KM 24+540; DISTRITOS DE CERRO COLORADO - LA JOYA - 
2233917,2233917-87547-595719-2022915-105591,105591,Bajamente Riesgosa,1,Mejoramiento del Servicio de Resguardo y ConservaciÛn del Patrimonio ArchivÌstico de la NaciÛn del Archivo General de la NaciÛn - Sede Pueblo Libre; distrito Pueblo Libre; provincia y departamento de Lima
2233958,2233958-4588-516149-2047423-102591,102591,Extremadamente Riesgosa,4,CONSTRUCCI”N PUENTE HUALLAGA Y ACCESOS
2233958,2233958-4588-771822-2161750-79749,79749,Medianamente Riesgosa,2,CONSTRUCCI”N Y MEJORAMIENTO DE LA CARRETERA CHIMBOTE - TOCACHE; SECTOR YUNGAYPAMPA TRES CRUCES-SIHUAS-HUACRACHUCO-UCHIZA-EMP. RUTA 5N-TOCACHE; TRAMO: PUENTE EL CHORRO-TRES CRUCES-SIHUAS-HUACRACHUCO-UCHIZA-EMP. RUTA 5N; SUB TRAMO CP AJENJO-UCHIZA EMP. RUTA 05
2234355,2234355-116051-659741-2012642-82706,82706,Medianamente Riesgosa,2,MEJORAMIENTO DE LA CARRETERA OYON-AMBO ; TRAMO II
2234355,2234355-116051-689292-2046091-82706,82706,Medianamente Riesgosa,2,MEJORAMIENTO DE LA CARRETERA OYON-AMBO ; TRAMO II
2234473,2234473-249557-721246-2074192-76727,76727,Medianamente Riesgosa,2,MEJORAMIENTO DE LOS SERVICIOS ACADEMICOS Y ADMINISTRATIVOS DE LA UNIVERSIDAD NACIONAL DE JAEN DISTRITO DE JAEN; PROVINCIA DE JAEN; DEPARTAMENTO DE CAJAMARCA
2234473,2234473-249557-723735-2071348-76727,76727,Medianamente Riesgosa,2,MEJORAMIENTO DE LOS SERVICIOS ACADEMICOS Y ADMINISTRATIVOS DE LA UNIVERSIDAD NACIONAL DE JAEN DISTRITO DE JAEN; PROVINCIA DE JAEN; DEPARTAMENTO DE CAJAMARCA
2234473,2234473-249557-727380-2076646-76727,76727,Medianamente Riesgosa,2,MEJORAMIENTO DE LOS SERVICIOS ACADEMICOS Y ADMINISTRATIVOS DE LA UNIVERSIDAD NACIONAL DE JAEN DISTRITO DE JAEN; PROVINCIA DE JAEN; DEPARTAMENTO DE CAJAMARCA
2234473,2234473-249557-728571-2074170-76727,76727,Medianamente Riesgosa,2,MEJORAMIENTO DE LOS SERVICIOS ACADEMICOS Y ADMINISTRATIVOS DE LA UNIVERSIDAD NACIONAL DE JAEN DISTRITO DE JAEN; PROVINCIA DE JAEN; DEPARTAMENTO DE CAJAMARCA
2234473,2234473-249557-729905-2077976-76727,76727,Medianamente Riesgosa,2,MEJORAMIENTO DE LOS SERVICIOS ACADEMICOS Y ADMINISTRATIVOS DE LA UNIVERSIDAD NACIONAL DE JAEN DISTRITO DE JAEN; PROVINCIA DE JAEN; DEPARTAMENTO DE CAJAMARCA
2234473,2234473-249557-736367-2079728-76727,76727,Medianamente Riesgosa,2,MEJORAMIENTO DE LOS SERVICIOS ACADEMICOS Y ADMINISTRATIVOS DE LA UNIVERSIDAD NACIONAL DE JAEN DISTRITO DE JAEN; PROVINCIA DE JAEN; DEPARTAMENTO DE CAJAMARCA
2234473,2234473-249557-879973-2175865-76727,76727,Medianamente Riesgosa,2,MEJORAMIENTO DE LOS SERVICIOS ACADEMICOS Y ADMINISTRATIVOS DE LA UNIVERSIDAD NACIONAL DE JAEN DISTRITO DE JAEN; PROVINCIA DE JAEN; DEPARTAMENTO DE CAJAMARCA
2234473,2234473-249557-880497-2175879-76727,76727,Medianamente Riesgosa,2,MEJORAMIENTO DE LOS SERVICIOS ACADEMICOS Y ADMINISTRATIVOS DE LA UNIVERSIDAD NACIONAL DE JAEN DISTRITO DE JAEN; PROVINCIA DE JAEN; DEPARTAMENTO DE CAJAMARCA
2234473,2234473-249557-887229-2184981-76727,76727,Medianamente Riesgosa,2,MEJORAMIENTO DE LOS SERVICIOS ACADEMICOS Y ADMINISTRATIVOS DE LA UNIVERSIDAD NACIONAL DE JAEN DISTRITO DE JAEN; PROVINCIA DE JAEN; DEPARTAMENTO DE CAJAMARCA
2234982,2234982-108598-741570-2098048-144235,144235,Extremadamente Riesgosa,4,REHABILITACI”N Y MEJORAMIENTO DE LA CARRETERA CHAGUAL - TAYABAMBA - PUENTE HUACRACHUCO; TRAMO: TAYABAMBA - PUENTE HUACRACHUCO
2234988,2234988-86897-551692-2106247-81363,81363,Extremadamente Riesgosa,4,REHABILITACI”N Y MEJORAMIENTO DE LA CARRETERA PALLASCA-MOLLEPATA-MOLLEBAMBA-SANTIAGO DE CHUCO EMP. RUTA 10; TRAMO MOLLEPATA - PALLASCA
2234988,2234988-86897-662364-2029415-81363,81363,Extremadamente Riesgosa,4,REHABILITACI”N Y MEJORAMIENTO DE LA CARRETERA PALLASCA-MOLLEPATA-MOLLEBAMBA-SANTIAGO DE CHUCO EMP. RUTA 10; TRAMO MOLLEPATA - PALLASCA
2234988,2234988-86897-716584-2058471-142784,142784,Altamente Riesgosa,3,REHABILITACI”N Y MEJORAMIENTO DE LA CARRETERA PALLASCA-MOLLEPATA-MOLLEBAMBA-SANTIAGO DE CHUCO-EMP. RUTA 10; TRAMO: SANTIAGO DE CHUCO-CACHICADAN-MOLLEPATA
2234996,2234996-260577-671999-2023243-36858,36858,Sin Riesgo,0,CENTRO DE MANTENIMIENTO AERONATUICO DEL EJERCITO DIVISION DE MANTENIMIENTO MAYOR LA JOYA - AREQUIPA CODIGO DE SNIP 260577
2236530,2236530-249522-747170-2098229-85055,85055,Extremadamente Riesgosa,4,CONSTRUCCION DE LA CARRETERA ALLO - AYO - ANDAMAYO - (PROGRESIVA KM. 0000 KM 46 229) DISTIRTO DE APLAO YAYO; PROVINCIA CASTILLA; REGION AREQUIPA
2236530,2236530-249522-752533-2094217-85055,85055,Extremadamente Riesgosa,4,CONSTRUCCION DE LA CARRETERA ALLO - AYO - ANDAMAYO - (PROGRESIVA KM. 0000 KM 46 229) DISTIRTO DE APLAO YAYO; PROVINCIA CASTILLA; REGION AREQUIPA
2251269,2251269-299165-843857-2170867-39565,39565,Extremadamente Riesgosa,4,MEJORAMIENTO DE LA CARRETERA DEPARTAMENTAL JU - 108 TRAMO: PALIAN - VILCACOTO - ACOPALCA - ABRA HUAYTAPALLANA - PARIAHUANCA; PROVINCIA DE HUANCAYO; DEPARTAMENTO JUNIN.
2251269,2251269-299165-891795-2194787-169532,169532,Extremadamente Riesgosa,4,MEJORAMIENTO DE LA CARRETERA DEPARTAMENTAL JU - 108 TRAMO: PALIAN - VILCACOTO - ACOPALCA - ABRA HUAYTAPALLANA - PARIAHUANCA; PROVINCIA DE HUANCAYO; DEPARTAMENTO JUNIN (TRAMO PALIAN - PARIAHUANCA)
2253121,2253121-301371-724591-2082967-144325,144325,Extremadamente Riesgosa,4,"""CONSTRUCCION; MEJORAMIENTO Y REHABILITACION DE LA CARRETERA CUSCO - CHINCHERO - URUBAMBA; EN LA REGION CUSCO; TRAMO N 01 - CONSTRUCCI”N DE LA VIA DE ACCESO AL AEROPUERTO INTERNACIONAL DE CHINCHERO"""
2259669,2259669-220883-556517-2003673-111086,111086,Bajamente Riesgosa,1,MEJORAMIENTO DE LOS SERVICIOS DE SALUD DEL HOSPITAL II TALARA EN EL DISTRITO DE PARI—AS; PROVINCIA DE TALARA; DEPARTAMENTO DE PIURA
2259669,2259669-220883-684421-2047595-111086,111086,Bajamente Riesgosa,1,MEJORAMIENTO DE LOS SERVICIOS DE SALUD DEL HOSPITAL II TALARA EN EL DISTRITO DE PARI—AS; PROVINCIA DE TALARA; DEPARTAMENTO DE PIURA
2262744,2262744-311131-631294-2008579-114812,114812,Medianamente Riesgosa,2,MEJORAMIENTO DE LA INFRAESTRUCTURA DE CONDUCCI”N TRASVASE HUALLABAMBA; DISTRITO DE MOTUPE; INCAHUASI Y KA—ARIS; PROVINCIAS DE LAMBAYEQUE Y FERRE—AFE - REGI”N LAMBAYEQUE
2263613,2263613-315331-654206-2008578-59593,59593,Bajamente Riesgosa,1,ELABORACION DEL ESTUDIO DEFINITIVO PARA LA REHABILITACION DE LA CARRETERA PATIVILCA - QUEBRADA SECA - PUENTE SANTA - DV.SALAVERRY Y DV.SALAVERRY - PUERTO SALAVERRY
2266239,2266239-22422-713490-2069085-144334,144334,Extremadamente Riesgosa,4,CREACION DE LA VÕA DE EVITAMIENTO DE TUMBES EN LOS DISTRITOS DE CORRALES Y TUMBES DE LA PROVINCIA DE TUMBES - DEPARTAMENTO DE TUMBES
2281442,2281442-324555-911561-2199221-61561,61561,Extremadamente Riesgosa,4,MEJORAMIENTO DE LOS SERVICIOS DE SALUD DEL HOSPITAL DE APOYO MANUEL HIGA ARAKAKI; DISTRITO DE SATIPO; PROVINCIA DE SATIPO; DEPARTAMENTO DE JUNIN
2282330,2282330-285705-717909-2070673-28809,28809,Bajamente Riesgosa,1,INSTALACION DE LA CENTRAL HIDROELECTRICA CHARCANI VII Y SISTEMAS DE INTERCONEXION AL SEIN 
2282760,2282760-172973-688300-2045681-47658,47658,Extremadamente Riesgosa,4,ESTUDIO DEFINITIVO PARA EL MEJORAMIENTO DE LA CARRETERA SAN MARIA  - SANTA TERESA - HIDROELECTRICA MACHU PICCHU
2282760,2282760-172973-696209-2059355-135454,135454,Extremadamente Riesgosa,4,MEJORAMIENTO DE LA CARRETERA SANTA MARIA SANTA TERESA PUENTE HIDROELECTRICA MACHU PICCHU
2284956,2284956-303267-719178-2093374-86858,86858,Medianamente Riesgosa,2,ContrataciÛn del Servicio de ConsultorÌa para la ElaboraciÛn del Estudio Definitivo del Proyecto: CREACION DE LOS SERVICIOS DEL HOSPITAL ESPECIALIZADO EN LA RED ASISTENCIAL CAJAMARCA - ESSALUD; DISTRITO DE CAJAMARCA; PROVINCIA DE CAJAMARCA Y DEPARTAMENTO DE CAJAMARCA
2284956,2284956-303267-727717-2096706-138999,138999,Medianamente Riesgosa,2,CREACION DE LOS SERVICIOS DEL HOSPITAL ESPECIALIZADO EN LA RED ASISTENCIAL CAJAMARCA-ESSALUD; DISTRITO DE CAJAMARCA; PROVINCIA DE CAJAMARCA; DEPARTAMENTO DE CAJAMARCA
2300016,2300016-314709-718329-2077374-86930,86930,Medianamente Riesgosa,2,CREACI”N DE LOS SERVICIOS DE SALUD DEL HOSPITAL DEL ALTIPLANO DE LA REGI”N DE PUNO ESSALUD EN EL DISTRITO DE PUNO PROVINCIA DE PUNO DEPARTAMENTO DE PUNO
2300016,2300016-314709-739838-2085159-138996,138996,Medianamente Riesgosa,2,CREACI”N DE LOS SERVICIOS DE SALUD DEL HOSPITAL DEL ALTIPLANO DE LA REGI”N PUNO-ESSALUD EN EL DISTRITO DE PUNO; PROVINCIA DE PUNO Y DEPARTAMENTO DE PUNO
2300078,2300078-322746-600372-2012884-69352,69352,Extremadamente Riesgosa,4,"EJECUCION DE LA OBRA: ""CREACI”N DEL PUENTE COMUNEROS ENTRE LA AV. DANIEL ALCIDES CARRI”N Y CA. MAX HONGLER EN LOS DISTRITOS DE HUANCAYO - HUAMANCACA CHICO; PROVINCIA DE HUANCAYO Y CHUPACA; REGI”N JUNÕN""."
2300355,2300355-336084-636997-2017813-127558,127558,Extremadamente Riesgosa,4,MEJORAMIENTO DE LA CARRETERA PUTINA - DV. ANANEA - CUYO CUYO - SANDIA DISTRITO DE PUTINA - PROVINCIA DE SAN ANTONIO DE PUTINA - DEPARTAMENTO DE PUNO
2300355,2300355-336084-748047-2089989-127558,127558,Extremadamente Riesgosa,4,MEJORAMIENTO DE LA CARRETERA PUTINA - DV. ANANEA - CUYO CUYO - SANDIA DISTRITO DE PUTINA - PROVINCIA DE SAN ANTONIO DE PUTINA - DEPARTAMENTO DE PUNO
2302972,2302972-342038-702107-2057949-87051,87051,Medianamente Riesgosa,2,CONSTRUCCION DE LA PLANTA DE FRACCIONAMIENTO DE LIQUIDOS DE GAS NATURAL (LGN) EN LA PROVINCIA DE LA CONVENCION
2305241,2305241-177553-686451-2070820-51734,51734,Medianamente Riesgosa,2,AMPLIACI”N Y MEJORAMIENTO DE LOS SISTEMAS DE AGUA POTABLE Y ALCANTARILLADO DE LOS SECTORES 311; 313; 330; 310; 312; 314; 300; 307; 319; 324 Y 301 NUEVA RINCONADA - DISTRITOS DE SAN JUAN DE MIRAFLORES; VILLA MARÕA DEL TRIUNFO Y VILLA EL SALVADOR- ETAPA 1 
2305241,2305241-177553-686493-2087875-51734,51734,Medianamente Riesgosa,2,AMPLIACI”N Y MEJORAMIENTO DE LOS SISTEMAS DE AGUA POTABLE Y ALCANTARILLADO DE LOS SECTORES 311; 313; 330; 310; 312; 314; 300; 307; 319; 324 Y 301 NUEVA RINCONADA - DISTRITOS DE SAN JUAN DE MIRAFLORES; VILLA MARÕA DEL TRIUNFO Y VILLA EL SALVADOR- ETAPA 1 
2309846,2309846-333160-879389-2187816-169496,169496,Medianamente Riesgosa,2,AMPLIACI”N Y MEJORAMIENTO DEL SISTEMA DE AGUA POTABLE Y ALCANTARILLADO EN LOS AA.HH. DE LAS LOCALIDADES DE SULLANA; BELLAVISTA; MARCAVELICA Y QUERECOTILLO DE LA PROVINCIA DE SULLANA DEPARTAMENTO DE PIURA
2311841,2311841-128903-654886-2079561-58678,58678,Medianamente Riesgosa,2,CONSTRUCCION DE LA AV. COSTA VERDE TRAMO: AV. RAFAEL ESCARDO - JR. VIRU; DISTRITO DE SAN MIGUEL - LIMA - LIMA
2318430,2318430-355479-691260-2049728-86587,86587,Medianamente Riesgosa,2,REEMPLAZO DEL PUENTE SAN FRANCISCO EN LA RED VIAL NACIONAL RUTA PE-28B; LA QUINUA-TAMBO-SAN FRANCISCO
2318535,2318535-191091-877000-2175489-79744,79744,Extremadamente Riesgosa,4,REHABILITACI”N Y MEJORAMIENTO DE LA CARRETERA RUTA PE-08; EMP. PE-1N (CIUDAD DE DIOS)-EMP. PE-3N (CAJAMARCA); TRAMO: CIUDAD DE DIOS - CHILETE
2318537,2318537-185240-689283-2038940-41505,41505,Bajamente Riesgosa,1,ESTUDIO DE FACTIBILIDAD Y DEFINITIVO PARA LA CONSTRUCCION DE LA VIA DE EVITAMIENTO DE LA CIUDAD DE JULIACA
2318537,2318537-185240-731927-2084705-41505,41505,Medianamente Riesgosa,2,ESTUDIO DE FACTIBILIDAD Y DEFINITIVO PARA LA CONSTRUCCION DE LA VIA DE EVITAMIENTO DE LA CIUDAD DE JULIACA
2322531,2322531-359457-557990-2184303-79268,79268,Medianamente Riesgosa,2,MEJORAMIENTO Y AMPLIACI”N DE LOS SERVICIOS DE SALUD DEL ESTABLECIMIENTO DE SALUD MARITZA CAMPOS DIAZ EN EL DISTRITO DE CERRO COLORADO ; PROVINCIA DE AREQUIPA - AREQUIPA
2326592,2326592-363114-633184-2007815-119167,119167,Medianamente Riesgosa,2,"CONTRATACION DEL SERVICIO DE CONSULTORIA DE OBRA ELABORACION DEL EXPEDIENTE TECNICO DEL PROYECTO: ""MEJORAMIENTO DEL SERVICIO DE AGUA DEL SISTEMA DE RIEGO TULLPACANCHA; EN LOS DISTRITOS DE CHURCAMPA; LA MERCED Y SAN MIGUEL DE MAYOCC DE LA PROVINCIA DE CHURCAMPA - DEPARTAMENTO DE HUANCAVELICA"
2327694,2327694-364106-725234-2079257-146172,146172,Extremadamente Riesgosa,4,CREACI”N DE LA VÕA DE EVITAMIENTO A LA CIUDAD DE JUANJUI
2328039,2328039-308669-726853-2070457-140616,140616,Medianamente Riesgosa,2,CONSTRUCCION E IMPLEMENTACION DEL NUEVO CENTRO DE EMPLEO DE ICA - SEGUNDA ETAPA (CONSTRUCCION)
2328039,2328039-308669-733820-2070458-140616,140616,Medianamente Riesgosa,2,CONSTRUCCION E IMPLEMENTACION DEL NUEVO CENTRO DE EMPLEO DE ICA - SEGUNDA ETAPA (CONSTRUCCION)
2328039,2328039-308669-733857-2070460-140616,140616,Sin Riesgo,0,CONSTRUCCION E IMPLEMENTACION DEL NUEVO CENTRO DE EMPLEO DE ICA - SEGUNDA ETAPA (CONSTRUCCION)
2328039,2328039-308669-852688-2152982-171562,171562,Bajamente Riesgosa,1,ACONDICIONAMIENTO DE AMBIENTES PARA LA IMPLEMENTACION DEL CENTRO DE EMPLEO DE LIMA METROPOLITANA - SEDE MTPE
2329618,2329618-365930-776041-2105638-150346,150346,Extremadamente Riesgosa,4,MEJORAMIENTO DE LA CARRETERA DEPARTAMENTAL JU-103 TRAMO: EMP. PE-22 A PALCA - TAPO - ANTACUCHO - RICRAN - ABRA CAYAN - YAULI - PACAN - EMP. PE-3S A JAUJA - REGION JUNIN - SALDO II ETAPA
2329618,2329618-365930-788990-2124348-156086,156086,Extremadamente Riesgosa,4,MEJORAMIENTO DE LA CARRETERA DEPARTAMENTAL JU-103 TRAMO: EMP. PE-22 A PALCA - TAPO - ANTACUCHO - RICRAN - ABRA CAYAN - YAULI -PAC¡N - EMP. PE-3S A JAUJA - REGI”N JUNÕN - SALDO III ETAPA
2329618,2329618-365930-803241-2125629-84896,84896,Extremadamente Riesgosa,4,MEJORAMIENTO DE LA CARRETERA DEPARTAMENTAL JU-103 TRAMO: EMP. PE-22 A PALCA - TAPO - ANTACUCHO - RICRAN - ABRA CAYAN - YAULI - PACAN - EMP. PE-3S A JAUJA - REGION JUNIN
2331034,2331034-369573-619988-2006266-122362,122362,Bajamente Riesgosa,1,MEJORAMIENTO DE LOS SERVICIOS DE SALUD DEL HOSPITAL CHOCOPE DE LA RED ASISTENCIAL LA LIBERTAD;  DISTRITO DE CHOCOPE - PROVINCIA DE ASCOPE - DEPARTAMENTO DE LA LIBERTAD
2331873,2331873-371182-565626-2176199-79281,79281,Extremadamente Riesgosa,4,MEJORAMIENTO DEL SERVICIO DE TRANSITABILIDAD DEL EJE DE INTEGRACI”N  VIAL NORTE ENTRE LA INTERSECCI”N DE LA AV. LAS TORRES - VIA PE -34A HASTA LA INTERSECCI”N CON LA AV. ITALIA - AV. AVIACI”N; DISTRITOS DE YURA Y CERRO COLORADO; PROVINCIA DE AREQUIPA; REGI”N AREQUIPA - TRAMO I
2331873,2331873-371182-619504-2008877-79281,79281,Extremadamente Riesgosa,4,MEJORAMIENTO DEL SERVICIO DE TRANSITABILIDAD DEL EJE DE INTEGRACI”N  VIAL NORTE ENTRE LA INTERSECCI”N DE LA AV. LAS TORRES - VIA PE -34A HASTA LA INTERSECCI”N CON LA AV. ITALIA - AV. AVIACI”N; DISTRITOS DE YURA Y CERRO COLORADO; PROVINCIA DE AREQUIPA; REGI”N AREQUIPA - TRAMO I
2331873,2331873-371182-619659-2008036-79281,79281,Extremadamente Riesgosa,4,MEJORAMIENTO DEL SERVICIO DE TRANSITABILIDAD DEL EJE DE INTEGRACI”N  VIAL NORTE ENTRE LA INTERSECCI”N DE LA AV. LAS TORRES - VIA PE -34A HASTA LA INTERSECCI”N CON LA AV. ITALIA - AV. AVIACI”N; DISTRITOS DE YURA Y CERRO COLORADO; PROVINCIA DE AREQUIPA; REGI”N AREQUIPA - TRAMO I
2331873,2331873-371182-638717-2026413-79281,79281,Extremadamente Riesgosa,4,MEJORAMIENTO DEL SERVICIO DE TRANSITABILIDAD DEL EJE DE INTEGRACI”N  VIAL NORTE ENTRE LA INTERSECCI”N DE LA AV. LAS TORRES - VIA PE -34A HASTA LA INTERSECCI”N CON LA AV. ITALIA - AV. AVIACI”N; DISTRITOS DE YURA Y CERRO COLORADO; PROVINCIA DE AREQUIPA; REGI”N AREQUIPA - TRAMO I
2331873,2331873-371182-638870-2023471-102021,102021,Extremadamente Riesgosa,4,MEJORAMIENTO DEL SERVICIO DE TRANSITABILIDAD DEL EJE DE INTEGRACI”N VIAL NORTE ENTRE LA INTERSECCI”N DE LAS AV. LAS TORRES - VIA PE -34A HASTA LA INTERSECCI”N CON LA AV. ITALIA - AV. AVIACI”N DISTRITOS DE YURA Y CERRO COLORADO; PROVINCIA DE AREQUIPA - REGI”N AREQUIPA - TRAMO II
2331873,2331873-371182-670830-2045952-102022,102022,Extremadamente Riesgosa,4,MEJORAMIENTO DEL SERVICIO DE TRANSITABILIDAD DEL EJE DE INTEGRACI”N VIAL NORTE ENTRE LA INTERSECCI”N DE LA AV. LAS TORRES - VIA PE 34 -A HASTA LA INTERSECCI”N CON LA AV. ITALIA - AV. AVIACI”N ; DISTRITOS DE YURA Y CERRO COLORADO; PROVINCIA AREQUIPA - AREQUIPA - TRAMO III
2333341,2333341-372623-476807-2182289-88878,88878,Bajamente Riesgosa,1,MEJORAMIENTO DE LA INFRAESTRUCTURA VIAL Y PEATONAL DEL EJE VIAL AV. DE LOS HEROES - AV- PACHACUTEC Y CREACION DE PASOS A DESNIVEL EN LAS INTERSECCIONES CON LA AV. SAN JUAN; AV. MIGUEL IGLESIAS Y AV. 26 DE NOVIEMBRE; DISTRITOS DE SAN JUAN DE MIRAFLORES; VILLA MARIA DEL TRIUNFO Y VILLA EL SALVADOR; PROVINCIA DE LIMA . LIMA
2333341,2333341-372623-756930-2119863-88861,88861,Altamente Riesgosa,3,MEJORAMIENTO DE LA INFRAESTRUCTURA VIAL Y PEATONAL DEL EJE VIAL AV. DE LOS HEROES - AV. PACHACUTEC Y CREACION DE PASOS A DESNIVEL EN LAS INTERSECCIONES CON LA AV. SAN JUAN; AV. MIGUEL IGLESIAS Y AV. 26 DE NOVIEMBRE; DISTRITOS DE SAN JUAN DE MIRAFLORES; VILLA MARIA DEL TRIUNFO Y VILLA EL SALVADOR; PROVINCIA DE LIMA - LIMA
2333341,2333341-372623-840645-2156293-88861,88861,Altamente Riesgosa,3,MEJORAMIENTO DE LA INFRAESTRUCTURA VIAL Y PEATONAL DEL EJE VIAL AV. DE LOS HEROES - AV. PACHACUTEC Y CREACION DE PASOS A DESNIVEL EN LAS INTERSECCIONES CON LA AV. SAN JUAN; AV. MIGUEL IGLESIAS Y AV. 26 DE NOVIEMBRE; DISTRITOS DE SAN JUAN DE MIRAFLORES; VILLA MARIA DEL TRIUNFO Y VILLA EL SALVADOR; PROVINCIA DE LIMA - LIMA
2334119,2334119-2334119-817840-2130968-164855,164855,Medianamente Riesgosa,2,"PIP: ""RECUPERACI”N DE LA CAPACIDADES OPERATIVAS DE LA 7MA BRIGADA DE INFANTERÕA EN LA GUARNICI”N DE LAMBAYEQUE"""
2334119,2334119-2334119-899442-2198922-164855,164855,Sin Riesgo,0,"PIP: ""RECUPERACI”N DE LA CAPACIDADES OPERATIVAS DE LA 7MA BRIGADA DE INFANTERÕA EN LA GUARNICI”N DE LAMBAYEQUE"""
2335905,2335905-374962-845920-2167911-156662,156662,Medianamente Riesgosa,2,MEJORAMIENTO Y AMPLIACION DE LOS SERVICIOS DE SALUD DEL HOSPITAL DE APOYO LEONCIO PRADO DISTRITO DE HUAMACHUCO; PROVINCIA SANCHEZ CARRION - LA LIBERTAD
2337718,2337718-376654-641973-2022745-128472,128472,Extremadamente Riesgosa,4,ESTUDIO DEFINITIVO DEL PROYECTO: Mejoramiento de la Carretera Emp. PE-28C (Dv. Pichari)-Abra Cielo Punco-Boca Santa Ana-Kepashiato-Kumpirushiato-Kiteni-Palma Real Tramo I y Tramo II
2337745,2337745-376679-811539-2144452-151408,151408,Extremadamente Riesgosa,4,MEJORAMIENTO DE LA TRANSITABILIDAD EN LA VIA DEPARTAMENTAL; RUTA AR-109 EN LOS DISTRITOS DE MAJES; LLUTA Y HUAMBO DE LA  PROVINCIA DE CAYLLOMA - DEPARTAMENTO DE AREQUIPA
2338279,2338279-377183-724906-2077174-146140,146140,Medianamente Riesgosa,2,CREACI”N DE LA VÕA DE EVITAMIENTO EN LA CIUDAD DE JA…N
2340083,2340083-378895-640980-2006405-115016,115016,Extremadamente Riesgosa,4,AMPLIACI”N Y MEJORAMIENTO DE LOS SISTEMAS DE AGUA POTABLE Y ALCANTARILLADO DE LOS SECTORES 268;269;270;271;272;274;275 Y 276- DISTRITO VENTANILLA -PROVINCIA CONSTITUCIONAL DEL CALLAO
2343984,2343984-382554-696238-2067909-141090,141090,Extremadamente Riesgosa,4,ConstrucciÛn del Centro de Operaciones de Moscas de la Fruta-BaÒos del Inca en Cajamarca
2343984,2343984-382554-709979-2084829-141090,141090,Extremadamente Riesgosa,4,ConstrucciÛn del Centro de Operaciones de Moscas de la Fruta-BaÒos del Inca en Cajamarca
2343984,2343984-382554-727368-2122016-146965,146965,Extremadamente Riesgosa,4,CONSTRUCCION DEL CENTRO DE OPERACIONES SAN SEBASTIAN - CUSCO
2343984,2343984-382554-775383-2139382-156608,156608,Sin Riesgo,0,ConstrucciÛn del Centro de operaciones de Moscas de la Fruta Zona Industrial - Piura
2343984,2343984-382554-775384-2139238-156611,156611,Extremadamente Riesgosa,4,AmpliaciÛn y remodelaciÛn del centro de producciÛn de moscas de la fruta Piura 
2343984,2343984-382554-796240-2127944-156611,156611,Extremadamente Riesgosa,4,AmpliaciÛn y remodelaciÛn del centro de producciÛn de moscas de la fruta Piura 
2343984,2343984-382554-811201-2132272-156608,156608,Sin Riesgo,0,ConstrucciÛn del Centro de operaciones de Moscas de la Fruta Zona Industrial - Piura
2343984,2343984-382554-828935-2150823-156615,156615,Bajamente Riesgosa,1,ConstrucciÛn del Centro de operaciones de Moscas de la Fruta Calca - Cusco
2343984,2343984-382554-848717-2159087-156617,156617,Bajamente Riesgosa,1,ConstrucciÛn de la Zona de tratamiento tipo III Caracoto - Puno
2343984,2343984-382554-863720-2170428-156614,156614,Sin Riesgo,0,ConstrucciÛn de la Zona de tratamiento tipo III Yanatile - Cusco
2344004,2344004-382572-696364-2068147-141091,141091,Extremadamente Riesgosa,4,ConstrucciÛn del Centro de Procesamiento Primario de Muestras Ica
2344004,2344004-382572-696594-2067901-141093,141093,Extremadamente Riesgosa,4,ConstrucciÛn del Laboratorio de Crianza de Insectos BenÈficos y Hospederos Ate
2344004,2344004-382572-697157-2067916-141094,141094,Extremadamente Riesgosa,4,RemodelaciÛn y AmpliaciÛn del Laboratorio de MicrobiologÌa La Molina
2344004,2344004-382572-709977-2084826-141093,141093,Extremadamente Riesgosa,4,ConstrucciÛn del Laboratorio de Crianza de Insectos BenÈficos y Hospederos Ate
2344004,2344004-382572-715859-2072330-144011,144011,Extremadamente Riesgosa,4,ConstrucciÛn del Centro de Procesamiento Primario de Muestras  Lambayeque
2344004,2344004-382572-719906-2084816-141092,141092,Extremadamente Riesgosa,4,ConstrucciÛn del Centro de Procesamiento Primario de Muestras Arequipa
2344004,2344004-382572-719936-2084804-141091,141091,Extremadamente Riesgosa,4,ConstrucciÛn del Centro de Procesamiento Primario de Muestras Ica
2344004,2344004-382572-729473-2087592-144271,144271,Extremadamente Riesgosa,4,AmpliaciÛn del Laboratorio de Residuos TÛxicos la Molina
2344004,2344004-382572-734917-2079058-141092,141092,Extremadamente Riesgosa,4,ConstrucciÛn del Centro de Procesamiento Primario de Muestras Arequipa
2344004,2344004-382572-775383-2139382-156609,156609,Sin Riesgo,0,ConstrucciÛn de la Sede para Vigilancia sanitaria Tumbes
2344004,2344004-382572-775404-2139241-156613,156613,Sin Riesgo,0,ConstrucciÛn de la Sede para Vigilancia sanitaria y Zona de tratamiento tipo II Juan Guerra - San Martin
2344004,2344004-382572-782853-2140234-157823,157823,Bajamente Riesgosa,1,AMPLIACI”N DE M”DULO DE AMBIENTES DE DIAIA -  AREQUIPA
2344004,2344004-382572-782855-2140237-157822,157822,Sin Riesgo,0,CONSTRUCCI”N SALA DE COSECHA; M”DULO DE VESTIDORES Y M”DULO DE ELEVADOR Y MEJORAMIENTO DE LABORATORIO DE CONTROL BIOL”GICO
2344004,2344004-382572-803024-2127961-156612,156612,Extremadamente Riesgosa,4,ConstrucciÛn de la Sede para Vigilancia sanitaria Chachapoyas - Amazonas.
2344004,2344004-382572-809167-2135355-156613,156613,Sin Riesgo,0,ConstrucciÛn de la Sede para Vigilancia sanitaria y Zona de tratamiento tipo II Juan Guerra - San Martin
2344004,2344004-382572-822852-2140396-156609,156609,Sin Riesgo,0,ConstrucciÛn de la Sede para Vigilancia sanitaria Tumbes
2344004,2344004-382572-846096-2157409-157823,157823,Bajamente Riesgosa,1,AMPLIACI”N DE M”DULO DE AMBIENTES DE DIAIA -  AREQUIPA
2346750,2346750-2346750-843777-2158284-169751,169751,Bajamente Riesgosa,1,MEJORAMIENTO DE LOS SERVICIOS DE SALUD DEL HOSPITAL BAMBAMARCA; CENTRO POBLADO DE BAMBAMARCA - DISTRITO DE BAMBAMARCA - PROVINCIA DE HUALGAYOC - REGI”N CAJAMARCA
2346750,2346750-2346750-855158-2172532-169751,169751,Bajamente Riesgosa,1,MEJORAMIENTO DE LOS SERVICIOS DE SALUD DEL HOSPITAL BAMBAMARCA; CENTRO POBLADO DE BAMBAMARCA - DISTRITO DE BAMBAMARCA - PROVINCIA DE HUALGAYOC - REGI”N CAJAMARCA
2357438,2357438-2357438-666873-2038448-135093,135093,Medianamente Riesgosa,2,Servicio de ConsultorÌa para la elaboraciÛn del Expediente TÈcnico del Proyecto: CreaciÛn del servicio de protecciÛn contra inundaciones en la localidad de Juliaca; m·rgenes derecha e izquierda del rio Coata progresiva Km 0 000-22 500; servicios Unacolla Maravilla y Cacachi de los distritos de Juliaca; San Miguel provincia de San Rom·n; departamento de Puno.
2357438,2357438-2357438-708379-2067721-135093,135093,Medianamente Riesgosa,2,Servicio de ConsultorÌa para la elaboraciÛn del Expediente TÈcnico del Proyecto: CreaciÛn del servicio de protecciÛn contra inundaciones en la localidad de Juliaca; m·rgenes derecha e izquierda del rio Coata progresiva Km 0 000-22 500; servicios Unacolla Maravilla y Cacachi de los distritos de Juliaca; San Miguel provincia de San Rom·n; departamento de Puno.
2362485,2362485-2362485-715882-2057437-141282,141282,Sin Riesgo,0,MEJORAMIENTO Y AMPLIACION LOS SERVICIOS DE SALUD DEL HOSPITAL DE APOYO DE CARAZ SAN JUAN DE DIOS; BARRIO DE MANCHURIA; CENTRO POBLADO DE CARAZ - DISTRITO DE CARAZ - PROVINCIA DE HUAYLAS; DEPARTAMENTO DE ANCASH
2376184,2376184-296934-845678-2169485-168784,168784,Medianamente Riesgosa,2,MEJORAMIENTO DE LA CALIDAD DE SERVICIO  DE ABASTECIMIENTO DE AGUA POTABLE  EN LAS LOCALIDADES DE  SULLANA QUERECOTILLO; SALITRAL Y MARCAVELICA  DE LA PROVINCIA DE SULLANA DEPARTAMENTO DE PIURA   
2378135,2378135-2378135-725280-2075413-140660,140660,Extremadamente Riesgosa,4,MEJORAMIENTO DE LA RUTA DEPARTAMENTAL PI 127 DISTRITOS DE CATACAOS LA ARENA  LA UNION Y VICE PROVINCIAS DE PIURA Y SECHURA DEPARTAMENTO PIURA
2378135,2378135-2378135-744606-2081915-140660,140660,Extremadamente Riesgosa,4,MEJORAMIENTO DE LA RUTA DEPARTAMENTAL PI 127 DISTRITOS DE CATACAOS LA ARENA  LA UNION Y VICE PROVINCIAS DE PIURA Y SECHURA DEPARTAMENTO PIURA
2382880,2382880-2382880-783281-2120097-157653,157653,Extremadamente Riesgosa,4,AMPLIACI”N Y MEJORAMIENTO DEL SERVICIO DE AGUA PARA RIEGO EN LA ZONA DE INFLUENCIA DEL CANAL MIGUEL CHECA; PROVINCIAS DE SULLANA Y PAITA; DEPARTAMENTO DE PIURA
2382880,2382880-2382880-808142-2126621-157653,157653,Extremadamente Riesgosa,4,AMPLIACI”N Y MEJORAMIENTO DEL SERVICIO DE AGUA PARA RIEGO EN LA ZONA DE INFLUENCIA DEL CANAL MIGUEL CHECA; PROVINCIAS DE SULLANA Y PAITA; DEPARTAMENTO DE PIURA
2386120,2386120-2386120-631171-2009100-126277,126277,Medianamente Riesgosa,2,MEJORAMIENTO DE LA CARRETERA DEPARTAMENTAL SANCOS-SACSAMARCA-PUTACCASA-OSCCONTA-EMP PE-32A DE LAS PROVINCIAS DE HUANCASANCOS Y LUCANAS; SACSAMARCA; PUTACCASA - DISTRITO DE SACSAMARCA; OSCCONTA-DISTRITO DE CABANA; CCERONTA - DISTRITO DE PUQUIO - PROVINICA DE LUCANAS - DEPARTAMENTO DE AYACUCHO.
2386120,2386120-2386120-636909-2009130-126276,126276,Extremadamente Riesgosa,4,MEJORAMIENTO DE LA CARRETERA DEPARTAMENTAL SANCOS-SACCSAMARCA-PUTACCASA-OSCCONTA-EMP PE-32A EN LAS PROVINCIAS DE HUANCASANCOS Y LUCANAS; SACSAMARCA; PUTACCASA- DISTRITO DE SACSAMARCA;OSCCONTA-DISTRITO DE CABANA;CCERONTA-DISTRITO DE PUQUIO-PROVINCIA DE LUCANAS-DEPARTAMENTO DE AYACUCHO.
2386120,2386120-2386120-842485-2163769-126277,126277,Medianamente Riesgosa,2,MEJORAMIENTO DE LA CARRETERA DEPARTAMENTAL SANCOS-SACSAMARCA-PUTACCASA-OSCCONTA-EMP PE-32A DE LAS PROVINCIAS DE HUANCASANCOS Y LUCANAS; SACSAMARCA; PUTACCASA - DISTRITO DE SACSAMARCA; OSCCONTA-DISTRITO DE CABANA; CCERONTA - DISTRITO DE PUQUIO - PROVINICA DE LUCANAS - DEPARTAMENTO DE AYACUCHO.
2386120,2386120-2386120-853767-2163761-126276,126276,Extremadamente Riesgosa,4,MEJORAMIENTO DE LA CARRETERA DEPARTAMENTAL SANCOS-SACCSAMARCA-PUTACCASA-OSCCONTA-EMP PE-32A EN LAS PROVINCIAS DE HUANCASANCOS Y LUCANAS; SACSAMARCA; PUTACCASA- DISTRITO DE SACSAMARCA;OSCCONTA-DISTRITO DE CABANA;CCERONTA-DISTRITO DE PUQUIO-PROVINCIA DE LUCANAS-DEPARTAMENTO DE AYACUCHO.
2387810,2387810-2387810-582351-2173525-115304,115304,Sin Riesgo,0,MEJORAMIENTO Y AMPLIACION DE LOS SISTEMAS DE AGUA POTABLE; ALCANTARILLADO Y TRATAMIENTO DE LAS AGUAS RESIDUALES DE LA CIUDAD DE HUARMEY DISTRITO DE HUARMEY - PROVINCIA DE HUARMEY - DEPARTAMENTO DE ANCASH
2392641,2392641-2392641-631923-2003510-114078,114078,Extremadamente Riesgosa,4,Mejoramiento de la Carretera  Huancavelica-Santa Ines-Empalme Ruta 28A; Villa Los Libertadores (Pampano); Tramo: Santa Ines-Pampano
2392641,2392641-2392641-866186-2174904-114078,114078,Extremadamente Riesgosa,4,Mejoramiento de la Carretera  Huancavelica-Santa Ines-Empalme Ruta 28A; Villa Los Libertadores (Pampano); Tramo: Santa Ines-Pampano
2392977,2392977-2392977-638751-2043011-127708,127708,Extremadamente Riesgosa,4,CREACION DE LA VIA EVITAMIENTO ILO  DISTRITO DE ILO - PROVINCIA DE ILO - DEPARTAMENTO DE MOQUEGUA
2393340,2393340-2393340-631196-2007473-126280,126280,Extremadamente Riesgosa,4,MEJORAMIENTO CARRETERA EN LOS DISTRITOS DE LANGUI; LAYO Y KUNTURKANKI DE LA PROVINCIA DE CANAS - DEPARTAMENTO DE CUSCO
2393340,2393340-2393340-657616-2023296-126280,126280,Extremadamente Riesgosa,4,MEJORAMIENTO CARRETERA EN LOS DISTRITOS DE LANGUI; LAYO Y KUNTURKANKI DE LA PROVINCIA DE CANAS - DEPARTAMENTO DE CUSCO
2393366,2393366-2393366-660818-2039877-133911,133911,Extremadamente Riesgosa,4,MEJORAMIENTO Y AMPLIACI”N DE LA CARRETERA PE-1S; TRAMO: GUADALUPE - ICA - DV. OCUCAJE; EN LOS DISTRITOS DE ICA; SANTIAGO Y OCUCAJE DE LA PROVINCIA DE ICA - DEPARTAMENTO DE ICA
2395022,2395022-2395022-683269-2037468-139004,139004,Bajamente Riesgosa,1,MEJORAMIENTO Y AMPLIACION DE LOS COLECTORES PRIMARIOS EN EL AREA DE DRENAJE DE LOS COLECTORES COMAS Y CHILL”N; DISTRITOS: CARABAYLLO; COMAS; LOS OLIVOS; SAN MARTIN DE PORRES E INDEPENDENCIA ; 5 DISTRITOS DE LA PROVINCIA DE LIMA - DEPARTAMENTO DE LIMA
2402106,2402106-94845-696507-2054187-109529,109529,Extremadamente Riesgosa,4,MEJORAMIENTO DE LOS SERVICIOS DE SALUD DEL SEGUNDO NIVEL; II1 DE COMPLEJIDAD DEL HOSPITAL LA UNI”N DEL DISTRITO DE LA UNI”N  PROVINCIA DE DOS DE MAYO  DEPARTAMENTO DE HU¡NUCO
2403503,2403503-167501-771812-2107949-155990,155990,Medianamente Riesgosa,2,Mejoramiento Y AmpliaciÛn De Los Sistemas De Agua Potable; Alcantarillado Y Tratamiento De Aguas Residuales Para El Esquema JosÈ G·lvez Sector315 Y Esquema Villa Alejandro en los distritos Villa MarÌa del Triunfo y LurÌn de la Provincia de Lima; departamento de Lima;- Etapa 1
2403504,2403504-95668-887027-2180323-83650,83650,Extremadamente Riesgosa,4,SECTORIZACI”N DEL SISTEMA DE AGUA POTABLE Y ALCANTARILLADO DE LA PARTE LATA DE CHORRILLOS: MATRIZ PR”CERES - CHORRILLOS 
2403922,2403922-258244-631773-2013670-115003,115003,Medianamente Riesgosa,2,MEJORAMIENTO Y AMPLIACION DEL SISTEMA DE TRATAMIENTO DE AGUAS RESIDUALES; PARA LOS DISTRITOS DE CAMAN¡; SAMUEL PASTOR Y NICOLAS DE PI…ROLA; PROVINCIA DE CAMAN¡; AREQUIPA
2403922,2403922-258244-633141-2013576-115003,115003,Bajamente Riesgosa,1,MEJORAMIENTO Y AMPLIACION DEL SISTEMA DE TRATAMIENTO DE AGUAS RESIDUALES; PARA LOS DISTRITOS DE CAMAN¡; SAMUEL PASTOR Y NICOLAS DE PI…ROLA; PROVINCIA DE CAMAN¡; AREQUIPA
2412703,2412703-2412703-777241-2164311-152911,152911,Extremadamente Riesgosa,4,CONSTRUCCI”N DEL ARCHIVO CENTRAL DE LA CONTRALORIA GENERAL DE LA REP⁄BLICA EN EL DISTRITO DE SANTA ROSA  LIMA
2412703,2412703-2412703-819493-2184883-161132,161132,Sin Riesgo,0,ElaboraciÛn del diseÒo (expediente tÈcnico) y ejecuciÛn de la obra; equipamiento y mobiliario de la Gerencia Regional de Control de Loreto
2412703,2412703-2412703-826086-2184736-152911,152911,Extremadamente Riesgosa,4,CONSTRUCCI”N DEL ARCHIVO CENTRAL DE LA CONTRALORIA GENERAL DE LA REP⁄BLICA EN EL DISTRITO DE SANTA ROSA  LIMA
2412955,2412955-2412955-649178-2025819-115008,115008,Extremadamente Riesgosa,4,AMPLIACI”N DE LOS SISTEMAS DE AGUA POTABLE Y ALCANTARILLADO EN NUEVAS HABILITACIONES PARTES ALTAS DE HUAYCAN II ;SECTORES 150; 151;152;153;154 DISTRITO ATE -PROVINCIA DE LIMA-DEPARTAMENTO DE LIMA.
2414831,2414831-2414831-632129-2007833-119177,119177,Medianamente Riesgosa,2,"CONTRATACION DEL SERVICIO DE CONSULTORIA DE OBRA ELABORACION DEL EXPEDIENTE TECNICO DEL PROYECTO: ""CREACI”N DEL SERVICIO DE RIEGO EN LOS DISTRITOS DE ACOBAMBA; POMACOCHA Y CAJA DE LA PROVINCIA DE ACOBAMBA; DEPARTAMENTO DE HUANCAVELICA"""
2425240,2425240-2425240-604345-2015515-105653,105653,Medianamente Riesgosa,2,InstalaciÛn de Puentes Modulares Zona Norte 1 La Libertad; conformado por el Puente CapulÌ; Cacique; Chahuin; Chuchalac; El Bosque; El Ingenio; El Molino; La Voladora y San SimÛn.
2425240,2425240-2425240-643287-2025634-129257,129257,Bajamente Riesgosa,1,EJECUCI”N DE OBRA: INSTALACI”N DEL PUENTE MODULAR: ACCOLLA; UBICADO EN EL DISTRITO DE SAISA; PROVINCIA DE LUCANAS; REGI”N AYACUCHO.
2425240,2425240-2425240-644176-2047150-129392,129392,Bajamente Riesgosa,1,EJECUCI”N DE LA OBRA: INSTALACI”N DEL PUENTE MODULAR: SOLITARIO; UBICADO EN EL DISTRITO DE HUANTAN; PROVINCIA DE YAUYOS; DEPARTAMENTO DE LIMA
2425240,2425240-2425240-645876-2010352-129614,129614,Medianamente Riesgosa,2,EJECUCI”N DE OBRA: INSTALACI”N DE PUENTE MODULAR: ACOPALLPA; UBICADO EN EL DISTRITO DE MACHAGUAY; PROVINCIA DE CASTILLA; DEPARTAMENTO DE AREQUIPA.
2425240,2425240-2425240-649549-2013506-129613,129613,Bajamente Riesgosa,1,EJECUCI”N DE OBRA: INSTALACI”N DE PUENTE MODULAR: HUACACHALOQUE; UBICADO EN EL DISTRITO DE SANTA; PROVINCIA DE SANTA; REGI”N ANCASH
2425240,2425240-2425240-649683-2019501-130452,130452,Bajamente Riesgosa,1,INSTALACI”N DEL PUENTE MODULAR COCHAPETI; DISTRITO DE CACERES DEL PERU; PROVINCIA DE SANTA; REGI”N ANCASH.
2425240,2425240-2425240-652455-2015002-130909,130909,Medianamente Riesgosa,2,INSTALACI”N DEL PUENTE MODULAR CEMENTERIO; DISTRITO CHIMBOTE PROVINCIA DE SANTA; REGI”N ANCASH.
2425240,2425240-2425240-653403-2015192-130759,130759,Medianamente Riesgosa,2,INSTALACI”N DEL PUENTE MODULAR LOS ARABES; DISTRITO Y PROVINCIA DE HUARMEY; REGI”N ANCASH.
2425240,2425240-2425240-654896-2016762-131498,131498,Bajamente Riesgosa,1,INSTALACI”N DEL PUENTE MODULAR EL INGENIO;; DISTRITO ANGASMARCA; PROVINCIA DE SANTIAGO DE CHUCO; REGI”N LA LIBERTAD.
2425240,2425240-2425240-654909-2017911-131543,131543,Medianamente Riesgosa,2,INSTALACI”N DEL PUENTE MODULAR TAMBO REAL; DISTRITO CHIMBOTE; PROVINCIA DE SANTA; REGI”N ANCASH.
2425240,2425240-2425240-655293-2022588-131543,131543,Medianamente Riesgosa,2,INSTALACI”N DEL PUENTE MODULAR TAMBO REAL; DISTRITO CHIMBOTE; PROVINCIA DE SANTA; REGI”N ANCASH.
2425240,2425240-2425240-655983-2017334-132111,132111,Medianamente Riesgosa,2,INSTALACI”N DEL PUENTE MODULAR CAPULI; DISTRITO MACHE; PROVINCIA DE LA OTUZCO; REGI”N LA LIBERTAD.
2425240,2425240-2425240-656768-2020868-130759,130759,Medianamente Riesgosa,2,INSTALACI”N DEL PUENTE MODULAR LOS ARABES; DISTRITO Y PROVINCIA DE HUARMEY; REGI”N ANCASH.
2427358,2427358-2427358-881574-2182436-169628,169628,Medianamente Riesgosa,2,MEJORAMIENTO DE LOS SERVICIOS DE SALUD DEL HOSPITAL TAMBOBAMBA; DISTRITO DE TAMBOBAMBA - PROVINCIA DE COTABAMBAS - DEPARTAMENTO DE APURIMAC
2427358,2427358-2427358-901959-2200762-169628,169628,Medianamente Riesgosa,2,MEJORAMIENTO DE LOS SERVICIOS DE SALUD DEL HOSPITAL TAMBOBAMBA; DISTRITO DE TAMBOBAMBA - PROVINCIA DE COTABAMBAS - DEPARTAMENTO DE APURIMAC
2428087,2428087-2428087-643231-2018416-129252,129252,Bajamente Riesgosa,1,MEJORAMIENTO Y AMPLIACION DEL SISTEMA DE ALCANTARILLADO Y TRATAMIENTO DE AGUAS RESIDUALES EN 7 DISTRITOS DE LA PROVINCIA DE TACNA - DEPARTAMENTO DE TACNA
2428087,2428087-2428087-680915-2032854-129252,129252,Bajamente Riesgosa,1,MEJORAMIENTO Y AMPLIACION DEL SISTEMA DE ALCANTARILLADO Y TRATAMIENTO DE AGUAS RESIDUALES EN 7 DISTRITOS DE LA PROVINCIA DE TACNA - DEPARTAMENTO DE TACNA
2428356,2428356-2428356-763890-2091852-152016,152016,Extremadamente Riesgosa,4,AMPLIACION DE LOS SERVICIOS DE ONCOLOGIA Y HEMODIALISIS DEL HOSPITAL REGIONAL DE CAJAMARCA; DISTRITO DE CAJAMARCA - PROVINCIA DE CAJAMARCA - DEPARTAMENTO DE CAJAMARCA
2428356,2428356-2428356-767107-2099542-152016,152016,Extremadamente Riesgosa,4,AMPLIACION DE LOS SERVICIOS DE ONCOLOGIA Y HEMODIALISIS DEL HOSPITAL REGIONAL DE CAJAMARCA; DISTRITO DE CAJAMARCA - PROVINCIA DE CAJAMARCA - DEPARTAMENTO DE CAJAMARCA
2446345,2446345-2446345-705281-2049567-142821,142821,Sin Riesgo,0,CREACION DEL SERVICIO DE PROTECCI”N CONTRA INUNDACIONES EN LA QUEBRADA DE SAN IDELFONSO; EN LOS DISTRITOS DE EL PORVENIR; TRUJILLO Y VICTOR LARCO HERRERA DE LA  PROVINCIA DE TRUJILLO - DEPARTAMENTO DE LA LIBERTAD - PAQUETE 2 DIQUES
2451550,2451550-2451550-702502-2059380-127427,127427,Extremadamente Riesgosa,4,MEJORAMIENTO DE LA CARRETERA IZCUCHACA - HUANTA; TRAMO: IZCUCHACA - MAYOCC DISTRITO DE IZCUCHACA - PROVINCIA DE HUANCAVELICA - DEPARTAMENTO DE HUANCAVELICA
2454755,2454755-2454755-621993-2003957-116356,116356,Medianamente Riesgosa,2,Mejoramiento del servicio de transitabilidad del camino vecinal; emp. PE-5N (Dv. Yacucatina) - Utcurarca - Machungo - Sauce; Distritos de Juan Guerra; Alberto Leveau; Sauce y Pilluana; Provincia de San MartÌn y Picota; Departamento de San MartÌn.
2454755,2454755-2454755-837834-2161318-116356,116356,Medianamente Riesgosa,2,Mejoramiento del servicio de transitabilidad del camino vecinal; emp. PE-5N (Dv. Yacucatina) - Utcurarca - Machungo - Sauce; Distritos de Juan Guerra; Alberto Leveau; Sauce y Pilluana; Provincia de San MartÌn y Picota; Departamento de San MartÌn.
2470680,2470680-2470680-693030-2055637-138923,138923,Extremadamente Riesgosa,4,MEJORAMIENTO DE LA CARRETERA RUTA PE-1N T; TRAMO: PAIMAS - AYABACA - EMP. PE-3N (SOCCHABAMBA)
2471722,2471722-2471722-818155-2130970-164856,164856,Medianamente Riesgosa,2,"PIP: ""MEJORAMIENTO DEL SERVICIO DE HABITABILIDAD INSTITUCIONAL Y DE VIVIENDAS DE LAS UNIDADES ACANTONADAS EN EL FUERTE GRAL. DE DIVISI”N RAFAEL HOYOS RUBIO; UBICADO EN EL DISTRITO DEL RIMAC - DPTO/PROV LIMA - LIMA"""
2471736,2471736-2471736-655576-2020834-131605,131605,Extremadamente Riesgosa,4,MEJORAMIENTO DE LA INFRAESTRUCTURA DE RIEGO DEL CANAL DE IRRIGACI”N MARGEN IZQUIERDA DEL RÕO SISA DE LOS DISTRITOS DE SAN PABLO; SAN HILARION; PUERTO RICO Y DISTRITO DE CASPISAPA - PROVINCIA DE PICOTA - DEPARTAMENTO DE SAN MARTIN 
2472603,2472603-2472603-656014-2036906-132120,132120,Extremadamente Riesgosa,4,CONSTRUCCION DE PUENTES POR REEMPLAZO EN SULLANA TAMBOGRANDE PAIMAS
2473375,2473375-2473375-769507-2097720-153456,153456,Sin Riesgo,0,ESTUDIO DEFINITIVO DE INGENIERIA DEL PROYECTO DE CONSTRUCCION VIA EXPRESA SANTA ROSA -VESR
2479971,2479971-2479971-820095-2143955-165523,165523,Sin Riesgo,0,SERVICIO DE CONSULTORIA DE SUPERVISION DE LA OBRA AMPLIACION Y MEJORAMIENTO DEL SISTEMA DE ABASTECIMIENTO DE AGUA POTABLE EN LOS DISTRITOS DE SOCABAYA; SABANDIA Y CHARACATO DE LA PROVINCIA DE AREQUIPA; DEPARTAMENTO DE AREQUIPA
2479971,2479971-2479971-892317-2186347-163741,163741,Medianamente Riesgosa,2,OBRA: AMPLIACION Y MEJORAMIENTO DEL SISTEMA DE ABASTECIMIENTO DE AGUA POTABLE EN LOS DISTRITOS DE SOCABAYA; SABANDIA Y CHARACATO DE LA PROVINCIA DE AREQUIPA; DEPARTAMENTO DE AREQUIPA
2487020,2487020-2487020-702640-2062038-129393,129393,Extremadamente Riesgosa,4,Mejoramiento y ampliacion del servicio de agua para riego del Sistema de Riego Yanapujio-Valle de Tambo en los distritos de IchuÒa y Ubinas de la provincia de General Sanchez Cerro del departamento de Moquegua y la provincia de Islay del departamento de Arequipa Codigo Unico de Inversion CUI N 2487020
2487020,2487020-2487020-707056-2061035-129393,129393,Extremadamente Riesgosa,4,Mejoramiento y ampliacion del servicio de agua para riego del Sistema de Riego Yanapujio-Valle de Tambo en los distritos de IchuÒa y Ubinas de la provincia de General Sanchez Cerro del departamento de Moquegua y la provincia de Islay del departamento de Arequipa Codigo Unico de Inversion CUI N 2487020
2489058,2489058-2489058-891853-2187416-500659,500659,Medianamente Riesgosa,2,MEJORAMIENTO Y AMPLIACI”N DE LA INFRAESTRUCTURA VIAL DE LA AVENIDA ABELARDO QUI—ONES EN LOS DISTRITOS DE BEL…N Y SAN JUAN BAUTISTA DE LA PROVINCIA DE MAYNAS - DEPARTAMENTO DE LORETO
2489058,2489058-2489058-894077-2187247-500659,500659,Sin Riesgo,0,MEJORAMIENTO Y AMPLIACI”N DE LA INFRAESTRUCTURA VIAL DE LA AVENIDA ABELARDO QUI—ONES EN LOS DISTRITOS DE BEL…N Y SAN JUAN BAUTISTA DE LA PROVINCIA DE MAYNAS - DEPARTAMENTO DE LORETO
2493096,2493096-2493096-652517-2033185-130851,130851,Extremadamente Riesgosa,4,MEJORAMIENTO DEL SERVICIO DE TRANSITABILIDAD VEHICULAR DE LA CARRETERA DEPARTAMENTAL AN-106-100KM TRAMO (YUNGAY; LLANGANUCO; YANAMA VAQUERIA; PUENTE LLACMA) EN LOS DISTRITOS DE YUNGAY Y YANAMA; DE LA PROVINCIA DE YUNGAY
2494144,2494144-2494144-792971-2132605-158003,158003,Extremadamente Riesgosa,4,MEJORAMIENTO Y AMPLIACION DEL SERVICIO DE FORMACI”N PROFESIONAL EN LA UNIVERSIDAD NACIONAL INTERCULTURAL DE LA SELVA CENTRAL JUAN SANTOS ATAHUALPA - DISTRITO DE PICHANAQUI - PROVINCIA DE CHANCHAMAYO - DEPARTAMENTO DE JUNIN
2494144,2494144-2494144-862805-2165816-158003,158003,Extremadamente Riesgosa,4,MEJORAMIENTO Y AMPLIACION DEL SERVICIO DE FORMACI”N PROFESIONAL EN LA UNIVERSIDAD NACIONAL INTERCULTURAL DE LA SELVA CENTRAL JUAN SANTOS ATAHUALPA - DISTRITO DE PICHANAQUI - PROVINCIA DE CHANCHAMAYO - DEPARTAMENTO DE JUNIN
2494306,2494306-2494306-686122-2046729-138963,138963,Extremadamente Riesgosa,4,CONSTRUCCION DE COLECTOR PRIMARIO; EN EL(LA) TRAMO DEL COLECTOR CIRCUNVALACI”N DESDE LA AV. SANTIAGO DE SURCO CON AV. LOS PROCERES DISTRITO SANTIAGO DE SURCO HASTA LA AV. SANTA ROSA CON AV. SANTA TERESA  DISTRITO DE CHORRILLOS; PROVINCIA LIMA; DEPARTAMENTO LIMA
2495613,2495613-2495613-704327-2069511-142811,142811,Extremadamente Riesgosa,4,CREACION DEL ANTEPUERTO DEL CALLAO Y MEJORAMIENTO DE VIAS DE ACCESO AL PUERTO Y ANTEPUERTO CALLAO DEL DISTRITO DE CALLAO - PROVINCIA CONSTITUCIONAL DEL CALLAO - DEPARTAMENTO DE CALLAO
2496772,2496772-2496772-701979-2046977-141923,141923,Bajamente Riesgosa,1,CREACION DE SERVICIO DE PROTECCION FRENTE A INUNDACIONES EN AMBAS MARGENES DEL RIO TUMBES; EN TRAMOS VULNERABLES DESDE LA ESTACION EL TIGRE HASTA LA SALIDA AL MAR; EN LOS DISTRITOS DE PAMPAS DE HOSPITAL; SAN JACINTO; SAN JUAN DE LA VIRGEN; CORRALES Y TUMBES; PROVINCIA DE TUMBES; DEPARTAMENTO DE TUMBES
2498739,2498739-2498739-701912-2046940-141927,141927,Bajamente Riesgosa,1,CREACION DEL SERVICIO DE PROTECCI”N CONTRA INUNDACIONES DEL RÕO CA—ETE ENTRE EL TRAMO DESEMBOCADURA DEL RIO CA—ETE - LOCALIDAD DE PAULLO EN LOS DISTRITOS DE SAN VICENTE DE CA—ETE; NUEVO IMPERIAL Y LUNAHUANA DE LA  PROVINCIA DE CA—ETE - DEPARTAMENTO DE LIMA - PAQUETE 01
2499818,2499818-2499818-719600-2060109-145004,145004,Bajamente Riesgosa,1,CREACION DEL SERVICIO DE PROTECCI”N EN RIBERAS DEL RÕO LACRAMARCA VULNERABLES ANTE PELIGROS DE INUNDACI”N; EN 58 COMUNIDADES EN LOS DISTRITOS DE MACATE; CACERES DEL PERU Y CHIMBOTE DE LA  PROVINCIA DE SANTA - DEPARTAMENTO DE ANCASH
2499886,2499886-2499886-701912-2046940-141926,141926,Bajamente Riesgosa,1,CREACION DEL SERVICIO DE PROTECCI”N EN LAS RIBERAS DEL RÕO HUAURA VULNERABLE ANTE PELIGRO DE INUNDACIONES EN LAS LOCALIDADES DE 5 DISTRITOS DE LA PROVINCIA DE OYON Y 6 DISTRITOS DE LA PROVINCIA DE HUAURA - DEPARTAMENTO DE LIMA - PAQUETE 01
2500094,2500094-2500094-781513-2101534-157697,157697,Sin Riesgo,0,CREACION DEL SERVICIO DE PROTECCI”N CONTRA INUNDACIONES POR RIO ZA—A Y AFLUENTES; DISTRITOS DE OYOT⁄N; NUEVA ARICA; CAYALTÕ; ZA—A;LAGUNAS-MOCUPE Y NANCHOC; DE LA PROVINCIA DE CHICLAYO DEL DEPARTAMENTO DE LAMBAYEQUE Y LA PROVINCIA DE SAN MIGUEL DEL DEPARTAMENTO DE CAJAMARCA
2501291,2501291-2501291-715869-2057425-144753,144753,Bajamente Riesgosa,1,CREACION DEL SERVICIO DE PROTECCI”N ANTE PELIGRO DE INUNDACIONES EN AMBAS MARGENES DEL RIO HUARMEY; DESDE EL SECTOR HUAMBA HASTA LA SALIDA AL MAR; EN LOS DISTRITOS DE HUARMEY Y HUAYAN DE LA  PROVINCIA DE HUARMEY - DEPARTAMENTO DE ANCASH
2501395,2501395-2501395-715869-2057425-144752,144752,Bajamente Riesgosa,1,CREACION DEL SERVICIO DE PROTECCI”N ANTE INUNDACIONES EN EL RÕO CASMA; RÕO SECHIN Y RÕO GRANDE EN LOS DISTRITOS DE COMANDANTE NOEL; BUENA VISTA; CASMA Y YAUTAN - 4 DISTRITOS DE LA PROVINCIA DE CASMA - DEPARTAMENTO DE ANCASH - SECHÕN
2501633,2501633-2501633-830937-2142082-161960,161960,Extremadamente Riesgosa,4,AMPLIACION DE LOS SERVICIOS DE AGUA POTABLE Y ALCANTARILLADO PARA LAS NUEVAS HABILITACIONES DEL ESQUEMA SANTA ROSA Y ANCON EN LOS DISTRITOS DE SANTA ROSA Y ANCON DE LA PROVNCIA DE LIMA - DEPARTAMENTO DE LIMA
2501633,2501633-2501633-831096-2149812-167630,167630,Extremadamente Riesgosa,4,SUPERVISION DEL EXPEDIENTE TECNICO -AMPLIACION DE LOS SERVICIOS DE AGUA POTABLE Y ALCANTARILLADO PARA LAS NUEVAS HABILITACIONES DEL ESQUEMA SANTA ROSA Y ANC”N EN LOS DISTRITOS DE SANTA ROSA Y ANCON DE LA PROVINCIA DE LIMA - DEPARTAMENTO DE LIMA
2501657,2501657-2501657-719510-2060104-145483,145483,Bajamente Riesgosa,1,MEJORAMIENTO Y AMPLIACION DEL SERVICIO DE PROTECCION CONTRA INUNDACIONES EN AMBAS MARGENES DEL RIO VIRU Y AFLUENTES; DISTRITO DE CARABAMBA Y VIRU - PROVINCIAS DE JULCAN Y VIRU - DEPARTAMENTO DE LA LIBERTAD
2501721,2501721-2501721-719510-2060104-145484,145484,Bajamente Riesgosa,1,CREACION DEL SERVICIO DE PROTECCI”N CONTRA DESBORDES DE QUEBRADAS NORTE VERDE; QUENETO; CEREALES; EL ARENAL Y HUASCARAN;  DISTRITO DE VIRU - PROVINCIA DE VIRU - DEPARTAMENTO DE LA LIBERTAD.
2501802,2501802-2501802-719510-2060104-145481,145481,Bajamente Riesgosa,1,MEJORAMIENTO Y AMPLIACION DEL SERVICIO DE PROTECCI”N CONTRA INUNDACIONES; EN AMBAS MARGENES DEL RIO CHICAMA; TRAMO DE LA DESEMBOCADURA AL OCEANO PACIFICO HASTA EL PUENTE PUNTA MORENO; DISTRITO DE ASCOPE; CHICAMA; MAGDALENA DE CAO; CASA GRANDE; SANTIAGO DE CAO Y SAN BENITO DE LA PROVINCIA DE ASCOPE DEL DEPARTAMENTO DE LA LIBERTAD Y LA PROVINCIA DE CONTUMAZA DEL DEPARTAMENTO DE CAJAMARCA
2502679,2502679-2502679-750568-2089687-152012,152012,Extremadamente Riesgosa,4,MEJORAMIENTO Y AMPLIACION DE LOS SERVICIOS DE SALUD DEL ESTABLECIMIENTO DE SALUD SIMON BOLIVAR DISTRITO DE CAJAMARCA - PROVINCIA DE CAJAMARCA - DEPARTAMENTO DE CAJAMARCA
2502679,2502679-2502679-767031-2107161-152012,152012,Extremadamente Riesgosa,4,MEJORAMIENTO Y AMPLIACION DE LOS SERVICIOS DE SALUD DEL ESTABLECIMIENTO DE SALUD SIMON BOLIVAR DISTRITO DE CAJAMARCA - PROVINCIA DE CAJAMARCA - DEPARTAMENTO DE CAJAMARCA
2502822,2502822-2502822-749611-2090784-148627,148627,Medianamente Riesgosa,2,MEJORAMIENTO Y AMPLIACION DE LOS SERVICIOS DE TRANSITABILIDAD VIAL URBANA Y TURISMO; DESVIO PAMPAMARCA; TUNGASUCA; SURIMANA; DISTRITOS DE PAMPAMARCA Y TUPAC AMARU; PROVINCIA DE CANAS; DEPARTAMENTO DE CUSCO
2502822,2502822-2502822-782486-2112848-148627,148627,Bajamente Riesgosa,1,MEJORAMIENTO Y AMPLIACION DE LOS SERVICIOS DE TRANSITABILIDAD VIAL URBANA Y TURISMO; DESVIO PAMPAMARCA; TUNGASUCA; SURIMANA; DISTRITOS DE PAMPAMARCA Y TUPAC AMARU; PROVINCIA DE CANAS; DEPARTAMENTO DE CUSCO
2503297,2503297-2503297-705281-2049567-142822,142822,Bajamente Riesgosa,1,CREACION DE LOS SERVICIOS DE PROTECCI”N CONTRA INUNDACIONES MEDIANTE CAPTACI”N; CONTROL Y DERIVACI”N HACIA EL MAR DE LAS AGUAS DE LAS AVENIDAS DE LA QUEBRADA DE SAN CARLOS DE LA CUENCA DEL CERRO CENTINELA;  DISTRITO DE LAREDO - PROVINCIA DE TRUJILLO - DEPARTAMENTO DE LA LIBERTAD - PAQUETE 3 DIQUES
2506092,2506092-2506092-933575-2201164-505383,505383,Sin Riesgo,0,CREACION DEL SERVICIO DE PROTECCI”N ANTE INUNDACIONES EN EL RÕO MALA; EN LOS DISTRITOS DE MALA; SAN ANTONIO; SANTA CRUZ DE FLORES Y CALANGO - 4 DISTRITOS DE LA PROVINCIA DE CA—ETE - DEPARTAMENTO DE LIMA
2506324,2506324-2506324-781513-2101534-157698,157698,Sin Riesgo,0,MEJORAMIENTO Y AMPLIACION DEL SERVICIO DE PROTECCI”N FRENTE A INUNDACIONES EN LA CUENCA DEL RIO OLMOS; EN 27 CENTROS POBLADOS EN LOS DISTRITOS DE OLMOS; JAYANCA Y HUARMACA EN LA PROVINCIA DE LAMBAYEQUE DEL DEPARTAMENTO DE LAMBAYEQUE Y LA PROVINCIA DE HUANCABAMBA DEL DEPARTAMENTO DE PIURA
2508148,2508148-2508148-718827-2059561-145003,145003,Bajamente Riesgosa,1,CREACION DE LOS SERVICIOS DE PROTECCI”N CONTRA INUNDACIONES DE LAS AGUAS DE LAS AVENIDAS DE LA CUENCA DE LA QUEBRADA EL LE”N EN LOS DISTRITOS DE LA ESPERANZA Y HUANCHACO DE LA  PROVINCIA DE TRUJILLO - DEPARTAMENTO DE LA LIBERTAD - PAQUETE C1
2509330,2509330-2509330-835772-2149848-168500,168500,Medianamente Riesgosa,2,CREACION DEL SERVICIO DE AGUA PARA RIEGO EN LAS COMISIONES DE USUARIOS DE CAIRANI; HUANUARA; QUILAHUANI Y DISTRITO DE CANDARAVE - PROVINCIA DE CANDARAVE - DEPARTAMENTO DE TACNA
2510582,2510582-2510582-794558-2121907-142752,142752,Extremadamente Riesgosa,4,MEJORAMIENTO DE LA CARRETERA EMP-1NR(YAPATERA)-FATIMA-CHAPICA EL CARMELO- PALO BLANCO-CHILILIQUE ALTO (SALIDA)-PLATANAL ALTO-PAMPA DE RAMADA-HUASIPE-LIMON-TUCAQUE-MASTRANTE-FRIAS; DISTRITO DE FRIAS; DEL DISTRITO DE CHULUCANAS; LAS PROVINCIAS DE MORROPON Y AYABACA DEL DEPARTAMENTO DE PIURA
2510582,2510582-2510582-795515-2115293-142752,142752,Extremadamente Riesgosa,4,MEJORAMIENTO DE LA CARRETERA EMP-1NR(YAPATERA)-FATIMA-CHAPICA EL CARMELO- PALO BLANCO-CHILILIQUE ALTO (SALIDA)-PLATANAL ALTO-PAMPA DE RAMADA-HUASIPE-LIMON-TUCAQUE-MASTRANTE-FRIAS; DISTRITO DE FRIAS; DEL DISTRITO DE CHULUCANAS; LAS PROVINCIAS DE MORROPON Y AYABACA DEL DEPARTAMENTO DE PIURA
2511978,2511978-2511978-715875-2057224-141280,141280,Sin Riesgo,0,RECUPERACI”N DE LOS SERVICIOS DE SALUD DEL HOSPITAL APOYO CASMA II-1; DISTRITO DE CASMA; PROVINCIA CASMA; REGI”N ANCASH
2512108,2512108-2512108-719115-2070204-142870,142870,Medianamente Riesgosa,2,CREACION DEL SERVICIO EDUCATIVO EN LOS NIVELES INICIAL; PRIMARIA Y SECUNDARIA DE LA I.E. GRAN UNIDAD ESCOLAR MAJES; EN EL MODULO E DE CIUDAD MAJES DEL DISTRITO DE MAJES - PROVINCIA DE CAYLLOMA - DEPARTAMENTO DE AREQUIPA
2524692,2524692-2524692-838734-2137079-168881,168881,Sin Riesgo,0,MEJORAMIENTO Y AMPLIACION DE SERVICIO DE PROTECCION ANTE AVENIDAS EXTREMAS EN LA QUEBRADA CANSAS/CHANCHAJALLA DE LOS SECTORES LOS ROSALES; LA TINGUI—A Y CHANCHAJALLA DEL DISTRITO DE LA TINGUI—A - PROVINCIA DE ICA - DEPARTAMENTO DE ICA
2525415,2525415-2525415-850175-2170878-171833,171833,Extremadamente Riesgosa,4,AMPLIACION DE LOS SERVICIOS DE AGUA POTABLE Y ALCANTARILLADO PARA LAS NUEVAS HABILITACIONES DEL ESQUEMA —A—A DEL DISTRITO DE LURIGANCHO - PROVINCIA DE LIMA - DEPARTAMENTO DE LIMA
2525415,2525415-2525415-864537-2169921-171833,171833,Extremadamente Riesgosa,4,AMPLIACION DE LOS SERVICIOS DE AGUA POTABLE Y ALCANTARILLADO PARA LAS NUEVAS HABILITACIONES DEL ESQUEMA —A—A DEL DISTRITO DE LURIGANCHO - PROVINCIA DE LIMA - DEPARTAMENTO DE LIMA
2525722,2525722-2525722-907015-2199913-502191,502191,Medianamente Riesgosa,2,CREACION DE LOS SERVICIOS DE SALUD DEL HOSPITAL PAPA FRANCISCO DE MANCHAY; DISTRITO DE PACHACAMAC - PROVINCIA DE LIMA - DEPARTAMENTO DE LIMA
2525796,2525796-2525796-807059-2115965-162538,162538,Sin Riesgo,0,MEJORAMIENTO Y AMPLIACION DEL SERVICIO DE PROTECCI”N ANTE INUNDACIONES Y MOVIMIENTO DE MASAS EN LA QUEBRADA HUAYCOLORO; DISTRITO DE SAN ANTONIO - PROVINCIA DE HUAROCHIRI - DEPARTAMENTO DE LIMA
2526257,2526257-2526257-787803-2120506-157638,157638,Extremadamente Riesgosa,4,MEJORAMIENTO Y AMPLIACION DE LOS SERVICIOS DE SALUD ESPECIALIZADOS DEL HOSPITAL REGIONAL DE LORETO ''FELIPE ARRIOLA IGLESIAS''EN EL DISTRITO DE PUNCHANA -PROVINCIA DE MAYNAS -DEPARTAMENTO DE LORETO
2526257,2526257-2526257-818891-2141124-157638,157638,Extremadamente Riesgosa,4,MEJORAMIENTO Y AMPLIACION DE LOS SERVICIOS DE SALUD ESPECIALIZADOS DEL HOSPITAL REGIONAL DE LORETO ''FELIPE ARRIOLA IGLESIAS''EN EL DISTRITO DE PUNCHANA -PROVINCIA DE MAYNAS -DEPARTAMENTO DE LORETO
2527677,2527677-2527677-933478-2201070-505394,505394,Sin Riesgo,0,MEJORAMIENTO Y AMPLIACION DEL SERVICIO DE PROTECCION FRENTE A INUNDACIONES EN AMBAS MARGENES DEL RIO CHANCAY - TRAMO PUENTE SAN CARLOS - DISTRITO DE LLAMA - DEPARTAMENTO DE CAJAMARCA ; HASTA LA DESEMBOCADURA DEL MAR EN LOS DISTRITOS DE ETEN ; CHONGOYAPE ; MONSEFU ; PATAPO ; POMALCA ; PUCALA ; REQUE ; SA—A ; TUMAN - 9 DISTRITOS DE LA PROVINCIA DE CHICLAYO - DEPARTAMENTO DE LAMBAYEQUE
2530648,2530648-2530648-798195-2131672-151347,151347,Medianamente Riesgosa,2,AMPLIACI”N DE LA ELECTRIFICACI”N RURAL EN LAS PROVINCIAS DE DATEM DEL MARA—ON Y LORETO; REGI”N LORETO
2530648,2530648-2530648-873095-2175081-151347,151347,Sin Riesgo,0,AMPLIACI”N DE LA ELECTRIFICACI”N RURAL EN LAS PROVINCIAS DE DATEM DEL MARA—ON Y LORETO; REGI”N LORETO
2532678,2532678-2532678-818927-2123971-164917,164917,Bajamente Riesgosa,1,MEJORAMIENTO Y AMPLIACION DEL SERVICIO DE DRENAJE PLUVIAL INTEGRAL DE LA CIUDAD DE SULLANA BELLAVISTA EN LOS DISTRITOS DE SULLANA Y BELLAVISTA DE LA  PROVINCIA DE SULLANA DEPARTAMENTO DE PIURA
2532763,2532763-2532763-829462-2130739-166726,166726,Bajamente Riesgosa,1,MEJORAMIENTO Y AMPLIACION DEL SERVICIO DE DRENAJE PLUVIAL INTEGRAL DE LA CIUDAD DE TALARA DEL DISTRITO DE PARI—AS - PROVINCIA DE TALARA - DEPARTAMENTO DE PIURA
2534855,2534855-2534855-779529-2122319-157262,157262,Extremadamente Riesgosa,4,MEJORAMIENTO Y AMPLIACION DE LOS SERVICIOS DE SALUD DEL HOSPITAL DE APOYO CELENDIN DEL DISTRITO DE CELENDIN - PROVINCIA DE CELENDIN - DEPARTAMENTO DE CAJAMARCA
2534855,2534855-2534855-803552-2122374-157262,157262,Extremadamente Riesgosa,4,MEJORAMIENTO Y AMPLIACION DE LOS SERVICIOS DE SALUD DEL HOSPITAL DE APOYO CELENDIN DEL DISTRITO DE CELENDIN - PROVINCIA DE CELENDIN - DEPARTAMENTO DE CAJAMARCA
2539202,2539202-2539202-880875-2170206-179053,179053,Sin Riesgo,0,CREACION DEL SERVICIO DE DRENAJE PLUVIAL EN EL AMBITO URBANO DE 5 DISTRITOS DE LA PROVINCIA DE TRUJILLO - DEPARTAMENTO DE LA LIBERTAD
2539902,2539902-2539902-779518-2119958-157263,157263,Extremadamente Riesgosa,4, MEJORAMIENTO Y AMPLIACION DE LOS SERVICIOS DE SALUD DEL HOSPITAL JOSE SOTO CADENILLAS DE CHOTA; DISTRITO DE CHOTA - PROVINCIA DE CHOTA - DEPARTAMENTO DE CAJAMARCA
2539902,2539902-2539902-789743-2119072-157263,157263,Extremadamente Riesgosa,4, MEJORAMIENTO Y AMPLIACION DE LOS SERVICIOS DE SALUD DEL HOSPITAL JOSE SOTO CADENILLAS DE CHOTA; DISTRITO DE CHOTA - PROVINCIA DE CHOTA - DEPARTAMENTO DE CAJAMARCA
2540449,2540449-2540449-804591-2127248-161130,161130,Extremadamente Riesgosa,4,MEJORAMIENTO DEL CANAL DE IRRIGACION  IRCHIM  DESDE EL KM 0 000 AL KM 40 100; ¡MBITO DEL P.E. CHINECAS EN EL  DISTRITO DE CHIMBOTE; PROVINCIA DE SANTA; DEPARTAMENTO DE ANCASH
2542271,2542271-2542271-881598-2170756-179057,179057,Sin Riesgo,0,MEJORAMIENTO Y AMPLIACION DEL SERVICIO DE DRENAJE PLUVIAL DE LA CIUDAD DE PAITA DEL DISTRITO DE PAITA - PROVINCIA DE PAITA - DEPARTAMENTO DE PIURA
2542639,2542639-2542639-882742-2171762-179281,179281,Sin Riesgo,0,MEJORAMIENTO Y AMPLIACION DEL SERVICIO DE DRENAJE PLUVIAL URBANO EN LOS CENTROS POBLADOS DE TUMBES Y PUEBLO NUEVO; EN LOS DISTRITOS DE TUMBES Y CORRALES DE LA PROVINCIA DE TUMBES - DEPARTAMENTO DE TUMBES
2545188,2545188-2545188-881533-2170533-179056,179056,Bajamente Riesgosa,1,CREACION DEL SERVICIO DE DRENAJE PLUVIAL EN EL ¡MBITO URBANO DE 4 DISTRITOS DE LA PROVINCIA DE CHICLAYO - DEPARTAMENTO DE LAMBAYEQUE
2555903,2555903-2555903-896909-2184770-176267,176267,Extremadamente Riesgosa,4,MEJORAMIENTO DE LA TRANSITABILIDAD VIAL INTERURBANA DE LA CARRETERA DEPARTAMENTAL UC-103 EN EL TRAMO NUEVA REQUENA - SAN JOS… EN LOS DISTRITOS DE YARINACOCHA Y NUEVA REQUENA DE LA PROVINCIA DE CORONEL PORTILLO - DEPARTAMENTO DE UCAYALI
2560253,2560253-2560253-872989-2168467-176993,176993,Extremadamente Riesgosa,4,RECONSTRUCCI”N DEL HOSPITAL DE APOYO SAUL GARRIDO ROSILLO II-1; DISTRITO DE TUMBES - PROVINCIA DE TUMBES - DEPARTAMENTO DE TUMBES
2560253,2560253-2560253-873027-2175066-176993,176993,Extremadamente Riesgosa,4,RECONSTRUCCI”N DEL HOSPITAL DE APOYO SAUL GARRIDO ROSILLO II-1; DISTRITO DE TUMBES - PROVINCIA DE TUMBES - DEPARTAMENTO DE TUMBES
